,Order,PID,MS SubClass,MS Zoning,Lot Frontage,Lot Area,Street,Alley,Lot Shape,Land Contour,Utilities,Lot Config,Land Slope,Neighborhood,Condition 1,Condition 2,Bldg Type,House Style,Overall Qual,Overall Cond,Year Built,Year Remod/Add,Roof Style,Roof Matl,Exterior 1st,Exterior 2nd,Mas Vnr Type,Mas Vnr Area,Exter Qual,Exter Cond,Foundation,Bsmt Qual,Bsmt Cond,Bsmt Exposure,BsmtFin Type 1,BsmtFin SF 1,BsmtFin Type 2,BsmtFin SF 2,Bsmt Unf SF,Total Bsmt SF,Heating,Heating QC,Central Air,Electrical,1st Flr SF,2nd Flr SF,Low Qual Fin SF,Gr Liv Area,Bsmt Full Bath,Bsmt Half Bath,Full Bath,Half Bath,Bedroom AbvGr,Kitchen AbvGr,Kitchen Qual,TotRms AbvGrd,Functional,Fireplaces,Fireplace Qu,Garage Type,Garage Yr Blt,Garage Finish,Garage Cars,Garage Area,Garage Qual,Garage Cond,Paved Drive,Wood Deck SF,Open Porch SF,Enclosed Porch,3Ssn Porch,Screen Porch,Pool Area,Pool QC,Fence,Misc Feature,Misc Val,Mo Sold,Yr Sold,Sale Type,Sale Condition,SalePrice,price_per_sqft,qual_tier,expected_psf,group_size,buy,house_age,years_since_remodel,total_sqft,total_bathrooms,qual_x_cond
989,990,526351030,20,RL,87.0,11029,Pave,,IR1,Lvl,AllPub,Corner,Gtl,NAmes,Norm,Norm,1Fam,1Story,6,8,1958,2002,Hip,CompShg,MetalSd,MetalSd,,0.0,Ex,TA,CBlock,Gd,TA,No,ALQ,528.0,BLQ,411.0,245.0,1184.0,GasA,Ex,Y,SBrkr,1414,0,0,1414,1.0,0.0,1,0,3,1,TA,6,Min1,1,TA,Attchd,1990.0,Unf,2.0,601.0,TA,TA,Y,0,51,0,0,190,0,,,,0,5,2008,WD ,Normal,176500,124.82319660537482,mid,119.93108584399036,82,0,50,6,2598.0,2.0,48
990,991,526353050,20,RL,,12925,Pave,,IR1,Lvl,AllPub,Corner,Gtl,NAmes,Norm,Norm,1Fam,1Story,6,7,1970,1970,Gable,CompShg,BrkFace,Plywood,,0.0,TA,TA,CBlock,TA,TA,Mn,BLQ,865.0,Unf,0.0,340.0,1205.0,GasA,Ex,Y,SBrkr,2117,0,0,2117,0.0,0.0,2,1,4,1,TA,7,Typ,2,Gd,Attchd,1970.0,Fin,2.0,550.0,TA,TA,Y,0,42,0,0,0,0,,,,0,5,2008,WD ,Normal,237500,112.18705715635333,mid,119.93108584399036,82,0,38,38,3322.0,2.5,42
991,992,526354070,60,RL,85.0,11075,Pave,,Reg,Lvl,AllPub,Inside,Gtl,NAmes,Norm,Norm,1Fam,2Story,6,5,1969,1969,Gable,CompShg,HdBoard,HdBoard,,0.0,TA,TA,CBlock,Fa,TA,Mn,ALQ,500.0,LwQ,276.0,176.0,952.0,GasA,TA,Y,SBrkr,1092,1020,0,2112,0.0,0.0,2,1,4,1,TA,9,Typ,2,Gd,Attchd,1969.0,Unf,2.0,576.0,TA,TA,Y,280,0,0,0,0,0,,,,0,6,2008,WD ,Normal,206900,97.96401515151516,mid,119.93108584399036,82,1,39,39,3064.0,2.5,30
992,993,527105050,60,RL,72.0,8702,Pave,,IR1,Lvl,AllPub,Inside,Gtl,Gilbert,Norm,Norm,1Fam,2Story,6,5,1997,1998,Gable,CompShg,VinylSd,VinylSd,,0.0,TA,TA,PConc,TA,TA,No,BLQ,706.0,Unf,0.0,220.0,926.0,GasA,Ex,Y,SBrkr,926,678,0,1604,0.0,0.0,2,1,3,1,TA,7,Typ,1,TA,Attchd,1997.0,Fin,2.0,470.0,TA,TA,Y,0,36,0,0,0,0,,,,0,4,2008,WD ,Normal,187500,116.89526184538653,mid,113.11625941178417,16,0,11,10,2530.0,2.5,30
993,994,527106050,60,RL,65.0,8139,Pave,,Reg,Lvl,AllPub,Inside,Gtl,Gilbert,Norm,Norm,1Fam,2Story,6,5,1995,1996,Gable,CompShg,VinylSd,VinylSd,BrkFace,119.0,TA,TA,PConc,Gd,TA,No,ALQ,476.0,Unf,0.0,204.0,680.0,GasA,Gd,Y,SBrkr,680,790,0,1470,0.0,0.0,2,1,3,1,TA,7,Typ,1,TA,BuiltIn,1995.0,Fin,2.0,420.0,TA,TA,Y,192,49,0,0,0,0,,,,0,10,2008,WD ,Normal,165000,112.24489795918367,mid,113.11625941178417,16,0,13,12,2150.0,2.5,30
994,995,527106140,60,RL,59.0,9535,Pave,,IR1,Lvl,AllPub,Inside,Gtl,Gilbert,Norm,Norm,1Fam,2Story,6,5,1998,1998,Gable,CompShg,VinylSd,VinylSd,,0.0,TA,TA,PConc,Gd,TA,Gd,GLQ,851.0,Unf,0.0,75.0,926.0,GasA,Ex,Y,SBrkr,926,678,0,1604,0.0,0.0,2,1,3,1,TA,7,Typ,0,,Attchd,1998.0,Fin,2.0,472.0,TA,TA,Y,100,82,0,0,0,0,,,,0,5,2008,WD ,Normal,195500,121.88279301745636,mid,113.11625941178417,16,0,10,10,2530.0,2.5,30
995,996,527106150,60,RL,59.0,9042,Pave,,IR1,Lvl,AllPub,Inside,Gtl,Gilbert,Norm,Norm,1Fam,2Story,6,5,1998,1998,Gable,CompShg,VinylSd,VinylSd,,0.0,TA,TA,PConc,Gd,TA,Gd,GLQ,828.0,Unf,0.0,115.0,943.0,GasA,Gd,Y,SBrkr,943,695,0,1638,1.0,0.0,2,1,3,1,TA,7,Typ,2,TA,Attchd,1998.0,Fin,2.0,472.0,TA,TA,Y,100,38,0,0,0,0,,,,0,7,2008,WD ,Normal,192000,117.21611721611721,mid,113.11625941178417,16,0,10,10,2581.0,3.5,30
996,997,527107010,60,RL,,15038,Pave,,IR2,Lvl,AllPub,Corner,Gtl,Gilbert,Norm,Norm,1Fam,2Story,6,5,1996,1996,Gable,CompShg,HdBoard,HdBoard,,0.0,TA,TA,PConc,Gd,TA,No,Rec,138.0,Unf,0.0,778.0,916.0,GasA,Gd,Y,SBrkr,916,720,0,1636,0.0,0.0,2,1,3,1,TA,7,Typ,1,TA,Attchd,1996.0,Fin,2.0,386.0,TA,TA,Y,168,84,0,0,0,0,,,,0,11,2008,WD ,Normal,173000,105.74572127139365,mid,113.11625941178417,16,0,12,12,2552.0,2.5,30
997,998,527107090,20,RL,53.0,14137,Pave,,IR1,Lvl,AllPub,Inside,Gtl,Gilbert,Norm,Norm,1Fam,1Story,5,5,1996,1997,Gable,CompShg,HdBoard,HdBoard,,0.0,Gd,TA,PConc,Gd,TA,No,GLQ,450.0,Unf,0.0,898.0,1348.0,GasA,Gd,Y,SBrkr,1384,0,0,1384,1.0,0.0,2,0,3,1,Gd,7,Typ,0,,Attchd,1996.0,Unf,2.0,404.0,TA,TA,Y,0,39,0,0,0,0,,,,0,11,2008,WD ,Normal,177900,128.54046242774567,mid,113.11625941178417,16,0,12,11,2732.0,3.0,25
998,999,527107210,60,RL,57.0,21872,Pave,,IR2,HLS,AllPub,FR2,Gtl,Gilbert,Norm,Norm,1Fam,2Story,7,5,1996,1997,Gable,CompShg,HdBoard,HdBoard,,0.0,TA,TA,PConc,Gd,TA,Gd,GLQ,604.0,Unf,0.0,125.0,729.0,GasA,Ex,Y,SBrkr,729,717,0,1446,0.0,1.0,2,1,3,1,TA,6,Typ,1,TA,Attchd,1996.0,Unf,2.0,406.0,TA,TA,Y,264,22,0,0,0,0,,,,0,8,2008,WD ,Normal,175000,121.02351313969571,high,116.22257412062393,10,0,12,11,2175.0,3.0,35
999,1000,527127140,120,RL,41.0,4923,Pave,,Reg,Lvl,AllPub,Inside,Gtl,StoneBr,Norm,Norm,TwnhsE,1Story,8,5,2001,2002,Gable,CompShg,CemntBd,CmentBd,,0.0,Gd,TA,PConc,Ex,TA,Av,GLQ,1153.0,Unf,0.0,440.0,1593.0,GasA,Ex,Y,SBrkr,1593,0,0,1593,1.0,0.0,1,1,0,1,Ex,5,Typ,1,Gd,Attchd,2001.0,Fin,2.0,682.0,TA,TA,Y,0,120,0,0,224,0,,,,0,8,2008,WD ,Normal,286000,179.5354676710609,high,144.692033293698,10,0,7,6,3186.0,2.5,40
1000,1001,527131110,120,RL,45.0,6264,Pave,,IR1,Lvl,AllPub,Corner,Gtl,StoneBr,Norm,Norm,1Fam,1Story,8,5,1997,1997,Gable,CompShg,CemntBd,CmentBd,,0.0,Gd,TA,PConc,Ex,TA,Mn,GLQ,656.0,Unf,0.0,1008.0,1664.0,GasA,Ex,Y,SBrkr,1682,0,0,1682,1.0,0.0,1,1,1,1,Gd,6,Min1,1,TA,Attchd,1997.0,Fin,2.0,528.0,TA,TA,Y,0,0,0,0,0,0,,,,0,7,2008,WD ,Normal,247900,147.38406658739595,high,144.692033293698,10,0,11,11,3346.0,2.5,40
1001,1002,527140090,120,RL,41.0,5395,Pave,,IR1,HLS,AllPub,Inside,Gtl,StoneBr,Norm,Norm,TwnhsE,1Story,8,5,1993,1993,Gable,CompShg,HdBoard,HdBoard,,0.0,Gd,TA,PConc,Gd,TA,No,GLQ,733.0,Unf,0.0,604.0,1337.0,GasA,Gd,Y,SBrkr,1337,0,0,1337,1.0,0.0,2,0,2,1,Gd,5,Typ,1,TA,Attchd,1993.0,RFn,2.0,462.0,TA,TA,Y,96,0,70,168,0,0,,,,0,10,2008,WD ,Normal,180000,134.62976813762154,high,144.692033293698,10,0,15,15,2674.0,3.0,40
1002,1003,527145090,120,RL,39.0,5070,Pave,,IR1,HLS,AllPub,Inside,Gtl,StoneBr,Norm,Norm,TwnhsE,1Story,8,5,1992,1992,Gable,CompShg,HdBoard,HdBoard,,0.0,Gd,TA,PConc,Gd,TA,Mn,Unf,0.0,Unf,0.0,1280.0,1280.0,GasA,Ex,Y,SBrkr,1280,0,0,1280,0.0,0.0,2,0,2,1,Gd,5,Typ,0,,Attchd,1992.0,RFn,2.0,506.0,TA,TA,Y,0,82,0,0,144,0,,,,0,8,2008,WD ,Normal,180000,140.625,high,144.692033293698,10,0,16,16,2560.0,2.0,40
1003,1004,527161010,60,RL,100.0,10839,Pave,,IR1,Lvl,AllPub,Corner,Gtl,Gilbert,Norm,Norm,1Fam,2Story,6,5,1997,1998,Gable,CompShg,VinylSd,VinylSd,,0.0,TA,TA,PConc,Gd,TA,No,Unf,0.0,Unf,0.0,926.0,926.0,GasA,Ex,Y,SBrkr,926,678,0,1604,0.0,0.0,2,1,3,1,TA,7,Typ,1,TA,Attchd,1997.0,Fin,2.0,470.0,TA,TA,Y,0,36,0,0,0,0,,,,0,7,2008,WD ,Normal,181000,112.8428927680798,mid,113.11625941178417,16,0,11,10,2530.0,2.5,30
1004,1005,527162180,60,RL,73.0,11184,Pave,,IR1,Lvl,AllPub,Corner,Gtl,Gilbert,Norm,Norm,1Fam,2Story,6,5,1998,1998,Gable,CompShg,VinylSd,VinylSd,,0.0,TA,TA,PConc,Gd,TA,No,Unf,0.0,Unf,0.0,932.0,932.0,GasA,Gd,Y,SBrkr,932,701,0,1633,0.0,0.0,2,1,3,1,TA,7,Typ,1,TA,Attchd,1998.0,Fin,2.0,460.0,TA,TA,Y,0,39,0,0,0,0,,,,0,4,2008,WD ,Family,183000,112.06368646662584,mid,113.11625941178417,16,0,10,10,2565.0,2.5,30
1005,1006,527163100,60,RL,,8000,Pave,,Reg,Lvl,AllPub,Inside,Gtl,Gilbert,Norm,Norm,1Fam,2Story,6,5,1995,1996,Gable,CompShg,HdBoard,HdBoard,,0.0,TA,TA,PConc,Gd,TA,No,GLQ,219.0,Unf,0.0,554.0,773.0,GasA,Gd,Y,SBrkr,773,885,0,1658,1.0,0.0,2,1,3,1,TA,8,Typ,1,TA,Attchd,1995.0,Fin,2.0,431.0,TA,TA,Y,224,84,0,0,0,0,,,,0,6,2008,WD ,Normal,188000,113.38962605548853,mid,113.11625941178417,16,0,13,12,2431.0,3.5,30
1006,1007,527164120,60,RL,,10832,Pave,,IR1,Lvl,AllPub,Corner,Gtl,Gilbert,Norm,Norm,1Fam,2Story,7,5,1994,1996,Gable,CompShg,MetalSd,MetalSd,,0.0,Gd,TA,PConc,Gd,TA,No,Unf,0.0,Unf,0.0,712.0,712.0,GasA,Ex,Y,SBrkr,1086,809,0,1895,0.0,0.0,2,1,3,1,Gd,7,Typ,1,TA,Attchd,1994.0,Fin,2.0,409.0,TA,TA,Y,143,46,0,0,0,0,,,Shed,500,10,2008,WD ,Normal,194500,102.63852242744063,high,116.22257412062393,10,1,14,12,2607.0,2.5,35
1007,1008,527165010,60,RL,,14067,Pave,,Reg,Lvl,AllPub,FR3,Gtl,Gilbert,Norm,Norm,1Fam,2Story,6,5,1991,1991,Gable,CompShg,HdBoard,HdBoard,BrkFace,194.0,TA,TA,PConc,Gd,TA,No,ALQ,504.0,Unf,0.0,332.0,836.0,GasA,Gd,Y,SBrkr,851,858,0,1709,1.0,0.0,2,1,3,1,Gd,7,Typ,0,,Attchd,1991.0,Fin,2.0,416.0,TA,TA,Y,0,40,0,0,0,0,,GdPrv,,0,9,2008,WD ,Normal,185000,108.25043885313049,mid,113.11625941178417,16,0,17,17,2545.0,3.5,30
1008,1009,527183030,120,RL,40.0,4671,Pave,,IR1,HLS,AllPub,Inside,Gtl,StoneBr,Norm,Norm,TwnhsE,1Story,8,5,1988,1989,Gable,CompShg,HdBoard,HdBoard,,0.0,Gd,TA,PConc,Gd,TA,Mn,GLQ,767.0,Unf,0.0,461.0,1228.0,GasA,Gd,Y,SBrkr,1228,0,0,1228,1.0,0.0,2,0,2,1,Gd,5,Typ,1,Gd,Attchd,1988.0,Fin,2.0,472.0,TA,TA,Y,168,120,0,0,0,0,,,,0,10,2008,WD ,Normal,189000,153.9087947882736,high,144.692033293698,10,0,20,19,2456.0,3.0,40
1009,1010,527183060,120,RL,65.0,5950,Pave,,IR1,HLS,AllPub,Inside,Mod,StoneBr,Norm,Norm,TwnhsE,1Story,8,5,1989,1989,Gable,CompShg,HdBoard,HdBoard,,0.0,Gd,TA,PConc,Gd,TA,Gd,GLQ,319.0,Unf,0.0,1018.0,1337.0,GasA,Gd,Y,SBrkr,1337,0,0,1337,1.0,0.0,2,0,2,1,Gd,5,Typ,1,TA,Attchd,1989.0,RFn,2.0,462.0,TA,TA,Y,0,73,154,0,0,0,,,,0,4,2008,WD ,Normal,188500,140.98728496634257,high,144.692033293698,10,0,19,19,2674.0,3.0,40
1010,1011,527208010,60,RL,101.0,13543,Pave,,IR1,HLS,AllPub,Corner,Gtl,StoneBr,Norm,Norm,1Fam,2Story,8,5,2005,2005,Gable,CompShg,VinylSd,VinylSd,Stone,130.0,Gd,TA,PConc,Ex,TA,Gd,GLQ,16.0,Unf,0.0,1152.0,1168.0,GasA,Ex,Y,SBrkr,1168,1332,0,2500,0.0,0.0,3,1,5,1,Ex,9,Typ,1,Gd,BuiltIn,2005.0,Fin,3.0,683.0,TA,TA,Y,192,32,0,0,0,0,,,,0,7,2008,WD ,Normal,355000,142.0,high,144.692033293698,10,0,3,3,3668.0,3.5,40
1011,1012,527212050,60,RL,77.0,11198,Pave,,IR1,Lvl,AllPub,Inside,Gtl,StoneBr,Norm,Norm,1Fam,2Story,9,5,2005,2007,Hip,CompShg,VinylSd,VinylSd,BrkFace,245.0,Gd,TA,PConc,Gd,Gd,No,Unf,0.0,Unf,0.0,1122.0,1122.0,GasA,Ex,Y,SBrkr,1134,1370,0,2504,0.0,0.0,2,1,4,1,Ex,11,Typ,1,Gd,BuiltIn,2005.0,Fin,3.0,656.0,TA,TA,Y,144,39,0,0,0,0,,,,0,6,2008,WD ,Normal,325000,129.79233226837061,high,144.692033293698,10,1,3,1,3626.0,2.5,45
1012,1013,527214030,20,RL,53.0,15401,Pave,,IR1,HLS,AllPub,CulDSac,Gtl,StoneBr,Norm,Norm,1Fam,1Story,9,5,2004,2004,Hip,CompShg,VinylSd,VinylSd,BrkFace,296.0,Ex,TA,PConc,Ex,TA,Gd,GLQ,1337.0,Unf,0.0,547.0,1884.0,GasA,Ex,Y,SBrkr,1884,0,0,1884,1.0,0.0,2,0,2,1,Ex,7,Typ,1,Gd,Attchd,2004.0,Fin,3.0,670.0,TA,TA,Y,214,76,0,0,0,0,,,,0,9,2008,WD ,Normal,387000,205.4140127388535,high,144.692033293698,10,0,4,4,3768.0,3.0,45
1013,1014,527226020,20,RL,,31220,Pave,,IR1,Bnk,NoSewr,FR2,Gtl,Gilbert,Feedr,Norm,1Fam,1Story,6,2,1952,1952,Hip,CompShg,BrkFace,BrkFace,,0.0,TA,TA,CBlock,TA,TA,No,Unf,0.0,Unf,0.0,1632.0,1632.0,GasA,TA,Y,FuseA,1474,0,0,1474,0.0,0.0,1,0,3,1,TA,7,Min2,2,Gd,Attchd,1952.0,Unf,2.0,495.0,TA,TA,Y,0,0,144,0,0,0,,,Shed,750,5,2008,WD ,Normal,115000,78.01899592944369,mid,113.11625941178417,16,1,56,56,3106.0,1.0,12
1014,1015,527252080,120,RL,60.0,8118,Pave,,Reg,HLS,AllPub,Inside,Gtl,StoneBr,PosN,PosN,TwnhsE,1Story,9,5,2007,2007,Hip,CompShg,MetalSd,MetalSd,BrkFace,178.0,Ex,TA,PConc,Ex,TA,Gd,GLQ,1034.0,Unf,0.0,676.0,1710.0,GasA,Ex,Y,SBrkr,1710,0,0,1710,1.0,0.0,2,0,2,1,Ex,6,Typ,1,Gd,Attchd,2007.0,RFn,2.0,557.0,TA,TA,Y,156,48,0,0,0,0,,,,0,7,2008,WD ,Normal,334000,195.3216374269006,high,144.692033293698,10,0,1,1,3420.0,3.0,45
1015,1016,527276040,20,RL,,47280,Pave,,IR1,Lvl,AllPub,Inside,Gtl,Gilbert,Norm,Norm,1Fam,1Story,6,5,1950,1950,Hip,CompShg,AsbShng,AsbShng,BrkFace,44.0,TA,TA,CBlock,TA,TA,No,Unf,0.0,Unf,0.0,1488.0,1488.0,GasA,Gd,Y,SBrkr,1488,0,0,1488,0.0,0.0,2,1,3,1,TA,6,Typ,1,TA,Attchd,1950.0,RFn,2.0,738.0,TA,TA,Y,0,0,180,0,0,0,,,,0,7,2008,WD ,Family,133000,89.38172043010752,mid,113.11625941178417,16,1,58,58,2976.0,2.5,30
1016,1017,527301170,60,RL,46.0,20544,Pave,,IR1,Lvl,AllPub,CulDSac,Gtl,NWAmes,Norm,Norm,1Fam,2Story,7,6,1986,1991,Gable,CompShg,Plywood,Plywood,BrkFace,123.0,TA,Gd,CBlock,Gd,TA,No,Unf,0.0,Unf,0.0,791.0,791.0,GasA,Gd,Y,SBrkr,1236,857,0,2093,0.0,0.0,2,1,3,1,TA,7,Typ,1,TA,Attchd,1986.0,Fin,2.0,542.0,TA,TA,Y,364,63,0,0,0,0,,MnPrv,,0,11,2008,WD ,Normal,215000,102.7233635929288,high,107.4011957406428,14,0,22,17,2884.0,2.5,42
1017,1018,527301245,20,RL,63.0,12680,Pave,,IR1,Lvl,AllPub,Inside,Gtl,NWAmes,Norm,Norm,1Fam,1Story,7,6,1988,1988,Gable,CompShg,Plywood,Wd Sdng,BrkFace,102.0,Gd,TA,CBlock,Gd,Gd,Mn,GLQ,983.0,Unf,0.0,692.0,1675.0,GasA,Ex,Y,SBrkr,1688,0,0,1688,1.0,0.0,2,0,2,1,Ex,6,Typ,1,Ex,Attchd,1988.0,RFn,2.0,528.0,TA,TA,Y,0,48,0,0,141,0,,,,0,6,2008,WD ,Normal,226500,134.1824644549763,high,107.4011957406428,14,0,20,20,3363.0,3.0,42
1018,1019,527302050,20,RL,78.0,12090,Pave,,IR1,Lvl,AllPub,Inside,Gtl,NWAmes,Norm,Norm,1Fam,1Story,6,6,1981,1981,Gable,CompShg,MetalSd,MetalSd,BrkFace,210.0,TA,Gd,CBlock,Gd,TA,No,GLQ,588.0,LwQ,228.0,606.0,1422.0,GasA,TA,Y,SBrkr,1422,0,0,1422,0.0,0.0,2,0,3,1,Gd,7,Typ,1,TA,Attchd,1981.0,Fin,2.0,576.0,TA,TA,Y,276,0,0,0,0,0,,GdPrv,,0,6,2008,WD ,Normal,175500,123.41772151898734,mid,111.52147026184485,16,0,27,27,2844.0,2.0,36
1019,1020,527302070,20,RL,,10825,Pave,,IR1,Lvl,AllPub,Inside,Gtl,NWAmes,Norm,Norm,1Fam,1Story,7,7,1983,1983,Gable,CompShg,WdShing,Plywood,BrkFace,174.0,Gd,TA,CBlock,Gd,TA,Mn,GLQ,747.0,Unf,0.0,513.0,1260.0,GasA,TA,Y,SBrkr,1260,0,0,1260,1.0,0.0,2,0,3,1,TA,6,Typ,0,,Attchd,1983.0,Unf,2.0,598.0,TA,TA,Y,152,0,0,0,0,0,,,,0,7,2008,WD ,Normal,181900,144.36507936507937,high,107.4011957406428,14,0,25,25,2520.0,3.0,49
1020,1021,527302185,20,RL,56.0,18559,Pave,,IR1,Lvl,AllPub,CulDSac,Gtl,NWAmes,Norm,Norm,1Fam,1Story,7,5,1978,1978,Hip,CompShg,Plywood,Plywood,BrkFace,383.0,Gd,Gd,CBlock,Gd,TA,No,GLQ,1206.0,Rec,186.0,656.0,2048.0,GasA,TA,Y,SBrkr,2064,0,0,2064,1.0,0.0,2,0,3,1,Gd,7,Typ,2,Fa,Attchd,1978.0,Fin,2.0,550.0,TA,TA,Y,200,0,0,0,0,0,,,,0,8,2008,WD ,Normal,235000,113.85658914728683,high,107.4011957406428,14,0,30,30,4112.0,3.0,35
1021,1022,527302210,20,RL,85.0,14450,Pave,,Reg,Lvl,AllPub,Inside,Gtl,NWAmes,Norm,Norm,1Fam,1Story,7,5,1979,1979,Hip,CompShg,Plywood,Plywood,BrkFace,194.0,Gd,TA,CBlock,Gd,Fa,No,ALQ,864.0,LwQ,449.0,469.0,1782.0,GasA,TA,Y,SBrkr,1782,0,0,1782,0.0,1.0,2,0,3,1,Gd,6,Typ,1,TA,Attchd,1979.0,Fin,2.0,551.0,TA,TA,Y,467,0,0,0,0,0,,,,0,3,2008,WD ,Normal,220000,123.45679012345678,high,107.4011957406428,14,0,29,29,3564.0,2.5,35
1022,1023,527325070,60,RL,,12227,Pave,,IR1,Lvl,AllPub,Corner,Gtl,NWAmes,PosN,Norm,1Fam,2Story,6,7,1977,1995,Gable,CompShg,HdBoard,HdBoard,BrkFace,424.0,TA,Gd,CBlock,Gd,Gd,No,ALQ,896.0,Unf,0.0,434.0,1330.0,GasA,TA,Y,SBrkr,1542,1330,0,2872,1.0,0.0,2,1,4,1,TA,11,Typ,1,TA,Attchd,1977.0,Fin,2.0,619.0,TA,TA,Y,550,282,0,0,0,0,,,,0,7,2008,WD ,Normal,272000,94.70752089136491,mid,111.52147026184485,16,1,31,13,4202.0,3.5,42
1023,1024,527325240,20,RL,90.0,13068,Pave,,Reg,Lvl,AllPub,Corner,Gtl,NWAmes,Norm,Norm,1Fam,1Story,6,5,1976,1976,Hip,CompShg,HdBoard,HdBoard,BrkFace,621.0,TA,TA,PConc,Gd,TA,No,ALQ,890.0,Rec,48.0,273.0,1211.0,GasA,TA,Y,SBrkr,1211,0,0,1211,1.0,0.0,2,0,3,1,Gd,6,Typ,1,Po,Attchd,1976.0,Fin,2.0,461.0,TA,TA,Y,0,0,0,174,0,0,,MnPrv,,0,11,2008,WD ,Normal,161000,132.9479768786127,mid,111.52147026184485,16,0,32,32,2422.0,3.0,30
1024,1025,527326130,20,RL,,15611,Pave,,IR1,Lvl,AllPub,Corner,Gtl,NWAmes,Norm,Norm,1Fam,1Story,5,6,1977,1977,Gable,CompShg,VinylSd,VinylSd,,0.0,TA,TA,PConc,Gd,TA,Av,ALQ,767.0,LwQ,93.0,266.0,1126.0,GasA,TA,Y,SBrkr,1126,0,0,1126,0.0,1.0,2,0,3,1,Ex,6,Typ,0,,Attchd,1977.0,RFn,2.0,540.0,TA,TA,Y,180,0,0,0,0,0,,,,0,3,2008,WD ,Abnorml,175000,155.41740674955594,mid,111.52147026184485,16,0,31,31,2252.0,2.5,30
1025,1026,527354160,60,RL,80.0,10400,Pave,,Reg,Lvl,AllPub,Inside,Gtl,NWAmes,Norm,Norm,1Fam,2Story,7,6,1980,1988,Gable,CompShg,HdBoard,HdBoard,BrkFace,280.0,TA,TA,CBlock,Gd,TA,Mn,Unf,0.0,Unf,0.0,738.0,738.0,GasA,TA,Y,SBrkr,1277,767,0,2044,0.0,0.0,2,1,3,1,TA,7,Min1,1,TA,Attchd,1980.0,Unf,2.0,489.0,TA,TA,Y,28,73,0,0,0,0,,,,0,3,2008,WD ,Normal,185000,90.50880626223092,high,107.4011957406428,14,1,28,20,2782.0,2.5,42
1026,1027,527357110,60,RL,75.0,9743,Pave,,Reg,Lvl,AllPub,Inside,Gtl,NWAmes,Norm,Norm,1Fam,2Story,5,6,1969,1969,Gable,CompShg,VinylSd,VinylSd,,0.0,TA,TA,CBlock,TA,Fa,No,BLQ,280.0,Unf,0.0,440.0,720.0,GasA,Gd,Y,SBrkr,720,588,0,1308,0.0,0.0,1,1,3,1,TA,7,Typ,0,,Detchd,1969.0,Unf,2.0,484.0,TA,TA,Y,0,0,0,0,0,0,,,,0,6,2008,WD ,Normal,146900,112.30886850152905,mid,111.52147026184485,16,0,39,39,2028.0,1.5,30
1027,1028,527357180,60,RL,,12511,Pave,,IR1,Lvl,AllPub,Corner,Gtl,NWAmes,Norm,Norm,1Fam,2Story,7,7,1978,1978,Mansard,WdShake,Plywood,Plywood,BrkFace,168.0,Gd,TA,PConc,Gd,TA,No,ALQ,988.0,Unf,0.0,432.0,1420.0,GasA,Ex,Y,SBrkr,1420,1420,0,2840,0.0,1.0,2,1,4,1,Gd,8,Min2,2,Gd,Attchd,1978.0,Fin,4.0,1314.0,TA,Gd,Y,0,16,0,0,208,0,,MnPrv,,0,12,2008,WD ,Normal,292500,102.99295774647888,high,107.4011957406428,14,0,30,30,4260.0,3.0,49
1028,1029,527358120,20,RL,104.0,11361,Pave,,Reg,Lvl,AllPub,Inside,Gtl,NWAmes,Norm,Norm,1Fam,1Story,6,5,1976,1976,Gable,CompShg,Plywood,Plywood,BrkFace,160.0,TA,TA,CBlock,Gd,TA,No,ALQ,644.0,Unf,0.0,549.0,1193.0,GasA,TA,Y,SBrkr,1523,0,0,1523,0.0,1.0,2,0,3,1,TA,7,Typ,1,TA,Attchd,1976.0,Fin,2.0,478.0,TA,TA,Y,0,0,0,0,189,0,,MnPrv,,0,5,2008,COD,Abnorml,180000,118.18778726198293,mid,111.52147026184485,16,0,32,32,2716.0,2.5,30
1029,1030,527359030,20,RL,80.0,10400,Pave,,Reg,Lvl,AllPub,Inside,Gtl,NWAmes,Norm,Norm,1Fam,1Story,6,5,1976,1976,Gable,CompShg,HdBoard,HdBoard,BrkFace,120.0,TA,TA,CBlock,TA,TA,No,Unf,0.0,Unf,0.0,1444.0,1444.0,GasA,TA,Y,SBrkr,1444,0,0,1444,0.0,0.0,2,0,2,1,TA,5,Typ,1,Gd,Attchd,1976.0,Unf,2.0,473.0,TA,TA,Y,0,24,0,0,0,0,,GdWo,,0,4,2008,WD ,Normal,159900,110.73407202216066,mid,111.52147026184485,16,0,32,32,2888.0,2.0,30
1030,1031,527359070,60,RL,80.0,10480,Pave,,Reg,Lvl,AllPub,Inside,Gtl,NWAmes,Norm,Norm,1Fam,2Story,7,6,1976,1976,Hip,CompShg,Plywood,Plywood,BrkFace,660.0,TA,TA,CBlock,TA,TA,No,ALQ,403.0,Unf,0.0,400.0,803.0,GasA,TA,Y,SBrkr,1098,866,0,1964,0.0,0.0,2,1,4,1,TA,8,Typ,1,Gd,Attchd,1976.0,RFn,2.0,483.0,TA,TA,Y,0,69,0,0,0,0,,,,0,9,2008,WD ,Normal,205000,104.37881873727088,high,107.4011957406428,14,0,32,32,2767.0,2.5,42
1031,1032,527378020,20,RL,80.0,10000,Pave,,Reg,Lvl,AllPub,Inside,Gtl,NWAmes,Norm,Norm,1Fam,1Story,5,6,1973,2000,Gable,CompShg,HdBoard,HdBoard,,0.0,TA,TA,CBlock,Gd,TA,No,BLQ,1084.0,Unf,0.0,92.0,1176.0,GasA,Gd,Y,SBrkr,1178,0,0,1178,0.0,1.0,1,1,3,1,Gd,5,Typ,1,Fa,Attchd,1973.0,Unf,2.0,439.0,TA,TA,Y,224,0,0,0,0,0,,MnPrv,,0,11,2008,WD ,Normal,157000,133.276740237691,mid,111.52147026184485,16,0,35,8,2354.0,2.0,30
1032,1033,527380240,60,RL,,14311,Pave,,IR1,Lvl,AllPub,FR3,Gtl,NWAmes,Norm,Norm,1Fam,2Story,8,5,1996,1996,Gable,CompShg,VinylSd,VinylSd,BrkFace,402.0,Gd,TA,PConc,Gd,TA,No,GLQ,1023.0,Unf,0.0,213.0,1236.0,GasA,Ex,Y,SBrkr,1236,1104,0,2340,1.0,0.0,2,1,4,1,Gd,9,Typ,1,Gd,Attchd,1996.0,RFn,3.0,787.0,TA,TA,Y,192,180,218,0,0,0,,GdPrv,,0,6,2008,WD ,Normal,306000,130.76923076923077,high,107.4011957406428,14,0,12,12,3576.0,3.5,40
1033,1034,527401130,90,RL,60.0,9000,Pave,,Reg,Lvl,AllPub,FR2,Gtl,NAmes,Norm,Norm,Duplex,2Story,5,5,1974,1974,Gable,CompShg,VinylSd,VinylSd,,0.0,TA,TA,CBlock,Gd,TA,Mn,Unf,0.0,Unf,0.0,896.0,896.0,GasA,TA,Y,SBrkr,896,896,0,1792,0.0,0.0,2,2,4,2,TA,8,Typ,0,,Detchd,1982.0,Unf,2.0,480.0,TA,TA,Y,0,45,0,0,0,0,,,,0,6,2008,WD ,Normal,133000,74.21875,mid,119.93108584399036,82,1,34,34,2688.0,3.0,25
1034,1035,527402060,20,RL,65.0,9750,Pave,,Reg,Lvl,AllPub,FR2,Gtl,NAmes,Norm,Norm,1Fam,1Story,6,8,1969,1969,Gable,CompShg,HdBoard,HdBoard,,0.0,TA,TA,CBlock,Gd,TA,No,ALQ,602.0,LwQ,438.0,14.0,1054.0,GasA,Gd,Y,SBrkr,1054,0,0,1054,1.0,0.0,1,1,3,1,TA,6,Typ,0,,Attchd,1969.0,Unf,2.0,460.0,TA,TA,Y,180,0,0,0,80,0,,,,0,7,2008,WD ,Normal,151000,143.2637571157495,mid,119.93108584399036,82,0,39,39,2108.0,2.5,48
1035,1036,527402130,20,RL,68.0,10295,Pave,,Reg,Lvl,AllPub,FR2,Gtl,NAmes,Norm,Norm,1Fam,1Story,4,6,1969,1969,Gable,CompShg,HdBoard,HdBoard,BrkFace,72.0,TA,TA,CBlock,Gd,TA,Mn,Rec,252.0,Unf,0.0,684.0,936.0,GasA,TA,Y,SBrkr,936,0,0,936,0.0,0.0,1,0,2,1,TA,4,Typ,0,,Attchd,1969.0,Unf,1.0,288.0,TA,TA,Y,16,0,0,0,0,0,,,,0,9,2008,COD,Normal,111900,119.55128205128206,mid,119.93108584399036,82,0,39,39,1872.0,1.0,24
1036,1037,527403360,20,RL,63.0,7560,Pave,,Reg,Lvl,AllPub,Inside,Gtl,NAmes,Norm,Norm,1Fam,1Story,5,5,1971,1971,Hip,CompShg,MetalSd,MetalSd,,0.0,TA,TA,CBlock,Gd,TA,No,Rec,119.0,ALQ,613.0,132.0,864.0,GasA,TA,Y,SBrkr,864,0,0,864,1.0,0.0,1,0,3,1,TA,5,Typ,0,,Detchd,1977.0,Unf,2.0,576.0,TA,TA,Y,0,0,0,0,0,0,,,,0,5,2008,WD ,Normal,123000,142.36111111111111,mid,119.93108584399036,82,0,37,37,1728.0,2.0,25
1037,1038,527425035,20,RL,,12735,Pave,,IR1,Lvl,AllPub,FR2,Gtl,NAmes,Norm,Norm,1Fam,1Story,4,5,1972,1972,Hip,CompShg,MetalSd,MetalSd,,0.0,TA,TA,CBlock,TA,TA,No,BLQ,600.0,Unf,0.0,264.0,864.0,GasA,TA,Y,SBrkr,864,0,0,864,0.0,0.0,1,0,3,1,TA,5,Typ,0,,Detchd,1980.0,Unf,2.0,576.0,TA,TA,Y,216,0,0,0,0,0,,MnWw,,0,4,2008,COD,Normal,111250,128.76157407407408,mid,119.93108584399036,82,0,36,36,1728.0,1.0,20
1038,1039,527427110,120,RH,34.0,4060,Pave,,Reg,Lvl,AllPub,Inside,Gtl,NAmes,Norm,Norm,TwnhsE,1Story,6,5,1998,1999,Gable,CompShg,MetalSd,MetalSd,,0.0,Gd,TA,PConc,Gd,TA,No,GLQ,266.0,Unf,0.0,1139.0,1405.0,GasA,Ex,Y,SBrkr,1337,0,0,1337,1.0,0.0,2,0,2,1,Gd,5,Typ,0,,Attchd,1998.0,Fin,2.0,511.0,TA,TA,Y,144,68,0,0,0,0,,,,0,8,2008,COD,Abnorml,181000,135.37771129394167,mid,119.93108584399036,82,0,10,9,2742.0,3.0,30
1039,1040,527450110,160,RM,21.0,1680,Pave,,Reg,Lvl,AllPub,Inside,Gtl,BrDale,Norm,Norm,Twnhs,2Story,6,5,1973,1973,Gable,CompShg,HdBoard,HdBoard,BrkFace,359.0,TA,TA,CBlock,TA,TA,No,LwQ,458.0,Unf,0.0,25.0,483.0,GasA,TA,Y,SBrkr,483,504,0,987,0.0,1.0,1,1,2,1,TA,5,Typ,0,,Detchd,1973.0,Unf,1.0,264.0,TA,TA,Y,52,0,0,0,0,0,,,,0,2,2008,WD ,Normal,103400,104.76190476190476,mid,101.31712259371834,7,0,35,35,1470.0,2.0,30
1040,1041,527450250,160,RM,21.0,1680,Pave,,Reg,Lvl,AllPub,Inside,Gtl,BrDale,Norm,Norm,Twnhs,2Story,6,5,1973,1973,Gable,CompShg,HdBoard,HdBoard,BrkFace,158.0,TA,TA,CBlock,TA,TA,No,BLQ,330.0,Unf,0.0,153.0,483.0,GasA,TA,Y,SBrkr,483,504,0,987,1.0,0.0,1,1,2,1,TA,5,Typ,0,,Detchd,1973.0,Unf,1.0,264.0,TA,TA,Y,0,0,0,0,0,0,,,,0,11,2008,WD ,Normal,100000,101.31712259371834,mid,101.31712259371834,7,0,35,35,1470.0,2.5,30
1041,1042,527450520,160,RM,21.0,1890,Pave,,Reg,Lvl,AllPub,Inside,Gtl,BrDale,Norm,Norm,Twnhs,2Story,6,6,1972,1972,Gable,CompShg,HdBoard,HdBoard,BrkFace,422.0,TA,TA,CBlock,TA,TA,No,LwQ,483.0,Unf,0.0,0.0,483.0,GasA,Gd,Y,SBrkr,483,504,0,987,0.0,0.0,1,1,2,1,TA,5,Typ,0,,Detchd,1975.0,Unf,1.0,352.0,TA,TA,Y,411,0,0,0,0,0,,,,0,4,2008,WD ,Normal,100500,101.82370820668693,mid,101.31712259371834,7,0,36,36,1470.0,1.5,36
1042,1043,527451060,160,RM,21.0,1869,Pave,,Reg,Lvl,AllPub,Inside,Gtl,BrDale,Norm,Norm,Twnhs,2Story,6,6,1970,1970,Gable,CompShg,HdBoard,HdBoard,BrkFace,127.0,TA,TA,CBlock,TA,TA,No,Rec,321.0,Unf,0.0,162.0,483.0,GasA,TA,Y,SBrkr,483,504,0,987,0.0,0.0,1,1,2,1,TA,5,Typ,0,,Detchd,1987.0,Unf,1.0,280.0,TA,TA,Y,0,0,0,0,0,0,,,,0,9,2008,WD ,Normal,106000,107.39614994934144,mid,101.31712259371834,7,0,38,38,1470.0,1.5,36
1043,1044,527451290,160,RM,21.0,1680,Pave,,Reg,Lvl,AllPub,Inside,Gtl,BrDale,Norm,Norm,Twnhs,2Story,6,5,1971,1971,Gable,CompShg,HdBoard,HdBoard,BrkFace,232.0,TA,TA,CBlock,TA,TA,No,ALQ,387.0,Unf,0.0,96.0,483.0,GasA,TA,Y,SBrkr,483,504,0,987,0.0,0.0,1,1,2,1,TA,4,Typ,0,,Detchd,1971.0,Unf,1.0,264.0,TA,TA,Y,0,0,0,0,0,0,,,,0,7,2008,COD,Abnorml,85400,86.52482269503547,mid,101.31712259371834,7,1,37,37,1470.0,1.5,30
1044,1045,527451400,160,RM,21.0,1680,Pave,,Reg,Lvl,AllPub,Inside,Gtl,BrDale,Norm,Norm,TwnhsE,2Story,6,3,1971,1971,Gable,CompShg,HdBoard,HdBoard,BrkFace,604.0,TA,TA,CBlock,TA,TA,No,ALQ,358.0,Unf,0.0,125.0,483.0,GasA,TA,Y,SBrkr,483,504,0,987,0.0,0.0,1,1,2,1,TA,5,Typ,0,,Detchd,1971.0,Unf,1.0,264.0,TA,TA,Y,0,0,0,0,0,0,,,,0,8,2008,WD ,Normal,89500,90.67882472137791,mid,101.31712259371834,7,1,37,37,1470.0,1.5,18
1045,1046,527451550,160,RM,21.0,1680,Pave,,Reg,Lvl,AllPub,Inside,Gtl,BrDale,Norm,Norm,Twnhs,2Story,5,5,1972,1972,Gable,CompShg,HdBoard,HdBoard,BrkFace,356.0,TA,TA,CBlock,TA,TA,No,Rec,350.0,Unf,0.0,280.0,630.0,GasA,TA,Y,SBrkr,630,672,0,1302,0.0,0.0,2,1,3,1,TA,6,Typ,0,,Detchd,1972.0,Unf,1.0,264.0,TA,TA,Y,0,0,0,0,0,0,,,,0,12,2008,WD ,Normal,111750,85.82949308755761,mid,101.31712259371834,7,1,36,36,1932.0,2.5,25
1046,1047,527452150,120,RL,53.0,4043,Pave,,Reg,Lvl,AllPub,Inside,Gtl,NPkVill,Norm,Norm,TwnhsE,1Story,6,6,1977,1977,Gable,CompShg,Plywood,Plywood,,0.0,TA,TA,CBlock,Gd,TA,No,ALQ,559.0,Unf,0.0,510.0,1069.0,GasA,TA,Y,SBrkr,1069,0,0,1069,0.0,0.0,2,0,2,1,TA,4,Typ,0,,Attchd,1977.0,RFn,2.0,440.0,TA,TA,Y,0,55,0,0,200,0,,,,0,10,2008,COD,Abnorml,140000,130.96351730589336,mid,114.58890151008953,2,0,31,31,2138.0,2.0,36
1047,1048,527453160,160,RL,24.0,2308,Pave,,Reg,Lvl,AllPub,FR2,Gtl,NPkVill,Norm,Norm,TwnhsE,2Story,6,6,1975,1975,Gable,CompShg,Plywood,Brk Cmn,,0.0,TA,TA,CBlock,Gd,TA,No,ALQ,286.0,LwQ,294.0,275.0,855.0,GasA,Gd,Y,SBrkr,855,601,0,1456,0.0,0.0,2,1,4,1,TA,7,Typ,0,,Attchd,1975.0,RFn,2.0,460.0,TA,TA,Y,0,0,0,0,0,0,,,,0,5,2008,WD ,Normal,143000,98.21428571428571,mid,114.58890151008953,2,1,33,33,2311.0,2.5,36
1048,1049,527454120,120,RL,24.0,2529,Pave,,Reg,Lvl,AllPub,Inside,Gtl,NPkVill,Norm,Norm,Twnhs,1Story,7,6,1977,1977,Gable,CompShg,Plywood,Brk Cmn,,0.0,TA,TA,CBlock,Gd,TA,No,ALQ,378.0,Unf,0.0,677.0,1055.0,GasA,Fa,Y,SBrkr,1055,0,0,1055,0.0,0.0,2,0,2,1,TA,4,Typ,0,,Attchd,1977.0,Unf,2.0,440.0,TA,TA,Y,0,38,0,0,0,0,,,,0,9,2008,WD ,Normal,148500,140.75829383886256,high,140.75829383886256,1,0,31,31,2110.0,2.0,42
1049,1050,527455270,20,RL,,9477,Pave,,Reg,Lvl,AllPub,Corner,Gtl,NAmes,Norm,Norm,1Fam,1Story,5,5,1966,1966,Gable,CompShg,HdBoard,HdBoard,BrkFace,65.0,TA,TA,CBlock,TA,TA,No,Rec,340.0,Unf,0.0,524.0,864.0,GasA,TA,Y,SBrkr,892,0,0,892,0.0,0.0,1,0,3,1,TA,5,Typ,0,,Attchd,1966.0,RFn,1.0,264.0,TA,TA,Y,0,0,0,0,0,0,,GdWo,,0,10,2008,WD ,Normal,110000,123.31838565022422,mid,119.93108584399036,82,0,42,42,1756.0,1.0,25
1050,1051,528102030,20,RL,96.0,12444,Pave,,Reg,Lvl,AllPub,FR2,Gtl,NridgHt,Norm,Norm,1Fam,1Story,8,5,2008,2008,Hip,CompShg,VinylSd,VinylSd,Stone,426.0,Ex,TA,PConc,Ex,TA,Av,GLQ,1336.0,Unf,0.0,596.0,1932.0,GasA,Ex,Y,SBrkr,1932,0,0,1932,1.0,0.0,2,0,2,1,Ex,7,Typ,1,Gd,Attchd,2008.0,Fin,3.0,774.0,TA,TA,Y,0,66,0,304,0,0,,,,0,11,2008,New,Partial,394617,204.25310559006212,high,164.48986361960928,31,0,0,0,3864.0,3.0,40
1051,1052,528102110,60,RL,96.0,12474,Pave,,Reg,Lvl,AllPub,Inside,Gtl,NridgHt,Norm,Norm,1Fam,2Story,10,5,2007,2008,Gable,CompShg,VinylSd,VinylSd,Stone,272.0,Ex,TA,PConc,Ex,TA,Av,GLQ,1280.0,Unf,0.0,402.0,1682.0,GasA,Ex,Y,SBrkr,1742,590,0,2332,1.0,0.0,2,1,3,1,Ex,9,Typ,1,Ex,BuiltIn,2008.0,Fin,3.0,846.0,TA,TA,Y,196,134,0,0,0,0,,,,0,8,2008,New,Partial,426000,182.67581475128645,high,164.48986361960928,31,0,1,0,4014.0,3.5,50
1052,1053,528104050,20,RL,114.0,14803,Pave,,Reg,Lvl,AllPub,Inside,Gtl,NridgHt,PosN,PosN,1Fam,1Story,10,5,2007,2008,Hip,CompShg,CemntBd,CmentBd,BrkFace,816.0,Ex,TA,PConc,Ex,TA,Av,GLQ,1636.0,Unf,0.0,442.0,2078.0,GasA,Ex,Y,SBrkr,2084,0,0,2084,1.0,0.0,2,0,2,1,Ex,7,Typ,1,Gd,Attchd,2007.0,Fin,3.0,1220.0,TA,TA,Y,188,45,0,0,0,0,,,,0,6,2008,New,Partial,385000,184.74088291746642,high,164.48986361960928,31,0,1,0,4162.0,3.0,50
1053,1054,528104080,60,RL,67.0,14948,Pave,,IR1,Lvl,AllPub,Inside,Gtl,NridgHt,Norm,Norm,1Fam,2Story,9,5,2008,2008,Hip,CompShg,VinylSd,VinylSd,Stone,268.0,Ex,TA,PConc,Ex,TA,Av,GLQ,1330.0,Unf,0.0,122.0,1452.0,GasA,Ex,Y,SBrkr,1476,1237,0,2713,1.0,0.0,2,1,3,1,Ex,11,Typ,1,Gd,Attchd,2008.0,Fin,3.0,858.0,TA,TA,Y,126,66,0,0,0,0,,,,0,11,2008,New,Partial,446261,164.48986361960928,high,164.48986361960928,31,0,0,0,4165.0,3.5,45
1054,1055,528108150,20,RL,98.0,12704,Pave,,Reg,Lvl,AllPub,Inside,Gtl,NridgHt,Norm,Norm,1Fam,1Story,8,5,2007,2007,Hip,CompShg,VinylSd,VinylSd,Stone,302.0,Gd,TA,PConc,Ex,TA,No,GLQ,1012.0,Unf,0.0,570.0,1582.0,GasA,Ex,Y,SBrkr,1582,0,0,1582,1.0,0.0,2,0,3,1,Gd,7,Typ,0,,Attchd,2007.0,Fin,3.0,905.0,TA,TA,Y,209,95,0,0,0,0,,,,0,1,2008,New,Partial,317500,200.69532237673832,high,164.48986361960928,31,0,1,1,3164.0,3.0,40
1055,1056,528110080,20,RL,107.0,13891,Pave,,Reg,Lvl,AllPub,Inside,Gtl,NridgHt,Norm,Norm,1Fam,1Story,8,5,2007,2008,Hip,CompShg,VinylSd,VinylSd,Stone,436.0,Gd,TA,PConc,Ex,TA,Gd,GLQ,1400.0,Unf,0.0,310.0,1710.0,GasA,Ex,Y,SBrkr,1710,0,0,1710,1.0,0.0,2,0,2,1,Gd,6,Typ,1,Gd,Attchd,2007.0,RFn,3.0,866.0,TA,TA,Y,0,102,0,0,0,0,,,,0,1,2008,New,Partial,372402,217.77894736842106,high,164.48986361960928,31,0,1,0,3420.0,3.0,40
1056,1057,528110110,20,RL,105.0,13693,Pave,,Reg,Lvl,AllPub,Inside,Gtl,NridgHt,Norm,Norm,1Fam,1Story,8,5,2007,2007,Hip,CompShg,VinylSd,VinylSd,Stone,554.0,Gd,TA,PConc,Ex,TA,Gd,GLQ,1728.0,BLQ,495.0,195.0,2418.0,GasA,Ex,Y,SBrkr,2464,0,0,2464,1.0,0.0,2,1,4,1,Ex,9,Typ,1,Ex,Attchd,2007.0,Fin,3.0,650.0,TA,TA,Y,358,78,0,0,0,0,,,,0,8,2008,WD ,Normal,417500,169.43993506493507,high,164.48986361960928,31,0,1,1,4882.0,3.5,40
1057,1058,528114040,20,RL,104.0,14418,Pave,,IR1,Lvl,AllPub,Inside,Gtl,NridgHt,Norm,Norm,1Fam,1Story,9,5,2007,2007,Hip,CompShg,VinylSd,VinylSd,BrkFace,480.0,Ex,TA,PConc,Ex,TA,Gd,GLQ,1375.0,Unf,0.0,575.0,1950.0,GasA,Ex,Y,SBrkr,1950,0,0,1950,1.0,0.0,2,0,2,1,Ex,7,Typ,1,Gd,Attchd,2007.0,Fin,3.0,706.0,TA,TA,Y,156,207,0,0,0,0,,,,0,5,2008,WD ,Normal,383000,196.4102564102564,high,164.48986361960928,31,0,1,1,3900.0,3.0,45
1058,1059,528118030,60,RL,108.0,13418,Pave,,Reg,Lvl,AllPub,Inside,Gtl,NridgHt,Norm,Norm,1Fam,2Story,9,5,2006,2006,Hip,CompShg,VinylSd,VinylSd,BrkFace,270.0,Gd,TA,PConc,Ex,TA,Gd,GLQ,1420.0,Unf,0.0,430.0,1850.0,GasA,Ex,Y,SBrkr,1850,898,0,2748,1.0,0.0,2,1,4,1,Ex,9,Typ,1,Gd,BuiltIn,2006.0,Fin,3.0,850.0,TA,TA,Y,212,182,0,0,0,0,,,,0,10,2008,WD ,Abnorml,390000,141.92139737991266,high,164.48986361960928,31,1,2,2,4598.0,3.5,45
1059,1060,528118090,60,RL,96.0,12539,Pave,,Reg,Lvl,AllPub,Inside,Gtl,NridgHt,PosN,Norm,1Fam,2Story,10,5,2005,2006,Hip,CompShg,CemntBd,CmentBd,BrkFace,468.0,Ex,TA,PConc,Ex,TA,Gd,GLQ,1082.0,Unf,0.0,538.0,1620.0,GasA,Ex,Y,SBrkr,1632,1158,0,2790,1.0,0.0,2,1,4,1,Ex,10,Typ,1,Ex,BuiltIn,2005.0,Fin,4.0,1150.0,TA,TA,Y,30,200,0,0,192,0,,,,0,6,2008,WD ,Normal,460000,164.87455197132616,high,164.48986361960928,31,0,3,2,4410.0,3.5,50
1060,1061,528120130,60,RL,102.0,12151,Pave,,IR1,Lvl,AllPub,Inside,Gtl,NridgHt,Norm,Norm,1Fam,2Story,9,5,2005,2005,Gable,CompShg,CemntBd,CmentBd,BrkFace,368.0,Gd,TA,PConc,Ex,TA,Av,GLQ,1249.0,Unf,0.0,165.0,1414.0,GasA,Ex,Y,SBrkr,1414,917,0,2331,1.0,0.0,2,1,3,1,Ex,9,Typ,1,Gd,BuiltIn,2005.0,Fin,3.0,1003.0,TA,TA,Y,192,63,0,0,0,0,,,,0,8,2008,WD ,Normal,379000,162.5911625911626,high,164.48986361960928,31,0,3,3,3745.0,3.5,45
1061,1062,528142020,60,RL,74.0,8899,Pave,,Reg,Lvl,AllPub,Inside,Gtl,NridgHt,Norm,Norm,1Fam,2Story,8,5,2007,2007,Hip,CompShg,VinylSd,VinylSd,Stone,108.0,Ex,TA,PConc,Gd,TA,Av,GLQ,40.0,Unf,0.0,908.0,948.0,GasA,Ex,Y,SBrkr,948,1140,0,2088,0.0,0.0,2,1,4,1,Gd,10,Typ,1,Gd,BuiltIn,2007.0,Fin,3.0,656.0,TA,TA,Y,100,24,0,0,0,0,,,,0,6,2008,WD ,Normal,250000,119.73180076628353,high,164.48986361960928,31,1,1,1,3036.0,2.5,40
1062,1063,528142140,60,RL,85.0,10574,Pave,,IR1,Lvl,AllPub,Inside,Gtl,NridgHt,Norm,Norm,1Fam,2Story,8,5,2004,2004,Gable,CompShg,VinylSd,VinylSd,Stone,126.0,Gd,TA,PConc,Ex,TA,No,GLQ,856.0,Unf,0.0,292.0,1148.0,GasA,Ex,Y,SBrkr,1170,1162,0,2332,1.0,0.0,2,1,4,1,Ex,9,Typ,1,Gd,BuiltIn,2004.0,Fin,3.0,756.0,TA,TA,Y,224,142,0,0,0,0,,,,0,7,2008,WD ,Normal,316000,135.50600343053173,high,164.48986361960928,31,1,4,4,3480.0,3.5,40
1063,1064,528164060,20,RL,106.0,12720,Pave,,Reg,HLS,AllPub,Inside,Mod,NridgHt,Norm,Norm,1Fam,1Story,10,5,2003,2003,Hip,CompShg,MetalSd,MetalSd,Stone,680.0,Ex,TA,PConc,Ex,TA,Gd,GLQ,2257.0,Unf,0.0,278.0,2535.0,GasA,Ex,Y,SBrkr,2470,0,0,2470,2.0,0.0,1,1,1,1,Ex,7,Typ,2,Gd,Attchd,2003.0,Fin,3.0,789.0,TA,TA,Y,154,65,0,0,216,144,Ex,,,0,2,2008,WD ,Normal,615000,248.98785425101215,high,164.48986361960928,31,0,5,5,5005.0,3.5,50
1064,1065,528166120,60,RL,110.0,13688,Pave,,IR1,Lvl,AllPub,Inside,Gtl,NridgHt,Norm,Norm,1Fam,2Story,9,5,2003,2004,Gable,CompShg,VinylSd,VinylSd,BrkFace,664.0,Gd,TA,PConc,Ex,TA,Av,GLQ,1016.0,Unf,0.0,556.0,1572.0,GasA,Ex,Y,SBrkr,1572,1096,0,2668,1.0,0.0,2,1,3,1,Ex,10,Typ,2,Gd,BuiltIn,2003.0,Fin,3.0,726.0,TA,TA,Y,400,0,0,0,0,0,,,,0,3,2008,WD ,Normal,412500,154.61019490254873,high,164.48986361960928,31,0,5,4,4240.0,3.5,45
1065,1066,528170070,60,RL,85.0,10625,Pave,,Reg,Lvl,AllPub,Inside,Gtl,NridgHt,Norm,Norm,1Fam,2Story,7,5,2003,2004,Gable,CompShg,VinylSd,VinylSd,BrkFace,292.0,Gd,TA,PConc,Gd,TA,No,GLQ,866.0,Unf,0.0,132.0,998.0,GasA,Ex,Y,SBrkr,1006,1040,0,2046,1.0,0.0,2,1,3,1,Gd,8,Typ,1,Gd,BuiltIn,2003.0,RFn,3.0,871.0,TA,TA,Y,320,62,0,0,0,0,,,,0,8,2008,WD ,Normal,284000,138.80742913000978,high,164.48986361960928,31,1,5,4,3044.0,3.5,35
1066,1067,528172080,20,RL,92.0,10845,Pave,,IR1,Lvl,AllPub,Corner,Gtl,NridgHt,Norm,Norm,1Fam,1Story,8,5,2003,2004,Gable,CompShg,VinylSd,VinylSd,BrkFace,504.0,Gd,TA,PConc,Gd,TA,Mn,GLQ,1149.0,Unf,0.0,454.0,1603.0,GasA,Ex,Y,SBrkr,1575,0,0,1575,1.0,0.0,2,0,2,1,Gd,7,Typ,1,TA,Attchd,2003.0,Fin,3.0,732.0,TA,TA,Y,216,28,0,0,0,0,,,,0,6,2008,WD ,Normal,284000,180.31746031746033,high,164.48986361960928,31,0,5,4,3178.0,3.0,40
1067,1068,528178070,60,RL,130.0,16900,Pave,,Reg,Lvl,AllPub,Inside,Gtl,NridgHt,Norm,Norm,1Fam,2Story,8,5,2001,2002,Gable,CompShg,VinylSd,VinylSd,BrkFace,1110.0,Gd,TA,PConc,Ex,TA,Mn,GLQ,1075.0,Unf,0.0,404.0,1479.0,GasA,Ex,Y,SBrkr,1515,1134,0,2649,1.0,0.0,2,1,4,1,Gd,10,Typ,1,TA,Attchd,2001.0,Fin,3.0,746.0,TA,TA,Y,0,60,0,0,0,0,,,,0,1,2008,WD ,Normal,421250,159.02227255568138,high,164.48986361960928,31,0,7,6,4128.0,3.5,40
1068,1069,528178090,60,RL,112.0,16451,Pave,,IR1,Lvl,AllPub,Corner,Gtl,NridgHt,Norm,Norm,1Fam,2Story,8,5,2003,2003,Gable,CompShg,VinylSd,VinylSd,BrkFace,221.0,Gd,TA,PConc,Ex,TA,Gd,Unf,0.0,Unf,0.0,1765.0,1765.0,GasA,Ex,Y,SBrkr,1804,886,0,2690,0.0,0.0,2,1,4,1,Gd,9,Typ,1,Gd,BuiltIn,2003.0,Fin,3.0,795.0,TA,TA,Y,268,58,0,0,0,0,,,,0,7,2008,WD ,Normal,370000,137.54646840148698,high,164.48986361960928,31,1,5,5,4455.0,2.5,40
1069,1070,528180110,120,RL,58.0,10110,Pave,,IR1,Lvl,AllPub,Inside,Gtl,NridgHt,Norm,Norm,TwnhsE,1Story,9,5,2008,2008,Hip,CompShg,MetalSd,MetalSd,BrkFace,492.0,Ex,TA,PConc,Gd,TA,No,GLQ,372.0,Unf,0.0,1486.0,1858.0,GasA,Ex,Y,SBrkr,1866,0,0,1866,1.0,0.0,2,0,2,1,Ex,7,Typ,1,Gd,Attchd,2008.0,Fin,3.0,870.0,TA,TA,Y,0,48,0,0,0,0,,,,0,11,2008,New,Partial,336860,180.52518756698822,high,164.48986361960928,31,0,0,0,3724.0,3.0,45
1070,1071,528180140,120,RL,65.0,8769,Pave,,Reg,Lvl,AllPub,Corner,Gtl,NridgHt,Norm,Norm,TwnhsE,1Story,9,5,2008,2008,Hip,CompShg,MetalSd,MetalSd,BrkFace,766.0,Ex,TA,PConc,Ex,TA,No,GLQ,1540.0,Unf,0.0,162.0,1702.0,GasA,Ex,Y,SBrkr,1702,0,0,1702,1.0,0.0,1,1,1,1,Ex,7,Typ,1,Gd,Attchd,2008.0,Fin,3.0,1052.0,TA,TA,Y,0,72,0,0,224,0,,,,0,10,2008,New,Partial,367294,215.80141010575792,high,164.48986361960928,31,0,0,0,3404.0,2.5,45
1071,1072,528181010,120,RL,135.0,12304,Pave,,IR3,Lvl,AllPub,Corner,Gtl,NridgHt,Norm,Norm,TwnhsE,1Story,7,5,2005,2005,Gable,CompShg,VinylSd,VinylSd,Stone,144.0,Gd,TA,PConc,Gd,TA,No,GLQ,20.0,Unf,0.0,1347.0,1367.0,GasA,Ex,Y,SBrkr,1367,0,0,1367,0.0,0.0,2,0,2,1,Gd,6,Typ,1,Gd,Attchd,2005.0,RFn,2.0,484.0,TA,TA,Y,0,33,0,0,0,0,,,,0,6,2008,WD ,Normal,192000,140.45354791514265,high,164.48986361960928,31,1,3,3,2734.0,2.0,35
1072,1073,528186030,120,RL,62.0,12677,Pave,,IR1,Lvl,AllPub,Inside,Gtl,NridgHt,Norm,Norm,TwnhsE,1Story,8,5,2003,2004,Hip,CompShg,MetalSd,MetalSd,BrkFace,472.0,Ex,TA,PConc,Ex,TA,Gd,GLQ,1218.0,Unf,0.0,300.0,1518.0,GasA,Ex,Y,SBrkr,1518,0,0,1518,0.0,0.0,1,1,1,1,Ex,6,Typ,1,Gd,Attchd,2003.0,RFn,2.0,588.0,TA,TA,Y,185,140,0,0,0,0,,,,0,4,2008,WD ,Normal,274000,180.5006587615283,high,164.48986361960928,31,0,5,4,3036.0,1.5,40
1073,1074,528186080,120,RL,63.0,8849,Pave,,IR1,Lvl,AllPub,Inside,Gtl,NridgHt,Norm,Norm,TwnhsE,1Story,9,5,2005,2005,Hip,CompShg,MetalSd,MetalSd,BrkFace,616.0,Ex,TA,PConc,Ex,TA,No,GLQ,28.0,Unf,0.0,1656.0,1684.0,GasA,Ex,Y,SBrkr,1684,0,0,1684,0.0,0.0,2,0,2,1,Ex,6,Typ,1,Ex,Attchd,2005.0,RFn,2.0,564.0,TA,TA,Y,495,72,0,0,0,0,,,,0,7,2008,WD ,Normal,266000,157.95724465558195,high,164.48986361960928,31,0,3,3,3368.0,2.0,45
1074,1075,528186130,120,RL,89.0,8232,Pave,,IR1,Lvl,AllPub,Inside,Gtl,NridgHt,Norm,Norm,TwnhsE,1Story,9,5,2007,2008,Hip,CompShg,MetalSd,MetalSd,BrkFace,714.0,Ex,TA,PConc,Ex,TA,No,GLQ,1204.0,Unf,0.0,596.0,1800.0,GasA,Ex,Y,SBrkr,1800,0,0,1800,1.0,0.0,2,0,2,1,Ex,6,Typ,1,Gd,Attchd,2008.0,RFn,3.0,944.0,TA,TA,Y,210,0,0,0,0,0,,,,0,6,2008,New,Partial,370967,206.09277777777777,high,164.48986361960928,31,0,1,0,3600.0,3.0,45
1075,1076,528186160,120,RL,48.0,6240,Pave,,Reg,Lvl,AllPub,Inside,Gtl,NridgHt,Norm,Norm,TwnhsE,1Story,8,5,2006,2007,Hip,CompShg,MetalSd,MetalSd,BrkFace,176.0,Gd,TA,PConc,Gd,TA,No,GLQ,846.0,Unf,0.0,496.0,1342.0,GasA,Ex,Y,SBrkr,1342,0,0,1342,1.0,0.0,2,0,2,1,Gd,6,Typ,1,Gd,Attchd,2007.0,Fin,2.0,550.0,TA,TA,Y,0,35,0,0,0,0,,,,0,6,2008,WD ,Normal,234250,174.55290611028315,high,164.48986361960928,31,0,2,1,2684.0,3.0,40
1076,1077,528186170,120,RL,48.0,6240,Pave,,Reg,Lvl,AllPub,Inside,Gtl,NridgHt,Norm,Norm,TwnhsE,1Story,8,5,2006,2007,Hip,CompShg,MetalSd,MetalSd,BrkFace,196.0,Gd,TA,PConc,Gd,TA,No,GLQ,24.0,Unf,0.0,1318.0,1342.0,GasA,Ex,Y,SBrkr,1342,0,0,1342,0.0,0.0,2,0,2,1,Gd,6,Typ,1,Gd,Attchd,2007.0,RFn,2.0,550.0,TA,TA,Y,0,35,0,0,0,0,,,,0,2,2008,WD ,Normal,219500,163.5618479880775,high,164.48986361960928,31,0,2,1,2684.0,2.0,40
1077,1078,528188090,160,RL,36.0,2448,Pave,,Reg,Lvl,AllPub,Inside,Gtl,NridgHt,Norm,Norm,Twnhs,2Story,7,5,2003,2004,Gable,CompShg,VinylSd,Wd Shng,Stone,106.0,Gd,TA,PConc,Gd,TA,No,Unf,0.0,Unf,0.0,764.0,764.0,GasA,Ex,Y,SBrkr,764,862,0,1626,0.0,0.0,2,1,2,1,Gd,6,Typ,0,,BuiltIn,2003.0,RFn,2.0,474.0,TA,TA,Y,0,27,0,0,0,0,,,,0,10,2008,WD ,Normal,155000,95.3259532595326,high,164.48986361960928,31,1,5,4,2390.0,2.5,35
1078,1079,528188150,160,RL,36.0,2448,Pave,,Reg,Lvl,AllPub,Inside,Gtl,NridgHt,Norm,Norm,Twnhs,2Story,7,5,2003,2004,Gable,CompShg,VinylSd,Wd Shng,Stone,106.0,Gd,TA,PConc,Gd,TA,No,GLQ,573.0,Unf,0.0,191.0,764.0,GasA,Ex,Y,SBrkr,764,862,0,1626,1.0,0.0,2,1,2,1,Gd,6,Typ,0,,BuiltIn,2003.0,RFn,2.0,474.0,TA,TA,Y,0,27,0,0,0,0,,,,0,10,2008,WD ,Normal,154000,94.71094710947109,high,164.48986361960928,31,1,5,4,2390.0,3.5,35
1079,1080,528190010,120,RM,59.0,8198,Pave,,Reg,Lvl,AllPub,FR3,Gtl,NridgHt,Norm,Norm,TwnhsE,1Story,7,5,2004,2004,Gable,CompShg,VinylSd,VinylSd,Stone,146.0,Gd,TA,PConc,Gd,TA,Av,GLQ,720.0,Unf,0.0,638.0,1358.0,GasA,Ex,Y,SBrkr,1358,0,0,1358,1.0,0.0,2,0,2,1,Gd,6,Typ,1,Gd,Attchd,2004.0,RFn,2.0,484.0,TA,TA,Y,192,30,0,0,0,0,,,,0,7,2008,WD ,Normal,207000,152.43004418262151,high,164.48986361960928,31,0,4,4,2716.0,3.0,35
1080,1081,528228345,120,RL,,3940,Pave,,Reg,Lvl,AllPub,Inside,Gtl,Blmngtn,Norm,Norm,TwnhsE,1Story,7,5,2003,2003,Gable,CompShg,VinylSd,VinylSd,BrkFace,143.0,Gd,TA,PConc,Gd,TA,Gd,GLQ,1073.0,Unf,0.0,342.0,1415.0,GasA,Ex,Y,SBrkr,1455,0,0,1455,1.0,0.0,2,0,2,1,Gd,6,Typ,1,TA,Attchd,2003.0,Fin,3.0,644.0,TA,TA,Y,156,20,0,0,144,0,,,,0,8,2008,WD ,Normal,195000,134.02061855670104,high,134.02061855670104,5,0,5,5,2870.0,3.0,35
1081,1082,528228405,120,RM,,3940,Pave,,Reg,Lvl,AllPub,Inside,Gtl,Blmngtn,Norm,Norm,TwnhsE,1Story,7,5,2004,2004,Hip,CompShg,VinylSd,VinylSd,BrkFace,24.0,Gd,TA,PConc,Gd,TA,No,GLQ,1087.0,Unf,0.0,306.0,1393.0,GasA,Ex,Y,SBrkr,1576,0,0,1576,1.0,0.0,2,0,2,1,Gd,7,Typ,1,TA,Attchd,2004.0,RFn,3.0,668.0,TA,TA,Y,143,20,0,0,0,0,,,,0,5,2008,WD ,Normal,219990,139.58756345177665,high,134.02061855670104,5,0,4,4,2969.0,3.0,35
1082,1083,528228445,120,RL,43.0,3182,Pave,,Reg,Lvl,AllPub,Inside,Gtl,Blmngtn,Norm,Norm,TwnhsE,1Story,7,5,2005,2006,Gable,CompShg,VinylSd,VinylSd,BrkFace,14.0,Gd,TA,PConc,Gd,Gd,No,GLQ,16.0,Unf,0.0,1330.0,1346.0,GasA,Ex,Y,SBrkr,1504,0,0,1504,0.0,0.0,2,0,2,1,Gd,7,Typ,1,Gd,Attchd,2005.0,Fin,2.0,437.0,TA,TA,Y,156,20,0,0,0,0,,,,0,5,2008,WD ,Normal,191000,126.99468085106383,high,134.02061855670104,5,0,3,2,2850.0,2.0,35
1083,1084,528228465,20,RL,43.0,3182,Pave,,Reg,Lvl,AllPub,Inside,Gtl,Blmngtn,Norm,Norm,1Fam,1Story,7,5,2007,2007,Gable,CompShg,VinylSd,VinylSd,BrkFace,16.0,Gd,TA,PConc,Gd,TA,Av,Unf,0.0,Unf,0.0,1266.0,1266.0,GasA,Ex,Y,SBrkr,1266,0,0,1266,0.0,0.0,2,0,2,1,Gd,6,Typ,1,Gd,Attchd,2007.0,Fin,2.0,388.0,TA,TA,Y,100,16,0,0,0,0,,,,0,3,2008,WD ,Normal,159895,126.29936808846762,high,134.02061855670104,5,0,1,1,2532.0,2.0,35
1084,1085,528228540,20,RL,53.0,3710,Pave,,Reg,Lvl,AllPub,Inside,Gtl,Blmngtn,Norm,Norm,1Fam,1Story,7,5,2007,2008,Gable,CompShg,WdShing,Wd Shng,BrkFace,20.0,Gd,TA,PConc,Gd,TA,Gd,Unf,0.0,Unf,0.0,1146.0,1146.0,GasA,Ex,Y,SBrkr,1246,0,0,1246,0.0,0.0,2,0,2,1,Gd,5,Typ,1,Gd,Attchd,2007.0,Fin,2.0,428.0,TA,TA,Y,100,24,0,0,0,0,,,,0,3,2008,New,Partial,187687,150.63162118780096,high,134.02061855670104,5,0,1,0,2392.0,2.0,35
1085,1086,528235020,60,RL,80.0,9024,Pave,,IR1,Lvl,AllPub,Inside,Gtl,Gilbert,Norm,Norm,1Fam,2Story,6,5,2004,2004,Gable,CompShg,VinylSd,VinylSd,,0.0,Gd,TA,PConc,Gd,TA,No,Unf,0.0,Unf,0.0,789.0,789.0,GasA,Ex,Y,SBrkr,813,702,0,1515,0.0,0.0,2,1,3,1,Gd,8,Typ,1,Gd,Attchd,2004.0,Fin,2.0,393.0,TA,TA,Y,0,75,0,0,0,0,,,,0,7,2008,WD ,Normal,179000,118.15181518151815,mid,113.11625941178417,16,0,4,4,2304.0,2.5,30
1086,1087,528235120,60,RL,62.0,7415,Pave,,IR1,Lvl,AllPub,Inside,Gtl,Gilbert,Norm,Norm,1Fam,2Story,6,5,2004,2004,Gable,CompShg,VinylSd,VinylSd,,0.0,TA,TA,PConc,TA,TA,No,GLQ,759.0,Unf,0.0,80.0,839.0,GasA,Ex,Y,SBrkr,864,729,0,1593,1.0,0.0,2,1,3,1,TA,8,Typ,1,TA,Attchd,2004.0,Fin,2.0,398.0,TA,TA,Y,100,75,0,0,0,0,,,,0,4,2008,WD ,Normal,193000,121.15505335844318,mid,113.11625941178417,16,0,4,4,2432.0,3.5,30
1087,1088,528235180,80,RL,59.0,9587,Pave,,IR1,Lvl,AllPub,Inside,Gtl,Gilbert,Norm,Norm,1Fam,SLvl,7,5,2005,2005,Gable,CompShg,VinylSd,VinylSd,Stone,182.0,Gd,TA,PConc,Gd,TA,Gd,GLQ,655.0,Unf,0.0,201.0,856.0,GasA,Ex,Y,SBrkr,1166,0,0,1166,1.0,0.0,2,0,2,1,Gd,5,Typ,0,,Attchd,2005.0,Fin,2.0,400.0,TA,TA,Y,212,0,0,0,0,0,,,,0,7,2008,WD ,Normal,190000,162.95025728987994,high,116.22257412062393,10,0,3,3,2022.0,3.0,35
1088,1089,528240040,60,RL,51.0,8029,Pave,,IR1,Lvl,AllPub,Inside,Gtl,Gilbert,Norm,Norm,1Fam,2Story,6,5,2005,2005,Gable,CompShg,VinylSd,VinylSd,,0.0,TA,TA,PConc,Gd,TA,No,Unf,0.0,Unf,0.0,728.0,728.0,GasA,Ex,Y,SBrkr,728,728,0,1456,0.0,0.0,2,1,3,1,Gd,8,Typ,0,,Attchd,2005.0,Fin,2.0,400.0,TA,TA,Y,100,24,0,0,0,0,,,,0,7,2008,WD ,Normal,176000,120.87912087912088,mid,113.11625941178417,16,0,3,3,2184.0,2.5,30
1089,1090,528240050,60,RL,,8010,Pave,,IR1,Lvl,AllPub,Inside,Gtl,Gilbert,Norm,Norm,1Fam,2Story,7,5,2002,2003,Gable,CompShg,VinylSd,VinylSd,,0.0,Gd,TA,PConc,Gd,TA,No,Unf,0.0,Unf,0.0,840.0,840.0,GasA,Ex,Y,SBrkr,840,880,0,1720,0.0,0.0,2,1,3,1,Gd,7,Typ,1,Gd,BuiltIn,2002.0,Fin,2.0,400.0,TA,TA,Y,138,48,0,0,0,0,,,,0,7,2008,WD ,Normal,188000,109.30232558139535,high,116.22257412062393,10,0,6,5,2560.0,2.5,35
1090,1091,528250030,60,RL,,8396,Pave,,IR1,Lvl,AllPub,Inside,Gtl,Gilbert,Norm,Norm,1Fam,2Story,7,5,2003,2003,Gable,CompShg,VinylSd,VinylSd,BrkFace,196.0,Gd,TA,PConc,Gd,TA,No,Unf,0.0,Unf,0.0,847.0,847.0,GasA,Ex,Y,SBrkr,847,1139,0,1986,0.0,0.0,2,1,4,1,Gd,9,Typ,1,Gd,BuiltIn,2003.0,Fin,2.0,434.0,TA,TA,Y,120,48,0,0,0,0,,,,0,5,2008,WD ,Normal,213000,107.25075528700906,high,116.22257412062393,10,0,5,5,2833.0,2.5,35
1091,1092,528253020,120,RL,55.0,7301,Pave,,IR1,Lvl,AllPub,Inside,Gtl,NridgHt,Norm,Norm,TwnhsE,1Story,7,6,2007,2008,Gable,CompShg,VinylSd,VinylSd,Stone,176.0,Gd,TA,PConc,Gd,TA,No,GLQ,876.0,Unf,0.0,474.0,1350.0,GasA,Ex,Y,SBrkr,1358,0,0,1358,1.0,0.0,2,0,2,1,Gd,6,Typ,1,Gd,Attchd,2008.0,RFn,2.0,484.0,TA,TA,Y,192,26,0,0,0,0,,,,0,11,2008,New,Partial,217300,160.01472754050073,high,164.48986361960928,31,0,1,0,2708.0,3.0,42
1092,1093,528280130,60,RL,93.0,10261,Pave,,IR1,Lvl,AllPub,Inside,Gtl,Gilbert,Norm,Norm,1Fam,2Story,6,5,2000,2000,Gable,CompShg,VinylSd,VinylSd,BrkFace,318.0,TA,TA,PConc,Gd,TA,No,Unf,0.0,Unf,0.0,936.0,936.0,GasA,Ex,Y,SBrkr,962,830,0,1792,1.0,0.0,2,1,3,1,TA,8,Typ,1,TA,Attchd,2000.0,Fin,2.0,451.0,TA,TA,Y,0,0,0,0,0,0,,,,0,5,2008,WD ,Normal,186500,104.07366071428571,mid,113.11625941178417,16,0,8,8,2728.0,3.5,30
1093,1094,528280180,60,RL,71.0,8220,Pave,,IR1,Lvl,AllPub,Inside,Gtl,Gilbert,Norm,Norm,1Fam,2Story,7,5,2000,2001,Gable,CompShg,VinylSd,VinylSd,BrkFace,647.0,Gd,TA,PConc,Gd,TA,Av,GLQ,544.0,Unf,0.0,438.0,982.0,GasA,Ex,Y,SBrkr,1008,884,0,1892,0.0,0.0,2,1,3,1,TA,8,Typ,1,TA,Attchd,2000.0,RFn,2.0,431.0,TA,TA,Y,108,0,0,0,0,0,,,,0,7,2008,WD ,Normal,226750,119.84672304439746,high,116.22257412062393,10,0,8,7,2874.0,2.5,35
1094,1095,528290010,60,RL,60.0,15384,Pave,,IR1,Lvl,AllPub,Inside,Gtl,Gilbert,RRAn,Norm,1Fam,2Story,7,5,2004,2005,Gable,CompShg,VinylSd,VinylSd,,0.0,Gd,TA,PConc,Gd,TA,Av,GLQ,724.0,Unf,0.0,64.0,788.0,GasA,Ex,Y,SBrkr,788,702,0,1490,1.0,0.0,2,1,3,1,Gd,8,Typ,1,Gd,Attchd,2004.0,Fin,2.0,388.0,TA,TA,Y,100,75,0,0,0,0,,,,0,2,2008,WD ,Normal,184000,123.48993288590604,high,116.22257412062393,10,0,4,3,2278.0,3.5,35
1095,1096,528290090,60,RL,,7750,Pave,,Reg,Lvl,AllPub,Inside,Gtl,Gilbert,RRAn,Norm,1Fam,2Story,7,5,2002,2002,Gable,CompShg,VinylSd,VinylSd,,,Gd,TA,PConc,Gd,TA,No,Unf,0.0,Unf,0.0,707.0,707.0,GasA,Ex,Y,SBrkr,707,707,0,1414,0.0,0.0,2,1,3,1,Gd,6,Typ,1,Gd,Attchd,2002.0,Fin,2.0,403.0,TA,TA,Y,100,35,0,0,0,0,,,,0,4,2008,WD ,Normal,176000,124.46958981612447,high,116.22257412062393,10,0,6,6,2121.0,2.5,35
1096,1097,528292060,60,RL,41.0,12460,Pave,,IR1,Lvl,AllPub,FR2,Gtl,Gilbert,RRAn,Norm,1Fam,2Story,7,5,1999,2000,Gable,CompShg,VinylSd,VinylSd,,0.0,Gd,TA,PConc,Gd,TA,No,GLQ,870.0,Unf,0.0,167.0,1037.0,GasA,Ex,Y,SBrkr,1037,1285,0,2322,0.0,0.0,2,1,4,1,TA,8,Typ,1,TA,BuiltIn,1999.0,Fin,2.0,400.0,TA,TA,Y,144,44,0,0,0,0,,,,0,5,2008,WD ,Normal,225000,96.89922480620154,high,116.22257412062393,10,1,9,8,3359.0,2.5,35
1097,1098,528294060,60,RL,77.0,8390,Pave,,IR1,Lvl,AllPub,Inside,Gtl,Gilbert,Norm,Norm,1Fam,2Story,7,5,1999,1999,Gable,CompShg,VinylSd,VinylSd,,0.0,TA,TA,PConc,Gd,TA,No,Unf,0.0,Unf,0.0,831.0,831.0,GasA,Ex,Y,SBrkr,873,778,0,1651,0.0,0.0,2,1,3,1,TA,7,Typ,1,TA,BuiltIn,1999.0,Fin,2.0,450.0,TA,TA,Y,0,103,0,0,0,0,,,,0,5,2008,WD ,Normal,185900,112.5984251968504,high,116.22257412062393,10,0,9,9,2482.0,2.5,35
1098,1099,528315060,75,RL,84.0,9660,Pave,,Reg,Lvl,AllPub,Inside,Gtl,NoRidge,Norm,Norm,1Fam,2.5Unf,8,5,1997,1997,Hip,CompShg,HdBoard,HdBoard,BrkFace,1290.0,Gd,TA,PConc,Gd,TA,No,Unf,0.0,Unf,0.0,1173.0,1173.0,GasA,Ex,Y,SBrkr,1182,1017,0,2199,0.0,0.0,2,1,3,1,Gd,9,Typ,1,TA,Attchd,1997.0,Fin,2.0,516.0,TA,TA,Y,0,131,0,0,0,0,,,,0,9,2008,WD ,Normal,284500,129.37698954070032,high,131.52941176470588,13,0,11,11,3372.0,2.5,40
1099,1100,528315110,60,RL,80.0,9200,Pave,,Reg,Lvl,AllPub,Inside,Gtl,NoRidge,Norm,Norm,1Fam,2Story,8,5,1998,1998,Gable,CompShg,VinylSd,VinylSd,BrkFace,473.0,Gd,TA,PConc,Gd,TA,No,GLQ,986.0,Unf,0.0,484.0,1470.0,GasA,Gd,Y,SBrkr,1470,1160,0,2630,1.0,0.0,2,1,4,1,Gd,8,Typ,1,TA,Attchd,1998.0,Fin,3.0,696.0,TA,TA,Y,0,66,0,0,0,0,,,,0,6,2008,WD ,Normal,315000,119.77186311787072,high,131.52941176470588,13,0,10,10,4100.0,3.5,40
1100,1101,528326030,60,RL,84.0,14260,Pave,,IR1,Lvl,AllPub,FR2,Gtl,NoRidge,Norm,Norm,1Fam,2Story,8,5,2000,2000,Gable,CompShg,VinylSd,VinylSd,BrkFace,350.0,Gd,TA,PConc,Gd,TA,Av,GLQ,655.0,Unf,0.0,490.0,1145.0,GasA,Ex,Y,SBrkr,1145,1053,0,2198,1.0,0.0,2,1,4,1,Gd,9,Typ,1,TA,Attchd,2000.0,RFn,3.0,836.0,TA,TA,Y,192,84,0,0,0,0,,,,0,12,2008,WD ,Normal,250000,113.73976342129208,high,131.52941176470588,13,1,8,8,3343.0,3.5,40
1101,1102,528326110,60,RL,,11000,Pave,,Reg,Lvl,AllPub,FR2,Gtl,NoRidge,Norm,Norm,1Fam,2Story,9,5,2000,2000,Hip,CompShg,VinylSd,VinylSd,BrkFace,295.0,Gd,TA,PConc,Ex,TA,Mn,Unf,0.0,Unf,0.0,1519.0,1519.0,GasA,Ex,Y,SBrkr,1533,639,0,2172,0.0,0.0,2,1,4,1,Ex,8,Typ,1,TA,BuiltIn,2000.0,RFn,3.0,687.0,TA,TA,Y,162,153,0,0,0,0,,,,0,6,2008,WD ,Normal,291000,133.97790055248618,high,131.52941176470588,13,0,8,8,3691.0,2.5,45
1102,1103,528346050,20,RL,136.0,11675,Pave,,IR1,Lvl,AllPub,Inside,Gtl,NoRidge,Norm,Norm,1Fam,1Story,8,5,1998,1998,Gable,CompShg,VinylSd,VinylSd,BrkFace,495.0,Gd,TA,PConc,Gd,TA,Av,GLQ,1660.0,Unf,0.0,322.0,1982.0,GasA,Ex,Y,SBrkr,2006,0,0,2006,1.0,0.0,2,0,2,1,Gd,5,Typ,1,TA,Attchd,1998.0,Fin,3.0,938.0,TA,TA,Y,144,33,0,0,0,0,,,,0,7,2008,WD ,Normal,350000,174.4765702891326,high,131.52941176470588,13,0,10,10,3988.0,3.0,40
1103,1104,528354100,60,RL,97.0,10990,Pave,,IR1,Lvl,AllPub,CulDSac,Gtl,NoRidge,Norm,Norm,1Fam,2Story,7,5,1996,1997,Gable,CompShg,VinylSd,VinylSd,,0.0,Gd,TA,PConc,Ex,TA,No,GLQ,851.0,Unf,0.0,213.0,1064.0,GasA,Ex,Y,SBrkr,1064,1061,0,2125,1.0,0.0,2,1,4,1,Gd,12,Typ,2,TA,Attchd,1996.0,RFn,2.0,576.0,TA,TA,Y,168,0,0,0,0,0,,,,0,6,2008,WD ,Normal,279500,131.52941176470588,high,131.52941176470588,13,0,12,11,3189.0,3.5,35
1104,1105,528363020,60,RL,,11929,Pave,,IR1,Lvl,AllPub,CulDSac,Gtl,NoRidge,Norm,Norm,1Fam,2Story,8,7,1995,1995,Gable,CompShg,VinylSd,VinylSd,BrkFace,466.0,Gd,TA,PConc,Gd,TA,Av,Unf,0.0,Unf,0.0,1242.0,1242.0,GasA,Ex,Y,SBrkr,1251,1250,0,2501,0.0,0.0,2,1,4,1,Gd,9,Typ,1,TA,Attchd,1995.0,RFn,3.0,751.0,TA,TA,Y,192,87,0,0,0,0,,,,0,6,2008,WD ,Normal,290000,115.95361855257897,high,131.52941176470588,13,1,13,13,3743.0,2.5,56
1105,1106,528363110,20,RL,91.0,10437,Pave,,IR1,Lvl,AllPub,Inside,Gtl,NoRidge,Norm,Norm,1Fam,1Story,8,6,1995,1995,Hip,CompShg,MetalSd,MetalSd,BrkFace,660.0,Gd,Gd,PConc,Gd,TA,Gd,GLQ,1696.0,Unf,0.0,413.0,2109.0,GasA,Ex,Y,SBrkr,2113,0,0,2113,1.0,0.0,2,1,2,1,Gd,7,Typ,1,TA,Attchd,1995.0,Fin,3.0,839.0,TA,TA,Y,236,46,0,0,0,0,,,,0,8,2008,WD ,Normal,350000,165.6412683388547,high,131.52941176470588,13,0,13,13,4222.0,3.5,48
1106,1107,528365060,60,RL,96.0,10542,Pave,,Reg,Lvl,AllPub,Inside,Gtl,NoRidge,Norm,Norm,1Fam,2Story,7,5,1993,1994,Hip,CompShg,Wd Sdng,ImStucc,BrkFace,651.0,Gd,TA,PConc,Gd,TA,Gd,GLQ,1173.0,Unf,0.0,138.0,1311.0,GasA,Ex,Y,SBrkr,1325,1093,0,2418,1.0,0.0,2,1,3,1,Gd,9,Typ,1,TA,Attchd,1993.0,RFn,3.0,983.0,TA,TA,Y,250,154,216,0,0,0,,,,0,8,2008,WD ,Normal,341000,141.02564102564102,high,131.52941176470588,13,0,15,14,3729.0,3.5,35
1107,1108,528365080,60,RL,91.0,10010,Pave,,Reg,Lvl,AllPub,Inside,Gtl,NoRidge,Norm,Norm,1Fam,2Story,7,5,1993,1994,Hip,WdShake,VinylSd,VinylSd,BrkFace,320.0,Gd,TA,PConc,Gd,TA,Av,BLQ,228.0,GLQ,852.0,0.0,1080.0,GasA,Ex,Y,SBrkr,1108,1089,0,2197,1.0,0.0,2,1,4,1,Gd,9,Typ,1,Gd,Attchd,1993.0,Fin,3.0,783.0,TA,TA,Y,385,99,0,0,0,0,,,,0,7,2008,WD ,Normal,287500,130.86026399635867,high,131.52941176470588,13,0,15,14,3277.0,3.5,35
1108,1109,528387050,60,RL,81.0,10944,Pave,,IR1,Lvl,AllPub,Inside,Gtl,NoRidge,Norm,Norm,1Fam,2Story,7,5,1994,1994,Gable,CompShg,VinylSd,VinylSd,BrkFace,448.0,Gd,TA,PConc,Gd,TA,No,GLQ,1000.0,Unf,0.0,223.0,1223.0,GasA,Ex,Y,SBrkr,1223,904,0,2127,1.0,0.0,2,1,3,1,Gd,5,Typ,2,TA,Attchd,1994.0,RFn,2.0,525.0,TA,TA,Y,171,132,0,0,0,0,,,,0,8,2008,WD ,Normal,271000,127.40949694405266,high,131.52941176470588,13,0,14,14,3350.0,3.5,35
1109,1110,528390020,20,RL,91.0,14303,Pave,,IR1,Lvl,AllPub,Corner,Gtl,NoRidge,Norm,Norm,1Fam,1Story,8,5,1994,1994,Hip,CompShg,HdBoard,HdBoard,BrkFace,554.0,Gd,TA,PConc,Gd,TA,Gd,GLQ,1314.0,Unf,0.0,672.0,1986.0,GasA,Ex,Y,SBrkr,1987,0,0,1987,1.0,0.0,2,0,2,1,Gd,7,Typ,1,TA,Attchd,1994.0,Fin,2.0,691.0,TA,TA,Y,262,36,0,0,0,0,,,,0,8,2008,WD ,Normal,301500,151.7362858580775,high,131.52941176470588,13,0,14,14,3973.0,3.0,40
1110,1111,528427010,20,RL,92.0,11932,Pave,,Reg,Lvl,AllPub,FR2,Gtl,Somerst,Feedr,Norm,1Fam,1Story,8,5,2007,2008,Gable,CompShg,VinylSd,VinylSd,Stone,186.0,Gd,TA,PConc,Gd,TA,No,Unf,0.0,Unf,0.0,1580.0,1580.0,GasA,Ex,Y,SBrkr,1580,0,0,1580,0.0,0.0,2,0,3,1,Gd,7,Typ,0,,Attchd,2008.0,RFn,3.0,830.0,TA,TA,Y,0,24,0,0,0,0,,,,0,6,2008,ConLD,Partial,235128,148.81518987341772,high,144.17049728374425,37,0,1,0,3160.0,2.0,40
1111,1112,528427070,60,RL,86.0,14598,Pave,,IR1,Lvl,AllPub,CulDSac,Gtl,Somerst,Feedr,Norm,1Fam,2Story,6,5,2007,2007,Gable,CompShg,VinylSd,VinylSd,Stone,74.0,Gd,TA,PConc,Gd,TA,Mn,Unf,0.0,Unf,0.0,894.0,894.0,GasA,Ex,Y,SBrkr,894,1039,0,1933,0.0,0.0,2,1,4,1,Gd,9,Typ,1,Gd,BuiltIn,2007.0,Fin,3.0,668.0,TA,TA,Y,100,18,0,0,0,0,,,,0,1,2008,WD ,Normal,214000,110.7087428867046,mid,115.85070938837481,4,0,1,1,2827.0,2.5,30
1112,1113,528429050,20,RL,75.0,11957,Pave,,IR1,Lvl,AllPub,Inside,Gtl,Somerst,RRAn,Norm,1Fam,1Story,8,5,2006,2006,Gable,CompShg,VinylSd,VinylSd,BrkFace,53.0,Gd,TA,PConc,Gd,TA,No,GLQ,24.0,Unf,0.0,1550.0,1574.0,GasA,Ex,Y,SBrkr,1574,0,0,1574,0.0,0.0,2,0,3,1,Gd,7,Typ,1,Gd,Attchd,2006.0,RFn,3.0,824.0,TA,TA,Y,144,104,0,0,0,0,,,,0,7,2008,WD ,Normal,232000,147.39517153748412,high,144.17049728374425,37,0,2,2,3148.0,2.0,40
1113,1114,528429070,20,RL,74.0,13253,Pave,,IR1,Lvl,AllPub,Inside,Gtl,Somerst,RRAn,Norm,1Fam,1Story,7,5,2006,2006,Gable,CompShg,VinylSd,VinylSd,BrkFace,128.0,Gd,TA,PConc,Ex,TA,No,GLQ,1096.0,Unf,0.0,482.0,1578.0,GasA,Gd,Y,SBrkr,1578,0,0,1578,1.0,0.0,2,0,3,1,Gd,7,Typ,1,Gd,Attchd,2006.0,Unf,3.0,642.0,TA,TA,Y,0,26,0,0,0,0,,,,0,5,2008,WD ,Normal,240000,152.0912547528517,high,144.17049728374425,37,0,2,2,3156.0,3.0,35
1114,1115,528429080,20,RL,75.0,14587,Pave,,IR1,Lvl,AllPub,Inside,Gtl,Somerst,Norm,Norm,1Fam,1Story,9,5,2008,2008,Gable,CompShg,VinylSd,VinylSd,Stone,284.0,Gd,TA,PConc,Gd,TA,No,Unf,0.0,Unf,0.0,1498.0,1498.0,GasA,Ex,Y,SBrkr,1506,0,0,1506,0.0,0.0,2,0,2,1,Ex,6,Typ,1,Gd,Attchd,2008.0,Fin,2.0,592.0,TA,TA,Y,0,174,0,0,0,0,,,,0,8,2008,New,Partial,264132,175.38645418326692,high,144.17049728374425,37,0,0,0,3004.0,2.0,45
1115,1116,528431060,20,RL,78.0,10206,Pave,,Reg,Lvl,AllPub,Inside,Gtl,Somerst,Norm,Norm,1Fam,1Story,8,5,2007,2007,Gable,CompShg,VinylSd,VinylSd,Stone,468.0,TA,TA,PConc,Gd,TA,No,GLQ,33.0,Unf,0.0,1530.0,1563.0,GasA,Ex,Y,SBrkr,1563,0,0,1563,0.0,0.0,2,0,3,1,Gd,6,Typ,1,Gd,Attchd,2007.0,RFn,3.0,758.0,TA,TA,Y,144,99,0,0,0,0,,,,0,10,2008,WD ,Normal,245000,156.7498400511836,high,144.17049728374425,37,0,1,1,3126.0,2.0,40
1116,1117,528431080,20,RL,91.0,12274,Pave,,IR1,Lvl,AllPub,FR2,Gtl,Somerst,Norm,Norm,1Fam,1Story,7,5,2008,2008,Gable,CompShg,VinylSd,VinylSd,Stone,256.0,Gd,TA,PConc,Gd,TA,No,Unf,0.0,Unf,0.0,1417.0,1417.0,GasA,Ex,Y,SBrkr,1428,0,0,1428,0.0,0.0,2,0,3,1,Ex,6,Typ,0,,Attchd,2008.0,RFn,2.0,554.0,TA,TA,Y,0,60,0,0,0,0,,,,0,7,2008,New,Partial,227680,159.43977591036415,high,144.17049728374425,37,0,0,0,2845.0,2.0,35
1117,1118,528431120,60,RL,73.0,9801,Pave,,Reg,Lvl,AllPub,Inside,Gtl,Somerst,Norm,Norm,1Fam,2Story,8,5,2007,2007,Gable,CompShg,VinylSd,VinylSd,Stone,156.0,Gd,TA,PConc,Gd,TA,Av,Unf,0.0,Unf,0.0,1341.0,1341.0,GasA,Ex,Y,SBrkr,1341,520,0,1861,0.0,0.0,3,0,3,1,Gd,7,Typ,1,Gd,BuiltIn,2007.0,RFn,3.0,851.0,TA,TA,Y,144,60,0,0,0,0,,,,0,7,2008,WD ,Normal,257000,138.09779688339603,high,144.17049728374425,37,0,1,1,3202.0,3.0,40
1118,1119,528435020,60,RL,80.0,9428,Pave,,Reg,Lvl,AllPub,Inside,Gtl,Somerst,Norm,Norm,1Fam,2Story,8,5,2007,2008,Hip,CompShg,VinylSd,VinylSd,Stone,310.0,Gd,TA,PConc,Gd,TA,Av,GLQ,729.0,Unf,0.0,226.0,955.0,GasA,Ex,Y,SBrkr,955,919,0,1874,1.0,0.0,2,1,3,1,Gd,8,Typ,1,Gd,Attchd,2007.0,Fin,3.0,880.0,TA,TA,Y,168,108,0,0,0,0,,,,0,2,2008,New,Partial,297900,158.96478121664887,high,144.17049728374425,37,0,1,0,2829.0,3.5,40
1119,1120,528439010,20,RL,87.0,10037,Pave,,Reg,Lvl,AllPub,Corner,Gtl,Somerst,Feedr,Norm,1Fam,1Story,8,5,2006,2007,Hip,CompShg,VinylSd,VinylSd,,,Gd,TA,PConc,Ex,TA,No,GLQ,666.0,Unf,0.0,794.0,1460.0,GasA,Ex,Y,SBrkr,1460,0,0,1460,0.0,0.0,2,0,3,1,Gd,6,Typ,1,Gd,Attchd,2006.0,Fin,2.0,480.0,TA,TA,Y,0,20,0,0,0,0,,,,0,8,2008,WD ,Normal,247000,169.17808219178082,high,144.17049728374425,37,0,2,1,2920.0,2.0,40
1120,1121,528458030,20,FV,72.0,8640,Pave,,Reg,Lvl,AllPub,Inside,Gtl,Somerst,Norm,Norm,1Fam,1Story,8,5,2007,2008,Gable,CompShg,VinylSd,VinylSd,,0.0,Gd,TA,PConc,Gd,TA,No,GLQ,24.0,Unf,0.0,1339.0,1363.0,GasA,Ex,Y,SBrkr,1372,0,0,1372,0.0,0.0,2,0,3,1,Gd,6,Typ,0,,Attchd,2008.0,RFn,2.0,588.0,TA,TA,Y,192,113,0,0,0,0,,,,0,7,2008,New,Partial,212700,155.02915451895043,high,144.17049728374425,37,0,1,0,2735.0,2.0,40
1121,1122,528458050,20,FV,72.0,8640,Pave,,Reg,Lvl,AllPub,Inside,Gtl,Somerst,Norm,Norm,1Fam,1Story,7,5,2007,2008,Gable,CompShg,VinylSd,VinylSd,,0.0,Gd,TA,PConc,Ex,TA,No,Unf,0.0,Unf,0.0,1372.0,1372.0,GasA,Ex,Y,SBrkr,1372,0,0,1372,0.0,0.0,2,0,3,1,Gd,6,Typ,0,,Attchd,2008.0,Fin,2.0,529.0,TA,TA,Y,0,140,0,0,0,0,,,,0,5,2008,New,Partial,250580,182.6384839650146,high,144.17049728374425,37,0,1,0,2744.0,2.0,35
1122,1123,528462040,20,FV,95.0,11639,Pave,,Reg,Lvl,AllPub,Corner,Gtl,Somerst,Norm,Norm,1Fam,1Story,7,5,2007,2008,Gable,CompShg,CemntBd,CmentBd,,,Gd,TA,PConc,Gd,TA,No,Unf,0.0,Unf,0.0,1428.0,1428.0,GasA,Ex,Y,SBrkr,1428,0,0,1428,0.0,0.0,2,0,3,1,Gd,6,Typ,0,,Attchd,2007.0,Fin,2.0,480.0,TA,TA,Y,0,120,0,0,0,0,,,,0,12,2008,New,Partial,182000,127.45098039215686,high,144.17049728374425,37,1,1,0,2856.0,2.0,35
1123,1124,528477040,60,FV,75.0,9803,Pave,,Reg,Lvl,AllPub,Inside,Gtl,Somerst,Norm,Norm,1Fam,2Story,7,5,2005,2005,Gable,CompShg,VinylSd,VinylSd,,0.0,Gd,TA,PConc,Gd,TA,No,GLQ,400.0,Unf,0.0,466.0,866.0,GasA,Gd,Y,SBrkr,866,902,0,1768,0.0,0.0,2,1,3,1,Gd,7,Typ,0,,Attchd,2005.0,RFn,2.0,603.0,TA,TA,Y,0,108,0,0,0,0,,,,0,2,2008,WD ,Normal,226700,128.2239819004525,high,144.17049728374425,37,1,3,3,2634.0,2.5,35
1124,1125,528478030,60,FV,75.0,9375,Pave,,Reg,Lvl,AllPub,Inside,Gtl,Somerst,Norm,Norm,1Fam,2Story,8,5,2003,2004,Hip,CompShg,VinylSd,VinylSd,BrkFace,768.0,Gd,TA,PConc,Ex,TA,No,Unf,0.0,Unf,0.0,1053.0,1053.0,GasA,Ex,Y,SBrkr,1053,939,0,1992,0.0,0.0,2,1,3,1,Gd,9,Typ,1,Gd,Attchd,2003.0,RFn,2.0,648.0,TA,TA,Y,140,45,0,0,0,0,,,,0,8,2008,WD ,Normal,250000,125.50200803212851,high,144.17049728374425,37,1,5,4,3045.0,2.5,40
1125,1126,528478040,60,FV,85.0,10625,Pave,,Reg,Lvl,AllPub,Inside,Gtl,Somerst,Norm,Norm,1Fam,2Story,7,5,2005,2005,Gable,CompShg,CemntBd,CmentBd,,0.0,Gd,TA,PConc,Gd,TA,No,Unf,0.0,Unf,0.0,1026.0,1026.0,GasA,Ex,Y,SBrkr,1026,932,0,1958,0.0,0.0,2,1,3,1,Gd,9,Typ,1,Gd,Attchd,2005.0,Fin,3.0,936.0,TA,TA,Y,154,210,0,0,0,0,,,,0,7,2008,WD ,Normal,250000,127.68130745658836,high,144.17049728374425,37,1,3,3,2984.0,2.5,35
1126,1127,528480060,60,FV,85.0,10800,Pave,,Reg,Lvl,AllPub,Inside,Gtl,Somerst,Norm,Norm,1Fam,2Story,8,5,2007,2008,Gable,CompShg,VinylSd,VinylSd,Stone,100.0,Gd,TA,PConc,Ex,TA,No,GLQ,789.0,Unf,0.0,245.0,1034.0,GasA,Ex,Y,SBrkr,1050,1028,0,2078,1.0,0.0,2,1,3,1,Ex,8,Typ,1,Gd,Attchd,2008.0,Fin,3.0,836.0,TA,TA,Y,0,102,0,0,0,0,,,,0,4,2008,New,Partial,339750,163.4985563041386,high,144.17049728374425,37,0,1,0,3112.0,3.5,40
1127,1128,528480160,60,FV,65.0,8125,Pave,,Reg,Lvl,AllPub,Inside,Gtl,Somerst,Norm,Norm,1Fam,2Story,7,6,2007,2007,Gable,CompShg,CemntBd,CmentBd,,,Gd,TA,PConc,Gd,TA,No,Unf,0.0,Unf,0.0,813.0,813.0,GasA,Ex,Y,SBrkr,822,843,0,1665,0.0,0.0,2,1,3,1,Gd,7,Typ,0,,Attchd,2007.0,RFn,2.0,562.0,TA,TA,Y,0,0,0,0,0,0,,,,0,5,2008,WD ,Normal,205950,123.69369369369369,high,144.17049728374425,37,1,1,1,2478.0,2.5,42
1128,1129,528482020,20,FV,85.0,10625,Pave,,Reg,Lvl,AllPub,Inside,Gtl,Somerst,Norm,Norm,1Fam,1Story,8,5,2007,2007,Gable,CompShg,VinylSd,VinylSd,BrkFace,292.0,Gd,TA,PConc,Gd,TA,Av,Unf,0.0,Unf,0.0,1660.0,1660.0,GasA,Ex,Y,SBrkr,1660,0,0,1660,0.0,0.0,2,0,3,1,Gd,7,Typ,1,Gd,Attchd,2007.0,Fin,3.0,660.0,TA,TA,Y,133,120,0,0,0,0,,,,0,6,2008,WD ,Normal,256000,154.21686746987953,high,144.17049728374425,37,0,1,1,3320.0,2.0,40
1129,1130,528488140,20,FV,62.0,7500,Pave,Pave,Reg,Lvl,AllPub,Inside,Gtl,Somerst,Norm,Norm,1Fam,1Story,7,5,2007,2008,Gable,CompShg,CemntBd,CmentBd,Stone,210.0,Gd,TA,PConc,Gd,TA,No,GLQ,902.0,Unf,0.0,316.0,1218.0,GasA,Ex,Y,SBrkr,1218,0,0,1218,1.0,0.0,2,0,2,1,Gd,6,Typ,0,,Attchd,2008.0,Fin,2.0,462.0,TA,TA,Y,168,168,0,0,0,0,,,,0,4,2008,New,Partial,230348,189.11986863711002,high,144.17049728374425,37,0,1,0,2436.0,3.0,35
1130,1131,528490080,60,FV,64.0,8791,Pave,,IR1,Lvl,AllPub,Inside,Gtl,Somerst,Norm,Norm,1Fam,2Story,6,5,2003,2003,Gable,CompShg,VinylSd,VinylSd,,0.0,Gd,TA,PConc,Gd,TA,No,Rec,503.0,Unf,0.0,361.0,864.0,GasA,Ex,Y,SBrkr,864,864,0,1728,0.0,0.0,2,1,3,1,Gd,7,Typ,0,,Attchd,2003.0,RFn,2.0,673.0,TA,TA,Y,216,56,0,0,0,0,,,,0,5,2008,WD ,Normal,207500,120.08101851851852,mid,115.85070938837481,4,0,5,5,2592.0,2.5,30
1131,1132,531363060,20,RL,63.0,7500,Pave,,Reg,Lvl,AllPub,Inside,Gtl,SawyerW,Norm,Norm,1Fam,1Story,7,5,2004,2005,Gable,CompShg,VinylSd,VinylSd,BrkFace,120.0,TA,TA,PConc,Gd,TA,No,GLQ,680.0,Unf,0.0,400.0,1080.0,GasA,Ex,Y,SBrkr,1080,0,0,1080,1.0,0.0,1,0,3,1,Gd,6,Typ,0,,,,,0.0,0.0,,,Y,0,0,0,0,0,0,,,,0,4,2008,WD ,Normal,141000,130.55555555555554,high,114.06155703077852,11,0,4,3,2160.0,2.0,35
1132,1133,531371070,60,RL,68.0,10110,Pave,,Reg,Lvl,AllPub,Inside,Gtl,SawyerW,Norm,Norm,1Fam,2Story,6,5,2003,2003,Gable,CompShg,VinylSd,VinylSd,,0.0,Gd,TA,PConc,Gd,TA,Mn,GLQ,80.0,ALQ,555.0,200.0,835.0,GasA,Ex,Y,SBrkr,835,861,0,1696,1.0,0.0,2,1,3,1,Gd,7,Typ,0,,Attchd,2003.0,RFn,2.0,542.0,TA,TA,Y,143,66,0,0,0,0,,,,0,7,2008,WD ,Normal,188000,110.84905660377359,mid,114.42143877702142,14,0,5,5,2531.0,3.5,30
1133,1134,531373060,60,RL,67.0,12774,Pave,,Reg,Lvl,AllPub,FR2,Gtl,SawyerW,Norm,Norm,1Fam,2Story,7,5,2003,2004,Gable,CompShg,VinylSd,VinylSd,BrkFace,95.0,Gd,TA,PConc,Gd,TA,Av,Unf,0.0,Unf,0.0,835.0,835.0,GasA,Ex,Y,SBrkr,835,828,0,1663,0.0,0.0,2,1,3,1,Gd,8,Typ,0,,Attchd,2003.0,RFn,2.0,478.0,TA,TA,Y,168,68,0,0,0,0,,,,0,7,2008,WD ,Normal,192500,115.75466025255562,high,114.06155703077852,11,0,5,4,2498.0,2.5,35
1134,1135,531375050,20,RL,63.0,13072,Pave,,Reg,Lvl,AllPub,Inside,Gtl,SawyerW,RRAe,Norm,1Fam,1Story,6,5,2005,2006,Gable,CompShg,VinylSd,VinylSd,BrkFace,126.0,TA,TA,PConc,Gd,Gd,No,GLQ,80.0,Unf,0.0,1095.0,1175.0,GasA,Ex,Y,SBrkr,1175,0,0,1175,1.0,0.0,1,0,3,1,Gd,6,Typ,0,,,,,0.0,0.0,,,Y,0,90,0,0,0,0,,,,0,6,2008,WD ,Normal,146000,124.25531914893617,mid,114.42143877702142,14,0,3,2,2350.0,2.0,30
1135,1136,531375110,20,RL,66.0,13695,Pave,,Reg,Lvl,AllPub,Inside,Gtl,SawyerW,RRAe,Norm,1Fam,1Story,5,5,2004,2004,Gable,CompShg,VinylSd,VinylSd,,0.0,TA,TA,PConc,TA,TA,No,GLQ,646.0,Unf,0.0,468.0,1114.0,GasA,Ex,Y,SBrkr,1114,0,0,1114,1.0,0.0,1,1,3,1,Gd,6,Typ,0,,Detchd,2004.0,Unf,2.0,576.0,TA,TA,Y,0,102,0,0,0,0,,,,0,6,2008,WD ,Normal,159000,142.72890484739676,mid,114.42143877702142,14,0,4,4,2228.0,2.5,25
1136,1137,531375120,20,RL,66.0,13695,Pave,,Reg,Lvl,AllPub,Inside,Gtl,SawyerW,RRAe,Norm,1Fam,1Story,6,5,2003,2004,Gable,CompShg,VinylSd,VinylSd,,0.0,TA,TA,PConc,Gd,TA,No,GLQ,814.0,Unf,0.0,300.0,1114.0,GasA,Ex,Y,SBrkr,1114,0,0,1114,1.0,0.0,1,0,3,1,Gd,6,Typ,0,,Detchd,2004.0,Unf,2.0,576.0,TA,TA,Y,0,78,0,0,0,0,,,,0,7,2008,WD ,Normal,155000,139.13824057450628,mid,114.42143877702142,14,0,5,4,2228.0,2.0,30
1137,1138,531376010,60,RL,65.0,8366,Pave,,IR1,Lvl,AllPub,Inside,Gtl,SawyerW,Norm,Norm,1Fam,2Story,6,5,2004,2004,Gable,CompShg,VinylSd,VinylSd,,0.0,Gd,TA,PConc,Gd,TA,No,Unf,0.0,Unf,0.0,798.0,798.0,GasA,Ex,Y,SBrkr,798,842,0,1640,0.0,0.0,2,1,3,1,Gd,6,Typ,0,,Attchd,2004.0,RFn,2.0,520.0,TA,TA,Y,138,45,0,0,0,0,,,,0,12,2008,WD ,Normal,173000,105.48780487804878,mid,114.42143877702142,14,0,4,4,2438.0,2.5,30
1138,1139,531376070,20,RL,81.0,9260,Pave,,Reg,Lvl,AllPub,Corner,Gtl,SawyerW,Norm,Norm,1Fam,1Story,7,5,2007,2007,Gable,CompShg,VinylSd,VinylSd,,0.0,Gd,TA,PConc,Gd,TA,Mn,Unf,0.0,Unf,0.0,1162.0,1162.0,GasA,Ex,Y,SBrkr,1162,0,0,1162,0.0,0.0,2,0,3,1,Gd,6,Typ,0,,Attchd,2007.0,Fin,2.0,483.0,TA,TA,Y,0,32,0,0,0,0,,,,0,3,2008,WD ,Normal,170000,146.29948364888125,high,114.06155703077852,11,0,1,1,2324.0,2.0,35
1139,1140,531382090,60,RL,65.0,8453,Pave,,IR1,Lvl,AllPub,Inside,Gtl,SawyerW,Norm,Norm,1Fam,2Story,6,5,1995,1995,Gable,CompShg,VinylSd,VinylSd,BrkFace,38.0,Gd,TA,PConc,Gd,TA,No,GLQ,362.0,Unf,0.0,392.0,754.0,GasA,Ex,Y,SBrkr,754,855,0,1609,0.0,0.0,2,1,3,1,Gd,6,Typ,0,,Attchd,1995.0,RFn,2.0,525.0,TA,TA,Y,0,70,0,0,0,0,,,,0,4,2008,WD ,Normal,182000,113.11373523927905,mid,114.42143877702142,14,0,13,13,2363.0,2.5,30
1140,1141,531382110,60,RL,50.0,8480,Pave,,IR1,Lvl,AllPub,Inside,Gtl,SawyerW,Norm,Norm,1Fam,2Story,6,5,1993,1994,Gable,CompShg,HdBoard,HdBoard,BrkFace,120.0,Gd,TA,PConc,Gd,TA,No,GLQ,602.0,Unf,0.0,284.0,886.0,GasA,Ex,Y,SBrkr,886,794,0,1680,0.0,1.0,2,1,3,1,Gd,7,Typ,0,,Attchd,1993.0,RFn,2.0,474.0,TA,TA,Y,144,96,0,0,0,0,,,,0,10,2008,WD ,Normal,163000,97.02380952380952,mid,114.42143877702142,14,1,15,14,2566.0,3.0,30
1141,1142,531382120,20,RL,65.0,8125,Pave,,Reg,Lvl,AllPub,Inside,Gtl,SawyerW,Norm,Norm,1Fam,1Story,6,5,1994,1998,Gable,CompShg,HdBoard,HdBoard,BrkFace,258.0,TA,TA,PConc,Gd,TA,No,GLQ,1138.0,Unf,0.0,270.0,1408.0,GasA,Ex,Y,SBrkr,1679,0,0,1679,1.0,0.0,2,0,3,1,Gd,7,Typ,1,Fa,Attchd,1994.0,RFn,2.0,575.0,TA,TA,Y,224,42,0,0,0,0,,,,0,10,2008,WD ,Normal,193500,115.2471709350804,mid,114.42143877702142,14,0,14,10,3087.0,3.0,30
1142,1143,531384030,60,RL,43.0,14565,Pave,,IR2,Lvl,AllPub,CulDSac,Gtl,SawyerW,Norm,Norm,1Fam,2Story,7,5,1994,1995,Gable,CompShg,VinylSd,VinylSd,BrkFace,145.0,Gd,TA,PConc,Gd,TA,Av,GLQ,537.0,Unf,0.0,295.0,832.0,GasA,Ex,Y,SBrkr,832,825,0,1657,0.0,0.0,2,1,3,1,Gd,6,Typ,0,,Attchd,1994.0,RFn,2.0,483.0,TA,TA,Y,144,74,0,0,0,0,,,Shed,2000,11,2008,WD ,Normal,189000,114.06155703077852,high,114.06155703077852,11,0,14,13,2489.0,2.5,35
1143,1144,531385060,60,RL,65.0,8450,Pave,,Reg,Lvl,AllPub,Inside,Gtl,SawyerW,Norm,Norm,1Fam,2Story,6,5,2001,2001,Gable,CompShg,VinylSd,VinylSd,,0.0,Gd,TA,PConc,Gd,TA,No,GLQ,472.0,Unf,0.0,355.0,827.0,GasA,Ex,Y,SBrkr,827,850,0,1677,1.0,0.0,2,1,3,1,Gd,7,Typ,0,,Attchd,2001.0,RFn,2.0,627.0,TA,TA,Y,0,68,0,0,0,0,,,,0,9,2008,WD ,Normal,190500,113.59570661896244,mid,114.42143877702142,14,0,7,7,2504.0,3.5,30
1144,1145,531450030,60,RL,75.0,8285,Pave,,Reg,Lvl,AllPub,Corner,Gtl,SawyerW,Norm,Norm,1Fam,2Story,7,5,1992,1992,Gable,CompShg,HdBoard,HdBoard,,0.0,Gd,TA,PConc,Gd,TA,No,GLQ,397.0,Unf,0.0,439.0,836.0,GasA,Gd,Y,SBrkr,844,893,0,1737,0.0,1.0,2,1,3,1,Gd,7,Typ,0,,Attchd,1992.0,Fin,2.0,506.0,TA,TA,Y,192,85,0,0,0,0,,,,0,5,2008,WD ,Normal,175000,100.74841681059297,high,114.06155703077852,11,1,16,16,2573.0,3.0,35
1145,1146,531450090,20,RL,,7153,Pave,,Reg,Lvl,AllPub,Inside,Gtl,SawyerW,Norm,Norm,1Fam,1Story,6,5,1991,1991,Gable,CompShg,HdBoard,HdBoard,BrkFace,88.0,TA,TA,CBlock,Gd,TA,No,GLQ,1200.0,Unf,0.0,78.0,1278.0,GasA,Gd,Y,SBrkr,1294,0,0,1294,1.0,0.0,2,0,3,1,Gd,6,Typ,0,,Attchd,1991.0,RFn,2.0,496.0,TA,TA,Y,112,51,0,0,0,0,,GdWo,,0,6,2008,WD ,Normal,179200,138.48531684698608,mid,114.42143877702142,14,0,17,17,2572.0,3.0,30
1146,1147,531450170,60,RL,76.0,9291,Pave,,IR1,Lvl,AllPub,Corner,Gtl,SawyerW,RRNe,Norm,1Fam,2Story,6,5,1993,1993,Gable,CompShg,HdBoard,HdBoard,BrkFace,120.0,Gd,TA,PConc,Gd,TA,No,GLQ,426.0,Unf,0.0,406.0,832.0,GasA,Ex,Y,SBrkr,832,878,0,1710,0.0,0.0,2,1,3,1,Gd,7,Typ,0,,Attchd,1993.0,RFn,2.0,506.0,TA,TA,Y,144,70,0,0,0,0,,,,0,6,2008,WD ,Normal,187000,109.35672514619883,mid,114.42143877702142,14,0,15,15,2542.0,2.5,30
1147,1148,531451020,120,RL,50.0,8012,Pave,,Reg,Lvl,AllPub,Inside,Gtl,SawyerW,Norm,Norm,TwnhsE,1Story,6,5,1993,1994,Gable,CompShg,Plywood,Plywood,,0.0,Gd,TA,PConc,Gd,TA,No,LwQ,165.0,GLQ,841.0,598.0,1604.0,GasA,Ex,Y,SBrkr,1617,0,0,1617,1.0,0.0,2,0,2,1,Gd,5,Typ,1,Fa,Attchd,1993.0,RFn,2.0,533.0,TA,TA,Y,0,69,0,0,0,0,,,,0,7,2008,WD ,Normal,193000,119.35683364254793,mid,114.42143877702142,14,0,15,14,3221.0,3.0,30
1148,1149,531452140,120,RL,55.0,7892,Pave,,Reg,Lvl,AllPub,Inside,Gtl,SawyerW,Norm,Norm,TwnhsE,1Story,6,5,1993,1993,Gable,CompShg,Plywood,Plywood,,0.0,Gd,TA,PConc,Gd,TA,No,GLQ,300.0,Unf,0.0,899.0,1199.0,GasA,Ex,Y,SBrkr,1199,0,0,1199,0.0,0.0,2,0,2,1,Gd,5,Typ,0,,Attchd,1993.0,RFn,2.0,530.0,TA,TA,Y,0,63,0,0,0,0,,,,0,3,2008,WD ,Normal,153900,128.35696413678065,mid,114.42143877702142,14,0,15,15,2398.0,2.0,30
1149,1150,532351050,20,RL,70.0,9100,Pave,,Reg,Lvl,AllPub,Inside,Gtl,Sawyer,RRAe,Norm,1Fam,1Story,5,5,1963,1963,Hip,CompShg,Wd Sdng,Wd Sdng,,0.0,TA,TA,PConc,TA,Gd,No,BLQ,53.0,ALQ,799.0,132.0,984.0,GasA,TA,Y,SBrkr,984,0,0,984,1.0,0.0,1,0,3,1,TA,5,Typ,1,TA,Attchd,1963.0,RFn,1.0,384.0,TA,TA,Y,145,56,0,0,0,0,,MnPrv,Shed,400,8,2008,WD ,Normal,128000,130.08130081300814,mid,129.64739197953776,30,0,45,45,1968.0,2.0,25
1150,1151,532353050,20,RL,,12968,Pave,,IR2,Lvl,AllPub,Inside,Gtl,Sawyer,Norm,Norm,1Fam,1Story,5,6,1962,1962,Hip,CompShg,HdBoard,Plywood,,0.0,TA,TA,CBlock,TA,TA,No,ALQ,737.0,Unf,0.0,175.0,912.0,GasA,TA,Y,SBrkr,912,0,0,912,1.0,0.0,1,0,2,1,TA,4,Typ,0,,Detchd,1962.0,Unf,1.0,352.0,TA,TA,Y,140,0,0,0,176,0,,,,0,9,2008,WD ,Normal,144000,157.89473684210526,mid,129.64739197953776,30,0,46,46,1824.0,2.0,30
1151,1152,532354150,20,RL,75.0,8100,Pave,,Reg,Lvl,AllPub,Inside,Gtl,Sawyer,Feedr,Norm,1Fam,1Story,5,8,1961,2007,Gable,CompShg,Wd Sdng,Wd Sdng,,0.0,TA,Gd,CBlock,TA,TA,No,ALQ,764.0,Unf,0.0,100.0,864.0,GasA,Ex,Y,SBrkr,864,0,0,864,1.0,0.0,1,0,3,1,Gd,5,Typ,1,TA,Detchd,1962.0,Unf,1.0,420.0,TA,TA,Y,132,0,0,0,0,0,,,,0,7,2008,WD ,Normal,135000,156.25,mid,129.64739197953776,30,0,47,1,1728.0,2.0,40
1152,1153,532376170,190,RL,65.0,8450,Pave,,Reg,Lvl,AllPub,Inside,Gtl,Sawyer,RRAe,Norm,2fmCon,1Story,5,5,1968,1968,Gable,CompShg,HdBoard,HdBoard,,0.0,TA,TA,CBlock,TA,Fa,Mn,ALQ,890.0,Unf,0.0,0.0,890.0,GasA,Gd,N,SBrkr,890,0,0,890,1.0,0.0,1,0,3,1,TA,5,Typ,0,,Detchd,1970.0,Unf,1.0,308.0,TA,TA,Y,0,0,0,0,0,0,,,,0,4,2008,WD ,Normal,115000,129.2134831460674,mid,129.64739197953776,30,0,40,40,1780.0,2.0,25
1153,1154,532377020,20,RL,60.0,6360,Pave,,Reg,Lvl,AllPub,Inside,Gtl,Sawyer,Norm,Norm,1Fam,1Story,5,5,1963,1963,Hip,CompShg,Wd Sdng,HdBoard,,0.0,TA,TA,CBlock,Gd,Gd,No,ALQ,489.0,Unf,0.0,375.0,864.0,GasA,TA,Y,SBrkr,864,0,0,864,0.0,0.0,1,0,3,1,TA,5,Typ,0,,Attchd,1963.0,Unf,1.0,276.0,TA,TA,Y,0,0,0,0,0,0,,,Shed,650,1,2008,COD,Abnorml,119916,138.79166666666666,mid,129.64739197953776,30,0,45,45,1728.0,1.0,25
1154,1155,532378200,20,RL,65.0,6768,Pave,,IR1,Lvl,AllPub,Inside,Gtl,Sawyer,Feedr,Norm,1Fam,1Story,6,8,1961,1996,Hip,CompShg,HdBoard,HdBoard,,0.0,TA,Gd,CBlock,TA,TA,Mn,GLQ,832.0,Unf,0.0,80.0,912.0,GasA,Gd,Y,SBrkr,912,0,0,912,1.0,1.0,1,0,3,1,Gd,5,Typ,0,,Detchd,1962.0,Unf,1.0,288.0,TA,TA,Y,168,0,0,0,0,0,,GdPrv,,0,5,2008,WD ,Normal,142000,155.7017543859649,mid,129.64739197953776,30,0,47,12,1824.0,2.5,48
1155,1156,532477030,20,RL,95.0,19508,Pave,,Reg,Lvl,AllPub,Inside,Gtl,Veenker,Norm,Norm,1Fam,1Story,6,5,1974,1974,Gable,CompShg,HdBoard,ImStucc,BrkFace,144.0,TA,TA,CBlock,TA,TA,Av,ALQ,800.0,Unf,0.0,630.0,1430.0,GasA,TA,Y,SBrkr,1430,0,0,1430,0.0,1.0,2,0,3,1,TA,6,Typ,2,TA,Attchd,1974.0,Unf,2.0,484.0,TA,TA,Y,117,108,165,0,0,0,,,,0,7,2008,WD ,Normal,192000,134.26573426573427,mid,133.08254245754244,2,0,34,34,2860.0,2.5,30
1156,1157,532479020,50,RL,70.0,10759,Pave,,Reg,Lvl,AllPub,Corner,Gtl,Sawyer,Feedr,Norm,1Fam,1.5Fin,5,4,1972,1972,Gable,CompShg,HdBoard,HdBoard,,0.0,TA,Gd,CBlock,Gd,TA,No,LwQ,190.0,ALQ,811.0,0.0,1001.0,GasA,TA,Y,SBrkr,1001,640,0,1641,0.0,0.0,2,0,4,1,TA,5,Typ,1,Gd,Detchd,1972.0,Unf,2.0,490.0,TA,TA,Y,0,0,92,0,0,0,,GdPrv,,0,7,2008,WD ,Normal,140000,85.31383302864107,mid,129.64739197953776,30,1,36,36,2642.0,2.0,20
1157,1158,533125080,60,RL,,9205,Pave,,IR1,Lvl,AllPub,Inside,Gtl,NoRidge,Norm,Norm,1Fam,2Story,6,5,1990,1991,Hip,CompShg,HdBoard,HdBoard,BrkFace,304.0,Gd,TA,PConc,Gd,TA,No,ALQ,704.0,Unf,0.0,226.0,930.0,GasA,Ex,Y,SBrkr,1364,1319,0,2683,1.0,0.0,2,1,4,1,Gd,9,Typ,2,Gd,Attchd,1990.0,RFn,2.0,473.0,TA,TA,Y,237,251,0,0,196,0,,,,0,6,2008,WD ,Normal,290000,108.0879612374208,mid,108.0879612374208,1,0,18,17,3613.0,3.5,30
1158,1159,533125140,60,RL,105.0,11025,Pave,,Reg,Lvl,AllPub,Inside,Gtl,NoRidge,Norm,Norm,1Fam,1.5Fin,9,5,1993,1994,Hip,CompShg,Wd Sdng,Wd Sdng,BrkFace,568.0,Gd,TA,PConc,Gd,TA,Gd,BLQ,520.0,Unf,0.0,1328.0,1848.0,GasA,Ex,Y,SBrkr,1827,959,0,2786,1.0,0.0,2,1,4,1,Gd,10,Typ,1,Ex,Attchd,1993.0,Fin,2.0,636.0,TA,TA,Y,294,49,0,0,0,0,,,,0,6,2008,WD ,Normal,372500,133.70423546302942,high,131.52941176470588,13,0,15,14,4634.0,3.5,45
1159,1160,533206050,120,FV,59.0,4282,Pave,Pave,IR2,Lvl,AllPub,Inside,Gtl,Somerst,Norm,Norm,TwnhsE,1Story,7,5,2004,2004,Gable,CompShg,MetalSd,MetalSd,,0.0,Gd,TA,PConc,Gd,TA,Mn,GLQ,16.0,Unf,0.0,1375.0,1391.0,GasA,Ex,Y,SBrkr,1391,0,0,1391,0.0,0.0,2,0,2,1,Gd,5,Typ,0,,Attchd,2004.0,RFn,2.0,530.0,TA,TA,Y,156,158,0,0,0,0,,,,0,7,2008,WD ,Normal,196000,140.9058231488138,high,144.17049728374425,37,0,4,4,2782.0,2.0,35
1160,1161,533208080,160,FV,35.0,4017,Pave,Pave,IR1,Lvl,AllPub,Inside,Gtl,Somerst,Norm,Norm,TwnhsE,2Story,7,5,2006,2007,Gable,CompShg,MetalSd,MetalSd,,0.0,Gd,TA,PConc,Gd,TA,No,Unf,0.0,Unf,0.0,625.0,625.0,GasA,Ex,Y,SBrkr,625,625,0,1250,0.0,0.0,2,1,2,1,Gd,5,Typ,0,,Detchd,2006.0,Fin,2.0,625.0,TA,TA,Y,0,54,0,0,0,0,,,,0,3,2008,WD ,Normal,171900,137.52,high,144.17049728374425,37,0,2,1,1875.0,2.5,35
1161,1162,533208140,120,FV,37.0,3435,Pave,Pave,IR1,Lvl,AllPub,Corner,Gtl,Somerst,Norm,Norm,TwnhsE,1Story,7,5,2004,2005,Gable,CompShg,MetalSd,MetalSd,,0.0,Gd,TA,PConc,Gd,TA,No,GLQ,24.0,Unf,0.0,1211.0,1235.0,GasA,Ex,Y,SBrkr,1245,0,0,1245,0.0,0.0,2,0,1,1,Gd,5,Typ,0,,Attchd,2004.0,RFn,2.0,495.0,TA,TA,Y,0,100,0,0,0,0,,,,0,6,2008,WD ,Normal,178000,142.9718875502008,high,144.17049728374425,37,0,4,3,2480.0,2.0,35
1162,1163,533212050,160,FV,30.0,3180,Pave,Pave,Reg,Lvl,AllPub,Inside,Gtl,Somerst,Norm,Norm,TwnhsE,2Story,6,5,2005,2005,Gable,CompShg,MetalSd,MetalSd,,0.0,Gd,TA,PConc,Gd,TA,No,GLQ,390.0,Unf,0.0,210.0,600.0,GasA,Ex,Y,SBrkr,600,600,0,1200,1.0,0.0,2,1,2,1,Gd,5,Typ,0,,Detchd,2005.0,RFn,2.0,480.0,TA,TA,Y,0,166,0,0,0,0,,,,0,5,2008,WD ,Normal,165000,137.5,mid,115.85070938837481,4,0,3,3,1800.0,3.5,30
1163,1164,533212140,160,FV,30.0,3180,Pave,Pave,Reg,Lvl,AllPub,Inside,Gtl,Somerst,Norm,Norm,TwnhsE,2Story,7,5,2007,2007,Gable,CompShg,VinylSd,VinylSd,,0.0,Gd,TA,PConc,Gd,TA,No,Unf,0.0,Unf,0.0,689.0,689.0,GasA,Ex,Y,SBrkr,703,689,0,1392,0.0,0.0,2,0,2,1,Gd,5,Typ,0,,Detchd,2007.0,Unf,2.0,540.0,TA,TA,Y,0,102,0,0,0,0,,,,0,3,2008,WD ,Abnorml,146000,104.88505747126437,high,144.17049728374425,37,1,1,1,2081.0,2.0,35
1164,1165,533212150,160,FV,34.0,3604,Pave,Pave,Reg,Lvl,AllPub,Corner,Gtl,Somerst,Norm,Norm,TwnhsE,2Story,7,5,2007,2007,Gable,CompShg,VinylSd,VinylSd,,0.0,Gd,TA,PConc,Gd,TA,No,Unf,0.0,Unf,0.0,689.0,689.0,GasA,Ex,Y,SBrkr,703,689,0,1392,0.0,0.0,2,0,2,1,Gd,5,Typ,0,,Detchd,2007.0,Unf,2.0,540.0,TA,TA,Y,0,102,0,0,0,0,,,,0,2,2008,WD ,Abnorml,146000,104.88505747126437,high,144.17049728374425,37,1,1,1,2081.0,2.0,35
1165,1166,533213070,160,FV,24.0,2280,Pave,Pave,Reg,Lvl,AllPub,Inside,Gtl,Somerst,Norm,Norm,Twnhs,2Story,7,5,1999,1999,Gable,CompShg,MetalSd,MetalSd,BrkFace,360.0,TA,TA,PConc,Gd,TA,No,ALQ,549.0,Unf,0.0,195.0,744.0,GasA,Gd,Y,SBrkr,757,744,0,1501,0.0,0.0,2,1,3,1,TA,6,Typ,0,,Detchd,1999.0,Unf,2.0,440.0,TA,TA,Y,0,0,0,0,0,0,,,,0,8,2008,WD ,Normal,179400,119.5203197868088,high,144.17049728374425,37,1,9,9,2245.0,2.5,35
1166,1167,533213120,160,FV,24.0,2280,Pave,Pave,Reg,Lvl,AllPub,Inside,Gtl,Somerst,Norm,Norm,Twnhs,2Story,6,5,1999,1999,Gable,CompShg,MetalSd,MetalSd,Stone,216.0,TA,TA,PConc,Gd,TA,No,GLQ,550.0,Unf,0.0,194.0,744.0,GasA,Gd,Y,SBrkr,757,792,0,1549,1.0,0.0,2,1,3,1,TA,6,Typ,0,,Detchd,1999.0,Unf,2.0,440.0,TA,TA,Y,0,32,0,0,0,0,,,,0,4,2008,WD ,Normal,172900,111.62040025823111,mid,115.85070938837481,4,0,9,9,2293.0,3.5,30
1167,1168,533215020,120,FV,,4765,Pave,,IR1,Lvl,AllPub,Inside,Gtl,Somerst,Norm,Norm,TwnhsE,1Story,9,5,2000,2000,Hip,CompShg,MetalSd,MetalSd,BrkFace,260.0,Gd,TA,PConc,Gd,TA,Av,GLQ,1027.0,Unf,0.0,587.0,1614.0,GasA,Ex,Y,SBrkr,1638,0,0,1638,1.0,0.0,2,0,2,1,Ex,5,Typ,1,TA,Attchd,2000.0,Fin,2.0,495.0,TA,TA,Y,230,68,0,0,0,0,,,,0,7,2008,WD ,Normal,300000,183.15018315018315,high,144.17049728374425,37,0,8,8,3252.0,3.0,45
1168,1169,533215030,120,FV,,4538,Pave,,IR1,Lvl,AllPub,Inside,Gtl,Somerst,Norm,Norm,TwnhsE,1Story,9,5,2001,2001,Gable,CompShg,VinylSd,VinylSd,BrkFace,179.0,Gd,TA,PConc,Ex,TA,Av,GLQ,1004.0,Unf,0.0,306.0,1310.0,GasA,Ex,Y,SBrkr,1310,0,0,1310,1.0,0.0,1,1,1,1,Gd,5,Typ,1,TA,Attchd,2001.0,RFn,2.0,545.0,TA,TA,Y,277,45,0,0,0,0,,,,0,7,2008,WD ,Normal,285000,217.55725190839695,high,144.17049728374425,37,0,7,7,2620.0,2.5,45
1169,1170,533215040,120,FV,42.0,4385,Pave,,IR1,Lvl,AllPub,Inside,Gtl,Somerst,Norm,Norm,TwnhsE,1Story,9,5,2001,2001,Gable,CompShg,VinylSd,VinylSd,,0.0,Gd,TA,PConc,Ex,TA,Av,GLQ,964.0,Unf,0.0,455.0,1419.0,GasA,Ex,Y,SBrkr,1419,0,0,1419,1.0,0.0,1,1,2,1,Ex,5,Typ,1,TA,Attchd,2001.0,Fin,2.0,588.0,TA,TA,Y,155,58,0,0,0,0,,,,0,9,2008,WD ,Normal,290000,204.369274136716,high,144.17049728374425,37,0,7,7,2838.0,2.5,45
1170,1171,533215070,120,FV,35.0,4109,Pave,,IR1,Lvl,AllPub,Inside,Gtl,Somerst,Norm,Norm,TwnhsE,1Story,9,5,1999,2000,Gable,CompShg,VinylSd,VinylSd,BrkFace,260.0,Gd,TA,PConc,Gd,TA,Av,GLQ,1141.0,Unf,0.0,416.0,1557.0,GasA,Ex,Y,SBrkr,1557,0,0,1557,1.0,0.0,2,0,2,1,Ex,5,Typ,1,TA,Attchd,1999.0,RFn,2.0,484.0,TA,TA,Y,124,113,0,0,0,0,,,,0,6,2008,WD ,Normal,305000,195.88953114964676,high,144.17049728374425,37,0,9,8,3114.0,3.0,45
1171,1172,533215080,120,FV,50.0,5119,Pave,,IR1,Lvl,AllPub,CulDSac,Gtl,Somerst,Norm,Norm,TwnhsE,1Story,9,5,1999,2000,Gable,CompShg,MetalSd,MetalSd,BrkFace,60.0,Gd,TA,PConc,Ex,TA,Av,GLQ,1238.0,Unf,0.0,460.0,1698.0,GasA,Ex,Y,SBrkr,1709,0,0,1709,1.0,0.0,2,0,2,1,Gd,5,Typ,1,TA,Attchd,1999.0,Fin,2.0,506.0,TA,TA,Y,97,65,0,0,0,0,,,,0,1,2008,CWD,Abnorml,328900,192.45172615564658,high,144.17049728374425,37,0,9,8,3407.0,3.0,45
1172,1173,533217050,160,FV,24.0,2160,Pave,Pave,Reg,Lvl,AllPub,Inside,Gtl,Somerst,Norm,Norm,Twnhs,2Story,7,5,1999,2000,Gable,CompShg,MetalSd,MetalSd,BrkFace,212.0,Gd,TA,PConc,Gd,TA,No,BLQ,510.0,Unf,0.0,90.0,600.0,GasA,Ex,Y,SBrkr,624,628,0,1252,1.0,0.0,2,1,2,1,Gd,4,Typ,0,,Detchd,1999.0,Unf,2.0,462.0,TA,TA,Y,0,48,0,0,0,0,,,,0,3,2008,WD ,Normal,160000,127.79552715654953,high,144.17049728374425,37,1,9,8,1852.0,3.5,35
1173,1174,533217060,160,FV,24.0,2160,Pave,Pave,Reg,Lvl,AllPub,Inside,Gtl,Somerst,Norm,Norm,Twnhs,SLvl,7,5,1999,2000,Gable,CompShg,VinylSd,VinylSd,BrkFace,216.0,Gd,TA,PConc,Gd,TA,No,GLQ,600.0,Unf,0.0,72.0,672.0,GasA,Ex,Y,SBrkr,684,720,0,1404,1.0,0.0,2,1,3,1,Gd,5,Typ,0,,Detchd,1999.0,Unf,2.0,462.0,TA,TA,Y,20,0,0,0,0,0,,,,0,6,2008,WD ,Normal,170000,121.08262108262109,high,144.17049728374425,37,1,9,8,2076.0,3.5,35
1174,1175,533234020,60,FV,79.0,10646,Pave,,IR1,Lvl,AllPub,Corner,Gtl,Somerst,Norm,Norm,1Fam,2Story,7,5,2001,2001,Gable,CompShg,VinylSd,VinylSd,BrkFace,513.0,TA,TA,PConc,TA,TA,No,GLQ,681.0,Unf,0.0,177.0,858.0,GasA,Ex,Y,SBrkr,872,917,0,1789,1.0,0.0,2,1,3,1,TA,7,Typ,1,TA,Attchd,2001.0,Fin,2.0,546.0,TA,TA,Y,0,0,0,0,0,0,,,,0,6,2008,WD ,Normal,223000,124.65064281721632,high,144.17049728374425,37,1,7,7,2647.0,3.5,35
1175,1176,533236060,160,FV,24.0,2645,Pave,Pave,Reg,Lvl,AllPub,Inside,Gtl,Somerst,Norm,Norm,Twnhs,2Story,8,5,1999,1999,Gable,CompShg,MetalSd,MetalSd,BrkFace,466.0,Gd,TA,PConc,Gd,TA,No,GLQ,612.0,Unf,0.0,348.0,960.0,GasA,Ex,Y,SBrkr,962,624,0,1586,1.0,0.0,2,1,3,1,Gd,7,Typ,0,,Detchd,1999.0,Unf,2.0,480.0,TA,TA,Y,169,0,0,0,0,0,,,,0,12,2008,WD ,Normal,170000,107.18789407313997,high,144.17049728374425,37,1,9,9,2546.0,3.5,40
1176,1177,533236070,160,FV,24.0,2645,Pave,Pave,Reg,Lvl,AllPub,Inside,Gtl,Somerst,Norm,Norm,Twnhs,2Story,8,5,1999,2000,Gable,CompShg,MetalSd,MetalSd,BrkFace,456.0,Gd,TA,PConc,Gd,TA,No,GLQ,813.0,Unf,0.0,147.0,960.0,GasA,Ex,Y,SBrkr,962,645,0,1607,1.0,0.0,2,1,3,1,Gd,7,Typ,0,,Detchd,2000.0,Unf,2.0,480.0,TA,TA,Y,169,0,0,0,0,0,,,,0,12,2008,ConLD,Normal,200000,124.45550715619166,high,144.17049728374425,37,1,9,8,2567.0,3.5,40
1177,1178,533236090,160,FV,36.0,3951,Pave,Pave,IR1,Lvl,AllPub,Inside,Gtl,Somerst,Norm,Norm,TwnhsE,2Story,10,5,1998,1999,Gable,CompShg,BrkFace,MetalSd,,0.0,Ex,TA,PConc,Gd,TA,Mn,BLQ,128.0,GLQ,842.0,0.0,970.0,GasA,Ex,Y,SBrkr,1469,924,0,2393,1.0,0.0,2,1,2,1,Ex,7,Typ,1,TA,Attchd,1998.0,Fin,2.0,846.0,TA,TA,Y,0,90,0,0,94,0,,,,0,2,2008,WD ,Normal,345000,144.17049728374425,high,144.17049728374425,37,0,10,9,3363.0,3.5,50
1178,1179,533250050,120,RL,38.0,14963,Pave,,IR2,Lvl,AllPub,Inside,Gtl,Veenker,Norm,Norm,TwnhsE,1Story,8,5,1996,1996,Gable,CompShg,BrkFace,BrkFace,,0.0,Gd,TA,PConc,Gd,TA,No,GLQ,786.0,Unf,0.0,474.0,1260.0,GasA,Ex,Y,SBrkr,1288,0,0,1288,1.0,0.0,1,1,1,1,Ex,4,Typ,2,Gd,Attchd,1996.0,Fin,2.0,500.0,TA,TA,Y,120,30,0,0,224,0,,,,0,12,2008,WD ,Normal,245500,190.6055900621118,high,175.544794188862,5,0,12,12,2548.0,2.5,40
1179,1180,533250110,120,RL,22.0,11064,Pave,,IR2,Lvl,AllPub,CulDSac,Gtl,Veenker,Norm,Norm,TwnhsE,1Story,8,5,1995,1995,Hip,CompShg,BrkFace,BrkFace,,0.0,Gd,TA,PConc,Gd,TA,Gd,LwQ,560.0,GLQ,670.0,0.0,1230.0,GasA,Ex,Y,SBrkr,1239,0,0,1239,1.0,0.0,1,1,1,1,Gd,4,Typ,1,Fa,Attchd,1995.0,Fin,2.0,477.0,TA,TA,Y,172,24,0,0,0,0,,,,0,8,2008,WD ,Normal,217500,175.544794188862,high,175.544794188862,5,0,13,13,2469.0,2.5,40
1180,1181,533250160,120,RL,32.0,10846,Pave,,IR1,Lvl,AllPub,CulDSac,Gtl,Veenker,Norm,Norm,TwnhsE,1Story,8,5,1993,1993,Gable,CompShg,BrkFace,BrkFace,,0.0,Gd,TA,PConc,Gd,TA,Gd,GLQ,1619.0,Unf,0.0,100.0,1719.0,GasA,Ex,Y,SBrkr,1719,0,0,1719,2.0,0.0,1,1,1,1,Gd,6,Typ,2,Gd,Attchd,1993.0,Fin,2.0,473.0,TA,TA,Y,122,30,0,0,0,0,,,,0,5,2008,Con,Normal,324000,188.48167539267016,high,175.544794188862,5,0,15,15,3438.0,3.5,40
1181,1182,533251120,20,RL,,11120,Pave,,IR1,Lvl,AllPub,CulDSac,Gtl,Veenker,Norm,Norm,1Fam,1Story,6,6,1984,1984,Gable,CompShg,Plywood,Plywood,,0.0,TA,TA,PConc,Gd,TA,No,BLQ,660.0,Unf,0.0,572.0,1232.0,GasA,TA,Y,SBrkr,1232,0,0,1232,0.0,0.0,2,0,3,1,TA,6,Typ,0,,Attchd,1984.0,Unf,2.0,516.0,TA,TA,Y,0,0,0,0,0,0,,,,0,6,2008,WD ,Normal,162500,131.89935064935065,mid,133.08254245754244,2,0,24,24,2464.0,2.0,36
1182,1183,533350090,60,RL,,24572,Pave,,IR1,Lvl,AllPub,CulDSac,Gtl,Veenker,Norm,Norm,1Fam,2Story,9,3,1977,1977,Mansard,CompShg,Wd Sdng,Wd Sdng,BrkFace,1050.0,Gd,Gd,CBlock,Gd,TA,No,GLQ,410.0,Unf,0.0,584.0,994.0,GasA,TA,Y,SBrkr,1599,1345,0,2944,0.0,0.0,2,2,3,1,Gd,9,Typ,1,Gd,Attchd,1977.0,RFn,3.0,864.0,TA,TA,Y,140,70,16,0,0,0,,,,0,6,2008,WD ,Family,150000,50.95108695652174,high,175.544794188862,5,1,31,31,3938.0,3.0,27
1183,1184,533350120,20,RL,103.0,16280,Pave,,Reg,Lvl,AllPub,Inside,Gtl,Veenker,Norm,Norm,1Fam,1Story,8,9,1976,2007,Gable,CompShg,VinylSd,VinylSd,,0.0,Ex,Ex,CBlock,Gd,Ex,Mn,GLQ,1044.0,Rec,382.0,0.0,1426.0,GasA,Ex,Y,SBrkr,1671,0,0,1671,1.0,0.0,3,0,3,1,Ex,6,Typ,1,Gd,Attchd,1976.0,RFn,2.0,550.0,TA,TA,Y,280,90,0,0,0,0,,GdWo,,0,5,2008,WD ,Normal,290000,173.54877318970676,high,175.544794188862,5,0,32,1,3097.0,4.0,72
1184,1185,534104100,60,FV,,7500,Pave,,Reg,Lvl,AllPub,Inside,Gtl,Somerst,Norm,Norm,1Fam,2Story,7,5,2002,2002,Gable,CompShg,VinylSd,VinylSd,,,Gd,TA,PConc,Gd,TA,No,Unf,0.0,Unf,0.0,952.0,952.0,GasA,Ex,Y,SBrkr,952,860,0,1812,0.0,0.0,2,1,3,1,TA,7,Typ,1,TA,Attchd,2002.0,RFn,2.0,469.0,TA,TA,Y,144,112,0,0,0,0,,,,0,4,2008,WD ,Normal,205000,113.13465783664459,high,144.17049728374425,37,1,6,6,2764.0,2.5,35
1185,1186,534126090,20,RL,80.0,10400,Pave,,Reg,Lvl,AllPub,Inside,Gtl,NWAmes,Norm,Norm,1Fam,1Story,7,6,1970,1970,Hip,CompShg,Plywood,Plywood,BrkFace,288.0,TA,TA,PConc,TA,TA,No,Unf,0.0,Unf,0.0,1304.0,1304.0,GasA,Gd,Y,SBrkr,1682,0,0,1682,0.0,0.0,2,0,3,1,TA,7,Typ,1,Gd,Attchd,1970.0,Unf,2.0,530.0,TA,TA,Y,98,0,0,0,0,0,,MnPrv,,0,5,2008,WD ,Normal,174000,103.44827586206897,high,107.4011957406428,14,0,38,38,2986.0,2.0,42
1186,1187,534127210,80,RL,,11104,Pave,,IR1,Lvl,AllPub,Inside,Gtl,NWAmes,Norm,Norm,1Fam,SLvl,6,6,1969,1969,Gable,CompShg,MetalSd,MetalSd,,0.0,TA,TA,CBlock,TA,TA,Av,GLQ,828.0,Unf,0.0,599.0,1427.0,GasA,Gd,Y,SBrkr,1427,0,0,1427,0.0,1.0,2,0,4,1,TA,7,Typ,0,,Attchd,1969.0,RFn,2.0,516.0,TA,TA,Y,0,0,0,0,216,0,,,,0,5,2008,WD ,Normal,183000,128.24106517168886,mid,111.52147026184485,16,0,39,39,2854.0,2.5,36
1187,1188,534127230,20,RL,85.0,11050,Pave,,Reg,Lvl,AllPub,Inside,Gtl,NWAmes,Norm,Norm,1Fam,1Story,6,5,1968,1968,Gable,CompShg,HdBoard,HdBoard,,0.0,TA,TA,CBlock,TA,TA,No,Rec,301.0,Unf,0.0,1439.0,1740.0,GasA,Fa,Y,SBrkr,1740,0,0,1740,0.0,0.0,1,1,4,1,TA,8,Typ,1,TA,Attchd,1968.0,RFn,2.0,512.0,TA,TA,Y,25,0,0,0,192,0,,GdWo,,0,10,2008,WD ,Family,150000,86.20689655172414,mid,111.52147026184485,16,1,40,40,3480.0,1.5,30
1188,1189,534128050,20,RL,80.0,11040,Pave,,Reg,Lvl,AllPub,Inside,Gtl,NWAmes,Norm,Norm,1Fam,1Story,6,7,1971,2004,Gable,CompShg,VinylSd,VinylSd,BrkFace,144.0,Gd,Gd,CBlock,TA,TA,No,ALQ,656.0,Unf,0.0,602.0,1258.0,GasA,Ex,Y,SBrkr,1258,0,0,1258,0.0,1.0,2,0,3,1,Gd,5,Typ,0,,Attchd,1971.0,RFn,2.0,528.0,TA,TA,Y,55,0,0,216,0,0,,,,0,10,2008,COD,Abnorml,145000,115.26232114467409,mid,111.52147026184485,16,0,37,4,2516.0,2.5,42
1189,1190,534129060,20,RL,,15387,Pave,,IR1,Lvl,AllPub,CulDSac,Gtl,NWAmes,Norm,Norm,1Fam,1Story,7,7,1967,1967,Gable,CompShg,Plywood,Plywood,,0.0,TA,TA,CBlock,TA,TA,No,ALQ,603.0,BLQ,294.0,723.0,1620.0,GasA,Ex,Y,SBrkr,1620,0,0,1620,0.0,0.0,2,0,4,1,Gd,8,Typ,1,Gd,Attchd,1967.0,Unf,2.0,578.0,TA,TA,Y,0,62,192,0,0,0,,,Shed,450,8,2008,WD ,Normal,215000,132.71604938271605,high,107.4011957406428,14,0,41,41,3240.0,2.0,49
1190,1191,534175140,90,RL,75.0,9750,Pave,,Reg,Lvl,AllPub,Inside,Gtl,NWAmes,RRAn,Norm,Duplex,1Story,5,6,1965,1965,Gable,CompShg,MetalSd,MetalSd,,0.0,TA,TA,CBlock,TA,TA,No,Unf,0.0,Unf,0.0,1625.0,1625.0,GasA,Ex,Y,SBrkr,1625,0,0,1625,0.0,0.0,2,0,4,2,TA,8,Typ,0,,Detchd,1965.0,Unf,2.0,484.0,TA,TA,Y,0,0,0,0,0,0,,,,0,8,2008,ConLD,Normal,140500,86.46153846153847,mid,111.52147026184485,16,1,43,43,3250.0,2.0,30
1191,1192,534177180,60,RL,90.0,10800,Pave,,Reg,Lvl,AllPub,Inside,Gtl,NWAmes,Norm,Norm,1Fam,2Story,6,7,1974,1997,Gable,CompShg,HdBoard,HdBoard,,0.0,TA,TA,CBlock,TA,TA,No,ALQ,956.0,Rec,182.0,384.0,1522.0,GasA,TA,Y,SBrkr,1548,1066,0,2614,0.0,0.0,2,1,4,1,TA,9,Typ,1,TA,Attchd,1974.0,RFn,2.0,624.0,TA,TA,Y,38,243,0,0,0,0,,,,0,6,2008,WD ,Normal,240000,91.8133129303749,mid,111.52147026184485,16,1,34,11,4136.0,2.5,42
1192,1193,534201240,60,RL,73.0,8814,Pave,,Reg,Lvl,AllPub,Inside,Gtl,NAmes,Feedr,Norm,1Fam,2Story,5,6,1968,1968,Gable,CompShg,MetalSd,MetalSd,,0.0,TA,TA,CBlock,TA,TA,No,LwQ,732.0,Unf,0.0,0.0,732.0,GasA,Ex,Y,SBrkr,732,732,0,1464,0.0,0.0,1,1,4,1,TA,7,Typ,0,,Attchd,1968.0,Unf,2.0,470.0,TA,TA,Y,0,40,0,0,0,0,,,,0,6,2008,WD ,Normal,141000,96.31147540983606,mid,119.93108584399036,82,1,40,40,2196.0,1.5,30
1193,1194,534202130,20,RL,72.0,8872,Pave,,Reg,Lvl,AllPub,Corner,Gtl,NAmes,Norm,Norm,1Fam,1Story,5,8,1965,2008,Gable,CompShg,VinylSd,VinylSd,BrkFace,300.0,TA,TA,CBlock,TA,TA,No,ALQ,595.0,Unf,0.0,317.0,912.0,GasA,Ex,Y,SBrkr,912,0,0,912,1.0,0.0,1,0,2,1,Gd,5,Typ,0,,Detchd,1992.0,Unf,2.0,576.0,TA,TA,Y,0,240,0,0,0,0,,,,0,12,2008,WD ,Normal,147000,161.18421052631578,mid,119.93108584399036,82,0,43,0,1824.0,2.0,40
1194,1195,534204030,20,RL,65.0,8125,Pave,,Reg,Lvl,AllPub,Inside,Gtl,NAmes,Norm,Norm,1Fam,1Story,5,7,1965,2005,Hip,CompShg,HdBoard,HdBoard,,0.0,Gd,TA,CBlock,TA,TA,No,ALQ,260.0,Rec,456.0,196.0,912.0,GasA,Ex,Y,SBrkr,925,0,0,925,1.0,0.0,1,0,3,1,TA,5,Typ,0,,Detchd,1978.0,Unf,2.0,576.0,TA,TA,Y,233,0,0,0,0,0,,,,0,7,2008,WD ,Normal,135000,145.94594594594594,mid,119.93108584399036,82,0,43,3,1837.0,2.0,35
1195,1196,534225110,90,RL,72.0,11072,Pave,,IR1,Lvl,AllPub,Inside,Gtl,NAmes,Norm,Norm,Duplex,1Story,5,5,1965,1965,Gable,CompShg,HdBoard,HdBoard,,0.0,TA,TA,CBlock,TA,TA,No,Unf,0.0,Unf,0.0,1728.0,1728.0,GasA,TA,Y,SBrkr,1728,0,0,1728,0.0,0.0,2,0,6,2,TA,10,Typ,0,,Detchd,1987.0,Unf,2.0,576.0,TA,TA,Y,0,0,0,0,0,0,,,,0,11,2008,WD ,Normal,145000,83.91203703703704,mid,119.93108584399036,82,1,43,43,3456.0,2.0,25
1196,1197,534225120,90,RL,74.0,13101,Pave,,IR1,Lvl,AllPub,Inside,Gtl,NAmes,Norm,Norm,Duplex,1Story,5,5,1965,1965,Gable,CompShg,HdBoard,HdBoard,BrkFace,108.0,TA,TA,CBlock,TA,TA,No,LwQ,231.0,Unf,0.0,1497.0,1728.0,GasA,TA,Y,SBrkr,1728,0,0,1728,0.0,0.0,2,0,6,2,TA,10,Typ,0,,Detchd,1987.0,Unf,2.0,576.0,TA,TA,Y,0,0,0,0,0,0,,,,0,11,2008,WD ,Normal,142600,82.52314814814815,mid,119.93108584399036,82,1,43,43,3456.0,2.0,25
1197,1198,534250010,90,RL,87.0,9246,Pave,,IR1,Lvl,AllPub,Inside,Gtl,NWAmes,Feedr,Norm,Duplex,1Story,5,5,1973,1973,Gable,CompShg,Plywood,Plywood,BrkFace,564.0,TA,TA,CBlock,TA,TA,No,Unf,0.0,Unf,0.0,1656.0,1656.0,GasA,TA,Y,SBrkr,1656,0,0,1656,0.0,0.0,2,0,4,2,TA,8,Typ,0,,Detchd,1973.0,Unf,2.0,506.0,TA,TA,Y,0,211,0,0,0,0,,,,0,11,2008,WD ,Normal,135000,81.52173913043478,mid,111.52147026184485,16,1,35,35,3312.0,2.0,25
1198,1199,534250335,60,RL,,13355,Pave,,IR1,Lvl,AllPub,Inside,Gtl,NWAmes,Norm,Norm,1Fam,2Story,7,6,1971,1971,Gable,CompShg,HdBoard,HdBoard,,0.0,TA,TA,CBlock,Gd,Gd,No,ALQ,583.0,Unf,0.0,242.0,825.0,GasA,TA,Y,SBrkr,845,825,0,1670,0.0,0.0,1,1,4,1,TA,7,Typ,0,,Attchd,1971.0,Fin,2.0,464.0,TA,TA,Y,0,0,0,0,0,0,,,,0,5,2008,WD ,Normal,170000,101.79640718562874,high,107.4011957406428,14,0,37,37,2495.0,1.5,42
1199,1200,534250370,60,RL,,8963,Pave,,IR1,Lvl,AllPub,Inside,Gtl,NWAmes,Norm,Norm,1Fam,2Story,8,9,1976,1996,Hip,CompShg,VinylSd,VinylSd,BrkFace,289.0,Ex,Gd,CBlock,TA,Gd,No,GLQ,575.0,ALQ,80.0,487.0,1142.0,GasA,Ex,Y,SBrkr,1175,1540,0,2715,0.0,1.0,3,1,4,1,Gd,11,Typ,2,TA,BuiltIn,1994.0,Fin,2.0,831.0,TA,TA,Y,0,204,0,0,0,0,,,,0,7,2008,WD ,Normal,299800,110.42357274401473,high,107.4011957406428,14,0,32,12,3857.0,4.0,72
1200,1201,534250410,60,RL,76.0,9120,Pave,,Reg,Lvl,AllPub,Inside,Gtl,NWAmes,Norm,Norm,1Fam,2Story,6,6,1974,1974,Hip,CompShg,HdBoard,HdBoard,BrkFace,270.0,Gd,TA,CBlock,TA,TA,No,ALQ,442.0,Unf,0.0,459.0,901.0,GasA,TA,Y,SBrkr,943,933,0,1876,0.0,0.0,2,1,4,1,Gd,8,Typ,1,TA,Attchd,1974.0,RFn,2.0,540.0,Gd,TA,Y,0,69,0,0,0,0,,,,0,7,2008,WD ,Normal,185000,98.61407249466951,mid,111.52147026184485,16,1,34,34,2777.0,2.5,36
1201,1202,534251280,60,RL,,9130,Pave,,Reg,Lvl,AllPub,Inside,Gtl,NWAmes,Feedr,Norm,1Fam,2Story,6,8,1966,2000,Hip,CompShg,HdBoard,HdBoard,BrkFace,252.0,TA,TA,CBlock,TA,TA,No,GLQ,400.0,Rec,64.0,336.0,800.0,GasA,Gd,Y,SBrkr,800,832,0,1632,0.0,1.0,1,1,4,1,Gd,7,Typ,0,,Attchd,1966.0,Unf,2.0,484.0,TA,TA,Y,0,40,0,0,0,0,,,,0,7,2008,WD ,Normal,173000,106.00490196078431,mid,111.52147026184485,16,0,42,8,2432.0,2.0,48
1202,1203,534252090,85,RL,,12122,Pave,,IR1,Lvl,AllPub,Corner,Gtl,NAmes,Norm,Norm,1Fam,SFoyer,7,9,1961,2007,Gable,CompShg,CemntBd,CmentBd,Stone,210.0,Ex,TA,CBlock,TA,TA,Av,ALQ,867.0,Unf,0.0,77.0,944.0,GasA,Gd,Y,SBrkr,999,0,0,999,1.0,0.0,1,0,3,1,Ex,6,Typ,0,,Attchd,1961.0,RFn,2.0,588.0,TA,TA,Y,144,76,0,0,0,0,,,,0,7,2008,WD ,Normal,178400,178.57857857857857,high,129.36650496881964,4,0,47,1,1943.0,2.0,63
1203,1204,534252270,60,RL,,9900,Pave,,Reg,Lvl,AllPub,Inside,Gtl,NWAmes,Feedr,Norm,1Fam,2Story,7,5,1968,1968,Gable,CompShg,MetalSd,MetalSd,BrkFace,342.0,TA,TA,CBlock,TA,TA,No,BLQ,552.0,Unf,0.0,280.0,832.0,GasA,Gd,Y,SBrkr,1098,880,0,1978,0.0,0.0,2,1,4,1,TA,9,Typ,1,Gd,Attchd,1968.0,RFn,2.0,486.0,TA,TA,Y,0,43,0,0,0,0,,GdPrv,,0,4,2008,WD ,Normal,176000,88.97876643073812,high,107.4011957406428,14,1,40,40,2810.0,2.5,35
1204,1205,534276190,20,RL,74.0,7785,Pave,,IR1,Lvl,AllPub,Inside,Gtl,NAmes,Norm,Norm,1Fam,1Story,5,5,1956,1956,Gable,CompShg,HdBoard,HdBoard,,0.0,TA,TA,Slab,,,,,0.0,,0.0,0.0,0.0,GasA,TA,Y,SBrkr,1014,0,0,1014,0.0,0.0,1,0,2,1,TA,6,Typ,0,,Attchd,1956.0,RFn,1.0,267.0,TA,TA,Y,0,0,40,0,200,0,,GdWo,,0,3,2008,WD ,Normal,98000,96.64694280078895,mid,119.93108584399036,82,1,52,52,1014.0,1.0,25
1205,1206,534277060,20,RL,77.0,8593,Pave,,IR1,Lvl,AllPub,Inside,Gtl,NAmes,Norm,Norm,1Fam,1Story,4,6,1957,1957,Hip,CompShg,MetalSd,MetalSd,,0.0,TA,TA,CBlock,TA,TA,No,Rec,288.0,Unf,0.0,619.0,907.0,GasA,Ex,Y,SBrkr,907,0,0,907,0.0,0.0,1,0,3,1,TA,5,Typ,0,,Detchd,1964.0,Unf,1.0,352.0,TA,TA,Y,0,0,0,0,0,0,,,,0,7,2008,WD ,Normal,109008,120.18522601984564,mid,119.93108584399036,82,0,51,51,1814.0,1.0,24
1206,1207,534277070,20,RL,,8475,Pave,,IR1,Lvl,AllPub,Inside,Gtl,NAmes,Norm,Norm,1Fam,1Story,4,7,1956,1956,Gable,CompShg,VinylSd,VinylSd,,0.0,TA,TA,CBlock,TA,TA,No,ALQ,228.0,Unf,0.0,724.0,952.0,GasA,Ex,Y,FuseA,952,0,0,952,0.0,0.0,1,0,2,1,TA,4,Typ,0,,Detchd,1956.0,Unf,1.0,283.0,TA,TA,Y,0,0,0,0,0,0,,,,0,4,2008,WD ,Normal,135750,142.59453781512605,mid,119.93108584399036,82,0,52,52,1904.0,1.0,28
1207,1208,534400030,20,RL,80.0,8700,Pave,,Reg,Lvl,AllPub,Inside,Gtl,NAmes,Norm,Norm,1Fam,1Story,5,6,1963,1963,Hip,CompShg,MetalSd,MetalSd,BrkFace,148.0,TA,Gd,CBlock,TA,TA,Mn,ALQ,776.0,Unf,0.0,344.0,1120.0,GasA,Gd,Y,SBrkr,1128,0,0,1128,1.0,0.0,2,0,3,1,TA,6,Typ,0,,Attchd,1963.0,RFn,2.0,525.0,TA,TA,Y,192,20,123,0,0,0,,MnPrv,,0,12,2008,WD ,Normal,155000,137.4113475177305,mid,119.93108584399036,82,0,45,45,2248.0,3.0,30
1208,1209,534400060,20,RL,100.0,10175,Pave,,IR1,Lvl,AllPub,Inside,Gtl,NAmes,Norm,Norm,1Fam,1Story,6,5,1964,1964,Gable,CompShg,HdBoard,Plywood,BrkFace,272.0,TA,TA,CBlock,TA,TA,No,BLQ,490.0,Unf,0.0,935.0,1425.0,GasA,Gd,Y,SBrkr,1425,0,0,1425,0.0,0.0,2,0,3,1,TA,7,Typ,1,Gd,Attchd,1964.0,RFn,2.0,576.0,TA,TA,Y,0,0,0,407,0,0,,,,0,7,2008,WD ,Normal,180500,126.66666666666667,mid,119.93108584399036,82,0,44,44,2850.0,2.0,30
1209,1210,534401130,80,RL,82.0,9020,Pave,,Reg,Lvl,AllPub,Inside,Gtl,NAmes,Norm,Norm,1Fam,SLvl,6,7,1966,1966,Gable,CompShg,HdBoard,HdBoard,BrkFace,183.0,TA,TA,CBlock,TA,TA,Gd,Rec,312.0,ALQ,539.0,276.0,1127.0,GasA,TA,Y,SBrkr,1165,0,0,1165,1.0,0.0,1,1,3,1,TA,6,Typ,0,,Attchd,1966.0,RFn,2.0,490.0,Gd,Gd,Y,0,129,0,0,0,0,,GdPrv,,0,5,2008,WD ,Normal,174900,150.12875536480686,mid,119.93108584399036,82,0,42,42,2292.0,2.5,42
1210,1211,534401190,20,RL,80.0,9200,Pave,,Reg,Lvl,AllPub,Inside,Gtl,NAmes,Norm,Norm,1Fam,1Story,6,6,1965,1965,Gable,CompShg,HdBoard,HdBoard,,0.0,TA,TA,CBlock,TA,TA,No,Rec,892.0,Unf,0.0,244.0,1136.0,GasA,TA,Y,SBrkr,1136,0,0,1136,1.0,0.0,1,0,3,1,TA,5,Typ,1,Gd,Attchd,1965.0,RFn,1.0,384.0,TA,TA,Y,426,0,0,0,0,0,,,,0,7,2008,WD ,Normal,140000,123.2394366197183,mid,119.93108584399036,82,0,43,43,2272.0,2.0,36
1211,1212,534403050,20,RL,75.0,8250,Pave,,Reg,Lvl,AllPub,Inside,Gtl,NAmes,Norm,Norm,1Fam,1Story,6,7,1964,1964,Hip,CompShg,HdBoard,HdBoard,Stone,260.0,TA,TA,CBlock,Gd,TA,No,Rec,787.0,Unf,0.0,305.0,1092.0,GasA,Ex,Y,SBrkr,1092,0,0,1092,1.0,0.0,1,0,3,1,TA,6,Typ,0,,Attchd,1964.0,RFn,2.0,504.0,TA,Gd,Y,0,0,0,0,0,0,,MnPrv,,0,7,2008,WD ,Normal,145000,132.78388278388277,mid,119.93108584399036,82,0,44,44,2184.0,2.0,42
1212,1213,534403080,80,RL,85.0,9350,Pave,,Reg,Lvl,AllPub,Inside,Gtl,NAmes,Norm,Norm,1Fam,SLvl,5,8,1965,1999,Gable,CompShg,BrkFace,BrkFace,,0.0,TA,Gd,PConc,TA,TA,Gd,ALQ,633.0,Unf,0.0,586.0,1219.0,GasA,Gd,Y,SBrkr,1265,0,0,1265,0.0,1.0,2,0,3,1,Gd,6,Typ,1,Gd,Attchd,1965.0,RFn,2.0,502.0,TA,TA,Y,0,92,0,96,0,0,,MnPrv,,0,10,2008,WD ,Normal,179900,142.21343873517787,mid,119.93108584399036,82,0,43,9,2484.0,2.5,40
1213,1214,534403100,80,RL,82.0,9020,Pave,,Reg,Lvl,AllPub,Corner,Gtl,NAmes,Feedr,Norm,1Fam,SLvl,6,5,1964,1964,Gable,WdShngl,Plywood,Wd Sdng,BrkFace,259.0,TA,TA,CBlock,TA,TA,Gd,GLQ,624.0,Rec,336.0,288.0,1248.0,GasA,TA,Y,SBrkr,1350,0,0,1350,1.0,0.0,1,1,3,1,TA,6,Typ,0,,Attchd,1964.0,RFn,2.0,520.0,TA,TA,Y,176,0,0,0,0,0,,GdPrv,,0,6,2008,WD ,Normal,168500,124.81481481481481,mid,119.93108584399036,82,0,44,44,2598.0,2.5,30
1214,1215,534403260,20,RL,90.0,9900,Pave,,Reg,Lvl,AllPub,Corner,Gtl,NAmes,Norm,Norm,1Fam,1Story,5,5,1961,1961,Gable,CompShg,Plywood,Plywood,,0.0,TA,Gd,CBlock,TA,TA,No,Unf,0.0,Unf,0.0,1114.0,1114.0,GasA,TA,Y,SBrkr,1114,0,0,1114,1.0,0.0,1,0,3,1,TA,5,Typ,0,,Attchd,1961.0,RFn,2.0,451.0,TA,TA,Y,0,0,0,0,164,0,,,,0,5,2008,COD,Abnorml,140000,125.67324955116696,mid,119.93108584399036,82,0,47,47,2228.0,2.0,25
1215,1216,534426040,20,RL,72.0,10007,Pave,,IR1,Lvl,AllPub,Inside,Gtl,NAmes,Norm,Norm,1Fam,1Story,5,7,1959,2006,Gable,CompShg,HdBoard,HdBoard,BrkFace,54.0,Gd,TA,CBlock,TA,TA,No,ALQ,806.0,Unf,0.0,247.0,1053.0,GasA,Ex,Y,SBrkr,1053,0,0,1053,1.0,0.0,1,1,3,1,Gd,5,Typ,0,,Attchd,1959.0,RFn,1.0,312.0,TA,TA,Y,0,0,0,0,0,0,,MnPrv,,0,8,2008,WD ,Normal,145500,138.17663817663816,mid,119.93108584399036,82,0,49,2,2106.0,2.5,35
1216,1217,534427040,20,RL,80.0,10721,Pave,,IR1,Lvl,AllPub,Inside,Gtl,NAmes,Norm,Norm,1Fam,1Story,6,6,1959,1959,Hip,CompShg,HdBoard,HdBoard,Stone,243.0,Gd,TA,CBlock,TA,TA,No,Unf,0.0,Unf,0.0,1252.0,1252.0,GasA,Ex,Y,SBrkr,1252,0,0,1252,0.0,0.0,1,0,3,1,Gd,7,Typ,0,,Detchd,1960.0,Unf,2.0,528.0,TA,TA,Y,0,39,0,0,0,0,,,,0,10,2008,WD ,Normal,142000,113.4185303514377,mid,119.93108584399036,82,0,49,49,2504.0,1.0,36
1217,1218,534428020,20,RL,,12493,Pave,,IR1,Lvl,AllPub,Inside,Gtl,NAmes,Norm,Norm,1Fam,1Story,4,5,1960,1960,Gable,CompShg,Wd Sdng,Wd Sdng,,0.0,TA,TA,PConc,TA,TA,No,ALQ,419.0,Rec,306.0,375.0,1100.0,GasA,TA,Y,SBrkr,1100,0,0,1100,1.0,0.0,1,0,3,1,TA,6,Typ,1,Po,Attchd,1960.0,RFn,1.0,312.0,TA,TA,Y,355,0,0,0,0,0,,GdWo,,0,4,2008,WD ,Normal,141000,128.1818181818182,mid,119.93108584399036,82,0,48,48,2200.0,2.0,20
1218,1219,534428100,20,RL,,11332,Pave,,IR1,Lvl,AllPub,Corner,Gtl,NAmes,Norm,Norm,1Fam,1Story,5,7,1960,2000,Gable,CompShg,Wd Sdng,Wd Sdng,,0.0,TA,TA,CBlock,TA,TA,No,BLQ,528.0,Unf,0.0,590.0,1118.0,GasA,Ex,Y,SBrkr,1118,0,0,1118,1.0,0.0,1,0,3,1,Gd,6,Typ,0,,Attchd,1960.0,RFn,1.0,264.0,TA,TA,Y,290,0,0,0,0,0,,MnPrv,,0,8,2008,WD ,Normal,153000,136.8515205724508,mid,119.93108584399036,82,0,48,8,2236.0,2.0,35
1219,1220,534451080,20,RL,,6627,Pave,,IR1,Lvl,AllPub,Corner,Gtl,BrkSide,Feedr,Norm,1Fam,1Story,3,6,1949,1950,Hip,CompShg,VinylSd,VinylSd,,0.0,TA,TA,CBlock,,,,,0.0,,0.0,0.0,0.0,Floor,TA,N,SBrkr,720,0,0,720,0.0,0.0,1,0,2,1,TA,4,Typ,0,,Detchd,1955.0,Unf,1.0,287.0,TA,Fa,Y,0,0,0,0,0,0,,,,0,7,2008,WD ,Normal,72500,100.69444444444444,low,86.0125171467764,2,0,59,58,720.0,1.0,18
1220,1221,534451170,30,RL,56.0,4130,Pave,,IR1,Lvl,AllPub,Inside,Gtl,BrkSide,Norm,Norm,1Fam,1Story,3,6,1935,2003,Gable,CompShg,VinylSd,VinylSd,,0.0,Gd,TA,CBlock,TA,TA,No,Unf,0.0,Unf,0.0,270.0,270.0,GasA,Gd,Y,SBrkr,729,0,0,729,0.0,0.0,1,0,2,1,TA,5,Maj2,0,,,,,0.0,0.0,,,N,0,0,0,0,0,0,,,,0,7,2008,WD ,Normal,52000,71.33058984910836,low,86.0125171467764,2,1,73,5,999.0,1.0,18
1221,1222,534452060,190,RL,50.0,7420,Pave,,Reg,Lvl,AllPub,Corner,Gtl,BrkSide,Artery,Artery,2fmCon,1.5Unf,5,6,1939,1950,Gable,CompShg,MetalSd,MetalSd,,0.0,TA,TA,BrkTil,TA,TA,No,GLQ,851.0,Unf,0.0,140.0,991.0,GasA,Ex,Y,SBrkr,1077,0,0,1077,1.0,0.0,1,0,2,2,TA,5,Typ,2,TA,Attchd,1939.0,RFn,1.0,205.0,Gd,TA,Y,0,4,0,0,0,0,,,,0,1,2008,WD ,Normal,118000,109.5636025998143,mid,101.54907536208167,26,0,69,58,2068.0,2.0,30
1222,1223,534453140,70,RL,50.0,4882,Pave,,IR1,Bnk,AllPub,Inside,Mod,BrkSide,RRAn,Feedr,1Fam,2Story,4,7,1937,1950,Gable,CompShg,MetalSd,MetalSd,,0.0,TA,TA,PConc,TA,TA,No,Rec,120.0,Unf,0.0,228.0,348.0,GasA,TA,Y,SBrkr,453,453,0,906,0.0,0.0,1,0,2,1,TA,5,Typ,0,,Basment,1937.0,Unf,1.0,231.0,Fa,TA,Y,0,0,0,0,0,0,,,,0,9,2008,WD ,Normal,87000,96.02649006622516,mid,101.54907536208167,26,0,71,58,1254.0,1.0,28
1223,1224,534455030,20,RL,80.0,9600,Pave,,Reg,Lvl,AllPub,Inside,Gtl,NAmes,Norm,Norm,1Fam,1Story,5,6,1960,1960,Gable,CompShg,MetalSd,MetalSd,BrkFace,203.0,Fa,Fa,CBlock,TA,TA,No,Rec,658.0,Unf,0.0,638.0,1296.0,GasA,TA,Y,SBrkr,1496,0,0,1496,0.0,0.0,2,0,3,1,Gd,6,Typ,0,,Attchd,1960.0,RFn,2.0,450.0,TA,TA,Y,0,22,0,0,0,0,,MnPrv,,0,2,2008,WD ,Normal,141500,94.5855614973262,mid,119.93108584399036,82,1,48,48,2792.0,2.0,30
1224,1225,534477080,50,RL,80.0,9600,Pave,,Reg,Lvl,AllPub,Inside,Gtl,NAmes,Norm,Norm,1Fam,1.5Fin,6,5,1950,1950,Gable,CompShg,VinylSd,VinylSd,,0.0,TA,TA,CBlock,TA,TA,No,BLQ,280.0,Unf,0.0,752.0,1032.0,GasA,TA,Y,FuseA,1032,220,0,1252,0.0,0.0,1,0,3,1,TA,6,Typ,0,,Attchd,1950.0,Unf,1.0,288.0,TA,TA,Y,0,0,96,0,0,0,,,,0,4,2008,WD ,Abnorml,119000,95.0479233226837,mid,119.93108584399036,82,1,58,58,2284.0,1.0,30
1225,1226,534477090,20,RL,80.0,9600,Pave,,Reg,Lvl,AllPub,Inside,Gtl,NAmes,Norm,Norm,1Fam,1Story,5,8,1950,2006,Gable,CompShg,HdBoard,HdBoard,,0.0,TA,Gd,CBlock,TA,TA,No,BLQ,32.0,Rec,308.0,232.0,572.0,GasA,Gd,Y,SBrkr,1337,0,0,1337,1.0,0.0,1,0,3,1,Gd,7,Typ,1,Gd,Attchd,1950.0,RFn,1.0,264.0,TA,TA,Y,0,192,0,0,0,0,,,,0,9,2008,WD ,Normal,141500,105.83395661929693,mid,119.93108584399036,82,1,58,2,1909.0,2.0,40
1226,1227,534477270,80,RL,80.0,9600,Pave,,Reg,Lvl,AllPub,Inside,Gtl,NAmes,Norm,Norm,1Fam,SLvl,6,6,1955,1996,Hip,CompShg,AsbShng,AsbShng,,0.0,TA,TA,CBlock,TA,TA,Av,BLQ,831.0,Unf,0.0,161.0,992.0,GasA,Gd,Y,SBrkr,1661,0,0,1661,1.0,0.0,1,0,3,1,Gd,8,Typ,1,TA,BuiltIn,1955.0,RFn,1.0,377.0,TA,TA,Y,0,28,0,0,178,0,,MnPrv,,0,10,2008,WD ,Normal,165500,99.6387718242023,mid,119.93108584399036,82,1,53,12,2653.0,2.0,36
1227,1228,534479150,20,RL,63.0,7584,Pave,,Reg,Lvl,AllPub,Inside,Gtl,NAmes,Artery,Norm,1Fam,1Story,5,5,1953,1953,Hip,CompShg,Wd Sdng,Wd Sdng,BrkFace,88.0,TA,TA,CBlock,TA,TA,No,LwQ,531.0,Unf,0.0,505.0,1036.0,GasA,Ex,Y,SBrkr,1036,0,0,1036,0.0,0.0,1,0,3,1,TA,5,Typ,0,,Attchd,1953.0,RFn,1.0,312.0,TA,TA,Y,120,24,0,0,0,0,,MnPrv,,0,6,2008,WD ,Normal,112900,108.97683397683397,mid,119.93108584399036,82,0,55,55,2072.0,1.0,25
1228,1229,535103050,60,RL,,13700,Pave,,IR1,Lvl,AllPub,Inside,Gtl,NAmes,Norm,Norm,1Fam,2Story,7,6,1965,1988,Gable,CompShg,VinylSd,VinylSd,Stone,288.0,TA,TA,CBlock,TA,TA,Gd,ALQ,454.0,Unf,0.0,410.0,864.0,GasA,TA,Y,SBrkr,902,918,0,1820,0.0,0.0,1,2,4,1,Gd,8,Typ,2,Gd,Attchd,1965.0,Unf,2.0,492.0,TA,TA,Y,60,84,0,0,273,0,,GdPrv,,0,5,2008,WD ,Normal,201800,110.87912087912088,high,129.36650496881964,4,1,43,20,2684.0,2.0,42
1229,1230,535104020,20,RL,80.0,10197,Pave,,IR1,Lvl,AllPub,Inside,Gtl,NAmes,Norm,Norm,1Fam,1Story,6,5,1961,1961,Gable,CompShg,WdShing,Wd Shng,BrkCmn,491.0,TA,TA,CBlock,TA,TA,No,ALQ,288.0,Rec,374.0,700.0,1362.0,GasA,TA,Y,SBrkr,1362,0,0,1362,1.0,0.0,1,1,3,1,TA,6,Typ,1,TA,Attchd,1961.0,Unf,2.0,504.0,TA,TA,Y,0,20,0,0,0,0,,,,0,6,2008,COD,Normal,163000,119.67694566813509,mid,119.93108584399036,82,0,47,47,2724.0,2.5,30
1230,1231,535105030,20,RL,75.0,7875,Pave,,Reg,Lvl,AllPub,Inside,Gtl,NAmes,Norm,Norm,1Fam,1Story,5,6,1961,1961,Gable,CompShg,VinylSd,VinylSd,BrkFace,136.0,TA,TA,CBlock,TA,TA,No,Rec,572.0,Unf,0.0,572.0,1144.0,GasA,Gd,Y,SBrkr,1144,0,0,1144,1.0,0.0,1,0,3,1,TA,6,Typ,0,,Attchd,1961.0,Unf,2.0,456.0,TA,TA,Y,0,0,0,0,0,0,,GdWo,,0,9,2008,WD ,Normal,139950,122.33391608391608,mid,119.93108584399036,82,0,47,47,2288.0,2.0,30
1231,1232,535105060,20,RL,80.0,8400,Pave,,Reg,Lvl,AllPub,Inside,Gtl,NAmes,Norm,Norm,1Fam,1Story,6,9,1962,2005,Gable,CompShg,Wd Sdng,Wd Sdng,BrkFace,237.0,Gd,Gd,CBlock,TA,TA,No,Unf,0.0,Unf,0.0,1319.0,1319.0,GasA,TA,Y,SBrkr,1537,0,0,1537,1.0,0.0,1,1,3,1,Gd,7,Typ,1,Gd,Attchd,1962.0,RFn,2.0,462.0,TA,TA,Y,0,36,0,0,0,0,,GdPrv,,0,7,2008,COD,Abnorml,174000,113.20754716981132,mid,119.93108584399036,82,0,46,3,2856.0,2.5,54
1232,1233,535105090,80,RL,101.0,9150,Pave,,IR1,Lvl,AllPub,Corner,Gtl,NAmes,Norm,Norm,1Fam,SLvl,6,5,1962,1962,Gable,Tar&Grv,Plywood,Plywood,BrkFace,305.0,TA,TA,CBlock,Gd,TA,Gd,GLQ,371.0,Unf,0.0,728.0,1099.0,GasA,Gd,Y,SBrkr,1431,0,0,1431,0.0,1.0,1,0,3,1,TA,6,Typ,1,Gd,Basment,1962.0,RFn,1.0,296.0,TA,TA,Y,64,110,0,0,0,0,,,,0,12,2008,WD ,Normal,165000,115.30398322851153,mid,119.93108584399036,82,0,46,46,2530.0,1.5,30
1233,1234,535126140,60,RL,90.0,14670,Pave,,Reg,Lvl,AllPub,Inside,Gtl,NAmes,Norm,Norm,1Fam,2Story,6,7,1966,1999,Gable,CompShg,VinylSd,VinylSd,BrkFace,410.0,Gd,Gd,CBlock,TA,TA,No,BLQ,575.0,Unf,0.0,529.0,1104.0,GasA,Ex,Y,SBrkr,1104,884,0,1988,0.0,0.0,2,1,4,1,Gd,9,Typ,1,Gd,Attchd,1966.0,RFn,2.0,480.0,TA,TA,Y,0,230,0,0,0,0,,MnPrv,,0,8,2008,WD ,Normal,227000,114.1851106639839,mid,119.93108584399036,82,0,42,9,3092.0,2.5,42
1234,1235,535150210,20,RL,,7390,Pave,,IR1,Lvl,AllPub,Inside,Gtl,NAmes,Norm,Norm,1Fam,1Story,5,7,1955,1955,Hip,CompShg,Wd Sdng,Wd Sdng,BrkFace,151.0,TA,TA,CBlock,TA,TA,No,ALQ,902.0,Unf,0.0,196.0,1098.0,GasA,TA,Y,SBrkr,1098,0,0,1098,1.0,0.0,1,0,3,1,TA,6,Typ,0,,Attchd,1955.0,Unf,1.0,260.0,TA,TA,Y,0,0,0,0,0,0,,,,0,7,2008,WD ,Normal,135000,122.95081967213115,mid,119.93108584399036,82,0,53,53,2196.0,2.0,35
1235,1236,535150280,20,RL,71.0,9204,Pave,,Reg,Lvl,AllPub,Inside,Gtl,NAmes,Norm,Norm,1Fam,1Story,5,5,1963,1963,Gable,CompShg,HdBoard,HdBoard,,0.0,TA,TA,CBlock,TA,TA,No,BLQ,25.0,Rec,872.0,247.0,1144.0,GasA,TA,Y,SBrkr,1144,0,0,1144,1.0,0.0,1,1,3,1,TA,6,Typ,0,,Detchd,1962.0,Unf,1.0,336.0,TA,TA,Y,0,88,0,0,0,0,,,,0,8,2008,COD,Normal,124000,108.39160839160839,mid,119.93108584399036,82,0,45,45,2288.0,2.5,25
1236,1237,535151160,20,RL,70.0,7763,Pave,,Reg,Lvl,AllPub,Inside,Gtl,NAmes,Norm,Norm,1Fam,1Story,5,7,1962,1980,Gable,CompShg,MetalSd,MetalSd,,0.0,TA,Gd,CBlock,TA,TA,No,Rec,504.0,BLQ,108.0,319.0,931.0,GasA,TA,Y,SBrkr,1283,0,0,1283,1.0,0.0,1,0,3,1,TA,6,Typ,0,,Detchd,1980.0,Unf,2.0,506.0,TA,TA,Y,0,0,0,0,0,0,,,,0,10,2008,WD ,Normal,140000,109.11925175370226,mid,119.93108584399036,82,0,46,28,2214.0,2.0,35
1237,1238,535152200,20,RL,74.0,8856,Pave,,Reg,Lvl,AllPub,Inside,Gtl,NAmes,Norm,Norm,1Fam,1Story,5,4,1957,1957,Gable,CompShg,Wd Sdng,Wd Sdng,BrkFace,143.0,TA,TA,CBlock,TA,TA,No,ALQ,621.0,LwQ,52.0,503.0,1176.0,GasA,TA,Y,SBrkr,1176,0,0,1176,1.0,0.0,1,0,3,1,TA,6,Typ,2,Gd,Attchd,1957.0,RFn,1.0,292.0,TA,TA,Y,0,88,0,0,95,0,,,,0,5,2008,WD ,Normal,136500,116.07142857142857,mid,119.93108584399036,82,0,51,51,2352.0,2.0,20
1238,1239,535153140,20,RL,82.0,9840,Pave,,Reg,Lvl,AllPub,Inside,Gtl,NAmes,Norm,Norm,1Fam,1Story,5,7,1959,1998,Gable,CompShg,HdBoard,HdBoard,,0.0,TA,TA,CBlock,TA,TA,No,ALQ,1053.0,Unf,0.0,195.0,1248.0,GasA,TA,Y,SBrkr,1440,0,0,1440,1.0,0.0,2,0,2,1,Gd,7,Typ,0,,Attchd,1959.0,RFn,1.0,480.0,TA,TA,Y,150,0,0,0,256,0,,,,0,6,2008,WD ,Normal,185000,128.47222222222223,mid,119.93108584399036,82,0,49,10,2688.0,3.0,35
1239,1240,535153150,20,RL,76.0,9120,Pave,,Reg,Lvl,AllPub,Inside,Gtl,NAmes,Norm,Norm,1Fam,1Story,6,6,1958,1958,Hip,CompShg,MetalSd,MetalSd,,0.0,TA,TA,CBlock,TA,TA,No,ALQ,662.0,Unf,0.0,599.0,1261.0,GasA,Ex,Y,SBrkr,1261,0,0,1261,1.0,0.0,1,0,3,1,TA,6,Typ,1,TA,Attchd,1958.0,RFn,2.0,433.0,TA,TA,Y,0,0,0,0,288,0,,,Shed,1400,11,2008,WD ,Normal,163000,129.26249008723235,mid,119.93108584399036,82,0,50,50,2522.0,2.0,36
1240,1241,535176100,20,RL,90.0,13200,Pave,,IR1,Lvl,AllPub,Inside,Gtl,NAmes,Feedr,Norm,1Fam,1Story,6,6,1958,1958,Gable,CompShg,Wd Sdng,Wd Sdng,BrkFace,187.0,TA,TA,CBlock,TA,TA,No,LwQ,958.0,Unf,0.0,437.0,1395.0,GasA,Ex,Y,SBrkr,1570,0,0,1570,1.0,0.0,1,0,3,1,TA,5,Typ,1,TA,Attchd,1958.0,RFn,2.0,441.0,TA,TA,Y,490,0,0,0,0,0,,,,0,5,2008,WD ,Normal,166800,106.24203821656052,mid,119.93108584399036,82,1,50,50,2965.0,2.0,36
1241,1242,535178060,20,RL,72.0,9000,Pave,,Reg,Lvl,AllPub,Inside,Gtl,NAmes,Norm,Norm,1Fam,1Story,6,5,1956,1956,Gable,CompShg,Wd Sdng,Wd Sdng,BrkFace,74.0,TA,TA,CBlock,Gd,TA,No,LwQ,616.0,Unf,0.0,580.0,1196.0,GasA,Gd,Y,FuseA,1196,0,0,1196,1.0,0.0,1,0,2,1,TA,6,Typ,1,Gd,Attchd,1956.0,RFn,1.0,297.0,TA,TA,Y,0,44,0,0,0,0,,,,0,5,2008,WD ,Normal,139000,116.22073578595318,mid,119.93108584399036,82,0,52,52,2392.0,2.0,30
1242,1243,535179060,20,RL,80.0,11900,Pave,,IR1,Lvl,AllPub,Corner,Gtl,NAmes,Norm,Norm,1Fam,1Story,6,5,1957,1957,Gable,CompShg,HdBoard,HdBoard,BrkFace,387.0,TA,TA,CBlock,TA,TA,No,Rec,1040.0,Unf,0.0,352.0,1392.0,GasA,TA,Y,FuseA,1392,0,0,1392,1.0,0.0,1,1,3,1,TA,6,Typ,2,Gd,Attchd,1957.0,RFn,2.0,458.0,TA,TA,Y,0,0,0,0,192,0,,,,0,6,2008,WD ,Normal,166000,119.25287356321839,mid,119.93108584399036,82,0,51,51,2784.0,2.5,30
1243,1244,535180100,20,RL,75.0,9464,Pave,,Reg,Lvl,AllPub,Corner,Gtl,NAmes,Norm,Norm,1Fam,1Story,6,7,1958,1958,Hip,CompShg,MetalSd,MetalSd,BrkFace,135.0,TA,Gd,CBlock,TA,TA,No,BLQ,570.0,Unf,0.0,510.0,1080.0,GasA,Gd,Y,SBrkr,1080,0,0,1080,0.0,0.0,1,0,3,1,TA,5,Typ,0,,Attchd,1958.0,Unf,1.0,288.0,TA,TA,Y,0,0,0,0,130,0,,,,0,6,2008,WD ,Normal,136000,125.92592592592592,mid,119.93108584399036,82,0,50,50,2160.0,1.0,42
1244,1245,535180120,20,RL,75.0,10425,Pave,,Reg,Lvl,AllPub,Inside,Gtl,NAmes,Norm,Norm,1Fam,1Story,5,5,1956,1958,Gable,CompShg,MetalSd,MetalSd,,0.0,TA,TA,CBlock,TA,TA,No,Rec,774.0,Unf,0.0,330.0,1104.0,GasA,Gd,Y,SBrkr,1104,0,0,1104,1.0,0.0,1,0,3,1,TA,5,Typ,0,,Attchd,1956.0,RFn,1.0,384.0,TA,TA,Y,0,0,0,0,0,0,,,,0,4,2008,WD ,Normal,133000,120.47101449275362,mid,119.93108584399036,82,0,52,50,2208.0,2.0,25
1245,1246,535301080,20,RL,60.0,11556,Pave,,Reg,Lvl,AllPub,Inside,Gtl,NAmes,Norm,Norm,1Fam,1Story,5,6,1952,1952,Gable,CompShg,MetalSd,MetalSd,Stone,52.0,TA,TA,CBlock,TA,TA,No,Rec,148.0,Unf,0.0,572.0,720.0,GasA,Ex,Y,FuseA,882,0,0,882,1.0,0.0,1,0,2,1,Gd,4,Typ,0,,Attchd,1952.0,Unf,1.0,240.0,TA,TA,Y,0,0,0,0,0,0,,MnPrv,,0,5,2008,WD ,Normal,116000,131.51927437641723,mid,119.93108584399036,82,0,56,56,1602.0,2.0,30
1246,1247,535302130,20,RL,102.0,9373,Pave,,IR1,Lvl,AllPub,Corner,Gtl,NAmes,Norm,Norm,1Fam,1Story,5,6,1953,1953,Gable,CompShg,MetalSd,MetalSd,BrkFace,84.0,TA,TA,CBlock,TA,TA,No,Rec,500.0,LwQ,196.0,456.0,1152.0,GasA,TA,Y,SBrkr,1152,0,0,1152,0.0,0.0,1,1,3,1,TA,6,Typ,0,,Detchd,1971.0,Unf,2.0,636.0,TA,TA,Y,0,0,0,0,0,0,,,,0,5,2008,WD ,Normal,137500,119.35763888888889,mid,119.93108584399036,82,0,55,55,2304.0,1.5,30
1247,1248,535302140,20,RL,,12774,Pave,,Reg,Lvl,AllPub,Inside,Sev,NAmes,Norm,Norm,1Fam,1Story,5,5,1953,1953,Hip,CompShg,MetalSd,MetalSd,,0.0,TA,TA,PConc,TA,TA,No,BLQ,624.0,LwQ,128.0,232.0,984.0,GasW,TA,N,SBrkr,950,0,0,950,0.0,0.0,1,0,2,1,TA,5,Typ,0,,Detchd,1953.0,Unf,2.0,400.0,TA,TA,Y,0,32,0,0,0,0,,GdWo,,0,7,2008,WD ,Normal,130000,136.8421052631579,mid,119.93108584399036,82,0,55,55,1934.0,1.0,25
1248,1249,535303030,20,RL,95.0,14250,Pave,,Reg,Lvl,AllPub,Inside,Gtl,NAmes,Norm,Norm,1Fam,1Story,6,5,1957,1957,Gable,CompShg,Plywood,Plywood,BrkFace,360.0,TA,TA,CBlock,TA,TA,No,Unf,0.0,Unf,0.0,998.0,998.0,GasA,TA,Y,SBrkr,1790,0,0,1790,0.0,0.0,2,0,3,1,TA,6,Typ,2,Gd,Attchd,1957.0,Fin,2.0,540.0,TA,TA,Y,0,40,0,0,0,0,,,Shed,1500,9,2008,WD ,Normal,180000,100.55865921787709,mid,119.93108584399036,82,1,51,51,2788.0,2.0,30
1249,1250,535305030,20,RL,60.0,7350,Pave,,Reg,Lvl,AllPub,Corner,Gtl,NAmes,Norm,Norm,1Fam,1Story,5,7,1951,1951,Gable,CompShg,HdBoard,HdBoard,,0.0,TA,TA,CBlock,TA,TA,Mn,ALQ,852.0,Unf,0.0,100.0,952.0,GasA,TA,Y,SBrkr,952,0,0,952,1.0,0.0,1,0,2,1,TA,4,Typ,0,,Detchd,1988.0,Unf,2.0,840.0,TA,TA,Y,0,0,0,0,0,0,,,,0,6,2008,COD,Abnorml,139000,146.00840336134453,mid,119.93108584399036,82,0,57,57,1904.0,2.0,35
1250,1251,535305160,20,RL,57.0,7677,Pave,,Reg,Lvl,AllPub,Inside,Gtl,NAmes,Norm,Norm,1Fam,1Story,5,5,1953,1953,Gable,CompShg,VinylSd,VinylSd,,0.0,TA,TA,CBlock,TA,TA,No,BLQ,570.0,Unf,0.0,203.0,773.0,GasA,Gd,Y,SBrkr,773,0,0,773,0.0,0.0,1,0,2,1,TA,4,Typ,0,,Attchd,1953.0,Unf,1.0,240.0,TA,TA,Y,0,0,0,0,0,0,,,,0,4,2008,WD ,Abnorml,110000,142.3027166882277,mid,119.93108584399036,82,0,55,55,1546.0,1.0,25
1251,1252,535327230,20,RL,71.0,8838,Pave,,Reg,Lvl,AllPub,Inside,Gtl,NAmes,Norm,Norm,1Fam,1Story,5,3,1957,1982,Gable,CompShg,MetalSd,MetalSd,,0.0,TA,TA,BrkTil,,,,,0.0,,0.0,0.0,0.0,GasA,Gd,Y,SBrkr,1764,0,0,1764,0.0,0.0,2,1,4,1,TA,7,Maj2,1,TA,Attchd,1957.0,Fin,1.0,301.0,TA,TA,Y,0,72,0,0,0,0,,,,0,10,2008,WD ,Normal,100000,56.68934240362812,mid,119.93108584399036,82,1,51,26,1764.0,2.5,15
1252,1253,535352080,50,RL,80.0,8480,Pave,,Reg,Lvl,AllPub,Inside,Gtl,NAmes,Norm,Norm,1Fam,1.5Fin,5,5,1947,1950,Gable,CompShg,MetalSd,MetalSd,,0.0,TA,TA,CBlock,TA,TA,No,Rec,442.0,Unf,0.0,390.0,832.0,GasA,TA,Y,SBrkr,832,384,0,1216,0.0,0.0,1,0,2,1,TA,6,Typ,0,,Detchd,1947.0,Unf,1.0,336.0,TA,TA,Y,158,0,102,0,0,0,,,,0,10,2008,COD,Abnorml,118500,97.45065789473684,mid,119.93108584399036,82,1,61,58,2048.0,1.0,25
1253,1254,535354200,90,RL,76.0,12436,Pave,,Reg,Lvl,AllPub,Inside,Gtl,NAmes,Norm,Norm,Duplex,1Story,5,5,1957,1957,Gable,CompShg,Wd Sdng,Wd Sdng,,0.0,TA,TA,CBlock,TA,TA,No,Unf,0.0,Unf,0.0,1824.0,1824.0,GasA,Fa,Y,FuseA,1824,0,0,1824,0.0,0.0,2,0,5,2,TA,9,Typ,0,,Detchd,1958.0,Unf,2.0,484.0,TA,TA,Y,0,0,0,0,0,0,,,,0,1,2008,WD ,Normal,146000,80.04385964912281,mid,119.93108584399036,82,1,51,51,3648.0,2.0,25
1254,1255,535375140,20,RL,60.0,10122,Pave,,Reg,Lvl,AllPub,Inside,Gtl,OldTown,Norm,Norm,1Fam,1Story,4,6,1948,1950,Gable,CompShg,MetalSd,MetalSd,,0.0,TA,TA,Slab,,,,,0.0,,0.0,0.0,0.0,GasA,TA,N,SBrkr,869,0,0,869,0.0,0.0,1,0,1,1,TA,3,Typ,0,,Detchd,1948.0,Unf,1.0,390.0,Fa,TA,N,0,0,66,0,0,0,,GdPrv,,0,8,2008,WD ,Normal,89900,103.45224395857308,mid,93.03188772358695,42,0,60,58,869.0,1.0,24
1255,1256,535375160,50,RL,45.0,7506,Pave,,Reg,Lvl,AllPub,Corner,Gtl,OldTown,Norm,Norm,1Fam,1.5Fin,5,8,1925,1950,Gable,CompShg,VinylSd,VinylSd,,0.0,TA,Gd,PConc,TA,TA,No,Unf,0.0,Unf,0.0,747.0,747.0,GasA,TA,Y,SBrkr,747,412,0,1159,0.0,0.0,1,0,3,1,TA,5,Typ,0,,Detchd,1932.0,Unf,1.0,288.0,Fa,TA,N,84,0,96,0,0,0,,,,0,5,2008,WD ,Normal,114000,98.36065573770492,mid,93.03188772358695,42,0,83,58,1906.0,1.0,40
1256,1257,535380050,50,RL,60.0,10930,Pave,Grvl,Reg,Bnk,AllPub,Inside,Gtl,NAmes,Artery,Norm,1Fam,1.5Fin,5,6,1945,1950,Gable,CompShg,MetalSd,MetalSd,,0.0,TA,TA,CBlock,TA,TA,No,BLQ,580.0,Unf,0.0,333.0,913.0,GasA,TA,Y,FuseA,1048,510,0,1558,1.0,0.0,1,1,3,1,TA,6,Typ,1,TA,Attchd,1962.0,Unf,1.0,288.0,TA,TA,Y,0,0,0,0,0,0,,,,0,4,2008,WD ,Normal,140000,89.85879332477535,mid,119.93108584399036,82,1,63,58,2471.0,2.5,30
1257,1258,535380110,30,RL,60.0,5400,Pave,,Reg,Lvl,AllPub,Corner,Gtl,OldTown,Norm,Norm,1Fam,1Story,4,7,1940,2005,Gambrel,CompShg,VinylSd,VinylSd,,0.0,Gd,TA,PConc,TA,TA,No,Unf,0.0,Unf,0.0,672.0,672.0,GasA,Gd,Y,SBrkr,672,0,0,672,0.0,0.0,1,0,2,1,TA,4,Typ,0,,Detchd,1997.0,Unf,1.0,308.0,TA,TA,N,88,108,0,0,0,0,,,,0,7,2008,WD ,Normal,86900,129.3154761904762,mid,93.03188772358695,42,0,68,3,1344.0,1.0,28
1258,1259,535380140,50,RL,60.0,10836,Pave,Grvl,Reg,Lvl,AllPub,Inside,Gtl,OldTown,Norm,Norm,1Fam,1.5Fin,5,5,1922,1950,Gable,CompShg,Wd Sdng,Wd Sdng,,0.0,TA,TA,BrkTil,TA,TA,No,Unf,0.0,Unf,0.0,892.0,892.0,GasA,Ex,Y,SBrkr,1254,182,0,1436,0.0,1.0,1,0,3,1,TA,7,Typ,1,Gd,Detchd,1968.0,Unf,4.0,1488.0,Fa,TA,N,0,0,100,0,0,0,,GdWo,,0,6,2008,WD ,Normal,139000,96.7966573816156,mid,93.03188772358695,42,0,86,58,2328.0,1.5,25
1259,1260,535383100,190,RL,60.0,10800,Pave,Grvl,Reg,Lvl,AllPub,Inside,Gtl,OldTown,Norm,Norm,2fmCon,2Story,4,7,1900,2000,Gable,CompShg,MetalSd,MetalSd,,0.0,TA,TA,BrkTil,,,,,0.0,,0.0,0.0,0.0,GasA,TA,N,FuseA,694,600,0,1294,0.0,0.0,2,0,3,2,TA,7,Typ,0,,,,,0.0,0.0,,,N,220,114,210,0,0,0,,,,0,8,2008,WD ,Normal,106250,82.1097372488408,mid,93.03188772358695,42,1,108,8,1294.0,2.0,28
1260,1261,535402120,60,RL,70.0,9247,Pave,,IR1,Lvl,AllPub,Inside,Gtl,NAmes,Norm,Norm,1Fam,2Story,6,6,1962,1962,Gable,CompShg,HdBoard,HdBoard,BrkFace,318.0,TA,TA,CBlock,TA,TA,No,Rec,319.0,Unf,0.0,539.0,858.0,GasA,Ex,Y,SBrkr,858,858,0,1716,0.0,0.0,1,1,4,1,TA,8,Typ,1,Gd,Attchd,1962.0,Fin,2.0,490.0,TA,TA,Y,0,84,0,0,120,0,,,,0,3,2008,WD ,Normal,171000,99.65034965034965,mid,119.93108584399036,82,1,46,46,2574.0,1.5,36
1261,1262,535403010,20,RL,78.0,10180,Pave,,IR1,Lvl,AllPub,Corner,Gtl,NAmes,Feedr,Norm,1Fam,1Story,5,6,1968,1968,Gable,CompShg,HdBoard,Plywood,,0.0,TA,TA,CBlock,TA,TA,No,Rec,744.0,Unf,0.0,168.0,912.0,GasA,TA,Y,SBrkr,1044,0,0,1044,0.0,1.0,1,1,3,1,TA,5,Typ,1,Fa,Attchd,1990.0,Fin,2.0,372.0,TA,TA,Y,200,48,0,0,0,0,,GdWo,Shed,450,6,2008,WD ,Normal,139000,133.1417624521073,mid,119.93108584399036,82,0,40,40,1956.0,2.0,30
1262,1263,535425060,20,RL,76.0,11355,Pave,,IR1,Lvl,AllPub,Corner,Gtl,NAmes,Norm,Norm,1Fam,1Story,7,7,1958,2001,Gable,Tar&Grv,HdBoard,HdBoard,BrkFace,125.0,TA,TA,CBlock,TA,TA,No,BLQ,637.0,Unf,0.0,675.0,1312.0,GasA,Ex,Y,SBrkr,1312,0,0,1312,0.0,0.0,1,1,3,1,TA,6,Typ,1,Gd,Attchd,1958.0,RFn,2.0,495.0,TA,TA,Y,0,304,144,0,0,0,,MnPrv,Othr,6500,4,2008,WD ,Normal,186000,141.76829268292684,high,129.36650496881964,4,0,50,7,2624.0,1.5,49
1263,1264,535426260,20,RL,,10920,Pave,,IR1,Lvl,AllPub,Corner,Gtl,NAmes,Norm,Norm,1Fam,1Story,6,5,1960,1960,Hip,CompShg,MetalSd,MetalSd,BrkFace,212.0,TA,TA,CBlock,TA,TA,No,BLQ,733.0,Unf,0.0,520.0,1253.0,GasA,TA,Y,SBrkr,1253,0,0,1253,1.0,0.0,1,1,2,1,TA,5,Typ,1,Fa,Attchd,1960.0,RFn,1.0,352.0,TA,TA,Y,0,213,176,0,0,0,,GdWo,,0,5,2008,WD ,Normal,157000,125.29928172386273,mid,119.93108584399036,82,0,48,48,2506.0,2.5,30
1264,1265,535426350,20,RL,,12929,Pave,,IR1,Lvl,AllPub,Inside,Gtl,NAmes,Norm,Norm,1Fam,1Story,6,6,1960,1993,Gable,CompShg,Wd Sdng,Wd Sdng,BrkFace,276.0,TA,TA,CBlock,TA,TA,Gd,GLQ,697.0,Unf,0.0,384.0,1081.0,GasA,TA,Y,SBrkr,1081,0,0,1081,1.0,0.0,1,0,3,1,TA,5,Typ,0,,CarPort,1960.0,Unf,1.0,401.0,TA,TA,Y,36,82,0,0,0,0,,,,0,6,2008,WD ,Normal,148000,136.91026827012027,mid,119.93108584399036,82,0,48,15,2162.0,2.0,36
1265,1266,535427070,20,RL,313.0,27650,Pave,,IR2,HLS,AllPub,Inside,Mod,NAmes,PosA,Norm,1Fam,1Story,7,7,1960,2007,Flat,Tar&Grv,Wd Sdng,Wd Sdng,,0.0,TA,TA,CBlock,Gd,TA,Gd,GLQ,425.0,Unf,0.0,160.0,585.0,GasA,Ex,Y,SBrkr,2069,0,0,2069,1.0,0.0,2,0,4,1,Gd,9,Typ,1,Gd,Attchd,1960.0,RFn,2.0,505.0,TA,TA,Y,0,0,0,0,0,0,,,,0,11,2008,WD ,Normal,242000,116.96471725471243,high,129.36650496881964,4,0,48,1,2654.0,3.0,49
1266,1267,535451010,20,RL,74.0,8892,Pave,,Reg,Lvl,AllPub,Corner,Gtl,NAmes,Norm,Norm,1Fam,1Story,5,7,1953,1996,Gable,CompShg,WdShing,Wd Shng,,0.0,Gd,TA,Stone,TA,TA,Av,Unf,0.0,Unf,0.0,105.0,105.0,GasA,Gd,Y,SBrkr,910,0,0,910,0.0,0.0,1,0,3,1,Gd,5,Typ,0,,Attchd,1953.0,Unf,2.0,414.0,TA,TA,Y,196,0,150,0,0,0,,GdWo,,0,10,2008,WD ,Normal,116000,127.47252747252747,mid,119.93108584399036,82,0,55,12,1015.0,1.0,35
1267,1268,535451050,20,RL,60.0,7200,Pave,,Reg,Lvl,AllPub,Inside,Gtl,NAmes,Norm,Norm,1Fam,1Story,5,7,1951,1951,Gable,CompShg,MetalSd,MetalSd,,0.0,TA,TA,CBlock,Fa,TA,No,LwQ,432.0,Unf,0.0,444.0,876.0,GasA,TA,Y,SBrkr,876,0,0,876,0.0,0.0,1,0,2,1,TA,5,Typ,1,TA,Detchd,1972.0,Unf,2.0,576.0,TA,TA,Y,0,0,0,0,0,0,,,,0,2,2008,WD ,Abnorml,94000,107.30593607305936,mid,119.93108584399036,82,1,57,57,1752.0,1.0,35
1268,1269,535451230,20,RL,60.0,7200,Pave,,Reg,Lvl,AllPub,Inside,Gtl,NAmes,Norm,Norm,1Fam,1Story,5,5,1950,1950,Hip,CompShg,MetalSd,MetalSd,,0.0,TA,TA,CBlock,,,,,0.0,,0.0,0.0,0.0,GasA,Gd,Y,SBrkr,1048,0,0,1048,0.0,0.0,1,0,3,1,TA,7,Min1,0,,Detchd,1950.0,Unf,2.0,420.0,TA,TA,Y,0,27,0,0,0,0,,,,0,7,2008,WD ,Normal,98300,93.79770992366412,mid,119.93108584399036,82,1,58,58,1048.0,1.0,25
1269,1270,535452120,80,RL,70.0,7910,Pave,,Reg,Lvl,AllPub,Inside,Gtl,NAmes,Norm,Norm,1Fam,SLvl,5,5,1960,1960,Hip,CompShg,BrkFace,HdBoard,,0.0,TA,TA,CBlock,TA,TA,No,ALQ,666.0,Unf,0.0,409.0,1075.0,GasA,Gd,Y,SBrkr,1507,0,0,1507,0.0,0.0,2,0,4,1,TA,7,Maj1,0,,Basment,1960.0,Unf,1.0,404.0,TA,TA,Y,0,0,0,0,0,0,,GdWo,,0,8,2008,WD ,Normal,127000,84.2733908427339,mid,119.93108584399036,82,1,48,48,2582.0,2.0,25
1270,1271,535453020,20,RL,80.0,8000,Pave,,Reg,Lvl,AllPub,Inside,Gtl,NAmes,Norm,Norm,1Fam,1Story,5,6,1959,1959,Gable,CompShg,BrkFace,Wd Sdng,,0.0,TA,TA,PConc,TA,TA,No,BLQ,476.0,Rec,488.0,292.0,1256.0,GasA,Gd,Y,FuseA,1256,0,0,1256,1.0,0.0,1,1,3,1,Gd,6,Typ,0,,Attchd,1959.0,RFn,1.0,311.0,TA,TA,Y,0,240,0,0,0,0,,,,0,5,2008,WD ,Normal,159000,126.59235668789809,mid,119.93108584399036,82,0,49,49,2512.0,2.5,30
1271,1272,535453040,20,RL,80.0,8000,Pave,,Reg,Lvl,AllPub,Inside,Gtl,NAmes,Norm,Norm,1Fam,1Story,5,5,1962,1962,Gable,CompShg,BrkFace,MetalSd,,0.0,TA,TA,CBlock,TA,TA,No,BLQ,520.0,Rec,319.0,188.0,1027.0,GasA,TA,Y,SBrkr,1027,0,0,1027,0.0,1.0,1,0,3,1,TA,6,Typ,0,,Attchd,1962.0,Unf,1.0,299.0,TA,TA,Y,0,0,0,0,0,0,,,,0,11,2008,WD ,Normal,125900,122.59006815968841,mid,119.93108584399036,82,0,46,46,2054.0,1.5,25
1272,1273,535453210,20,RL,70.0,7931,Pave,,Reg,Lvl,AllPub,Inside,Gtl,NAmes,Norm,Norm,1Fam,1Story,5,6,1960,1960,Gable,CompShg,BrkFace,Wd Sdng,,0.0,TA,TA,CBlock,TA,TA,No,BLQ,374.0,LwQ,532.0,363.0,1269.0,GasA,TA,Y,FuseA,1269,0,0,1269,0.0,0.0,1,1,3,1,TA,6,Typ,1,Fa,Detchd,1964.0,Unf,1.0,308.0,TA,TA,Y,0,0,0,0,0,0,,,,0,6,2008,WD ,Normal,155000,122.14342001576044,mid,119.93108584399036,82,0,48,48,2538.0,1.5,30
1273,1274,535454150,50,RL,60.0,8064,Pave,,Reg,Lvl,AllPub,Inside,Gtl,NAmes,Artery,Norm,1Fam,1.5Fin,6,6,1948,1950,Gable,CompShg,Wd Sdng,Wd Sdng,,0.0,TA,TA,CBlock,TA,TA,No,ALQ,315.0,Unf,0.0,453.0,768.0,GasA,Ex,Y,SBrkr,819,501,0,1320,0.0,0.0,2,0,3,1,TA,5,Typ,0,,Detchd,1994.0,Unf,2.0,576.0,TA,TA,Y,108,0,0,0,0,0,,GdWo,,0,9,2008,WD ,Normal,138000,104.54545454545455,mid,119.93108584399036,82,1,60,58,2088.0,2.0,36
1274,1275,535455060,45,RL,64.0,6390,Pave,,Reg,Lvl,AllPub,Corner,Gtl,NAmes,Feedr,Norm,1Fam,1.5Unf,6,7,1954,1954,Gable,CompShg,MetalSd,MetalSd,,0.0,TA,TA,CBlock,TA,TA,No,Unf,0.0,Unf,0.0,936.0,936.0,GasA,TA,Y,FuseA,984,0,0,984,1.0,0.0,1,0,2,1,TA,4,Typ,0,,Detchd,1954.0,Unf,1.0,280.0,TA,TA,Y,0,0,0,0,0,0,,GdWo,,0,6,2008,WD ,Normal,112500,114.32926829268293,mid,119.93108584399036,82,0,54,54,1920.0,2.0,42
1275,1276,535455080,45,RL,59.0,7227,Pave,,Reg,HLS,AllPub,Corner,Mod,NAmes,Artery,Norm,1Fam,1.5Unf,6,6,1954,1954,Gable,CompShg,MetalSd,MetalSd,,0.0,TA,TA,CBlock,TA,TA,No,Unf,0.0,Unf,0.0,832.0,832.0,GasA,Gd,Y,SBrkr,832,0,0,832,0.0,0.0,1,0,2,1,Gd,4,Typ,0,,Detchd,1962.0,Unf,2.0,528.0,TA,TA,Y,0,0,0,0,0,0,,,,0,6,2008,WD ,Normal,105500,126.80288461538461,mid,119.93108584399036,82,0,54,54,1664.0,1.0,36
1276,1277,535455090,50,RL,60.0,7200,Pave,,Reg,Lvl,AllPub,Inside,Gtl,NAmes,Norm,Norm,1Fam,1.5Fin,6,5,1954,1954,Gable,CompShg,MetalSd,MetalSd,,0.0,TA,TA,CBlock,TA,TA,No,Rec,673.0,Unf,0.0,181.0,854.0,GasA,Fa,Y,FuseA,854,424,0,1278,0.0,0.0,1,0,4,1,TA,6,Typ,0,,Attchd,1954.0,Unf,1.0,240.0,TA,TA,Y,0,0,0,0,0,0,,MnWw,,0,4,2008,WD ,Normal,127500,99.76525821596245,mid,119.93108584399036,82,1,54,54,2132.0,1.0,30
1277,1278,535456050,90,RL,113.0,8513,Pave,,Reg,Lvl,AllPub,Corner,Gtl,NAmes,Artery,Norm,Duplex,1Story,5,5,1961,1961,Gable,CompShg,BrkFace,Wd Sdng,,0.0,TA,TA,CBlock,TA,TA,Av,Unf,0.0,Unf,0.0,1800.0,1800.0,GasA,TA,N,SBrkr,1800,0,0,1800,0.0,0.0,2,0,6,2,TA,10,Typ,0,,,,,0.0,0.0,,,N,0,0,0,0,0,0,,,,0,11,2008,WD ,Abnorml,130000,72.22222222222223,mid,119.93108584399036,82,1,47,47,3600.0,2.0,25
1278,1279,535456070,50,RL,60.0,7200,Pave,,Reg,Lvl,AllPub,Inside,Gtl,NAmes,Norm,Norm,1Fam,1.5Fin,5,6,1955,1967,Gable,CompShg,MetalSd,MetalSd,,0.0,TA,Gd,CBlock,TA,TA,Mn,GLQ,370.0,Unf,0.0,398.0,768.0,GasA,Gd,Y,SBrkr,1024,564,0,1588,0.0,0.0,1,1,3,1,TA,6,Typ,0,,Detchd,1955.0,Unf,2.0,480.0,TA,TA,Y,0,0,0,0,0,0,,,,0,3,2008,WD ,Normal,150000,94.45843828715365,mid,119.93108584399036,82,1,53,41,2356.0,1.5,30
1279,1280,535456100,20,RL,60.0,7200,Pave,,Reg,Lvl,AllPub,Inside,Gtl,NAmes,Norm,Norm,1Fam,1Story,5,7,1954,1954,Gable,CompShg,MetalSd,MetalSd,,0.0,TA,TA,CBlock,TA,TA,No,Unf,0.0,Unf,0.0,825.0,825.0,GasA,TA,Y,FuseA,825,0,0,825,0.0,1.0,1,0,2,1,TA,4,Typ,0,,Attchd,1954.0,Unf,1.0,350.0,TA,TA,Y,0,0,0,0,0,0,,,,0,7,2008,WD ,Normal,109500,132.72727272727272,mid,119.93108584399036,82,0,54,54,1650.0,1.5,35
1280,1281,535475020,60,RL,71.0,7056,Pave,,Reg,Lvl,AllPub,Inside,Gtl,NAmes,Norm,Norm,1Fam,2Story,6,5,1963,1963,Hip,CompShg,HdBoard,HdBoard,BrkFace,415.0,TA,TA,CBlock,TA,TA,No,BLQ,400.0,Unf,0.0,380.0,780.0,GasA,TA,Y,SBrkr,983,813,0,1796,1.0,0.0,1,1,4,1,TA,8,Typ,1,TA,Attchd,1963.0,RFn,2.0,483.0,TA,TA,Y,0,50,0,0,0,0,,,,0,10,2008,WD ,Normal,140000,77.95100222717149,mid,119.93108584399036,82,1,45,45,2576.0,2.5,30
1281,1282,535476370,60,RL,80.0,9760,Pave,,Reg,Lvl,AllPub,Inside,Mod,NAmes,Norm,Norm,1Fam,2Story,6,6,1964,1964,Gable,CompShg,HdBoard,HdBoard,BrkFace,360.0,TA,TA,CBlock,TA,TA,Gd,GLQ,674.0,LwQ,106.0,0.0,780.0,GasA,TA,Y,SBrkr,798,813,0,1611,1.0,0.0,1,1,4,1,TA,7,Typ,0,,Attchd,1964.0,RFn,2.0,442.0,TA,TA,Y,328,128,0,0,189,0,,,,0,6,2008,WD ,Normal,167900,104.2209807572936,mid,119.93108584399036,82,1,44,44,2391.0,2.5,36
1282,1283,535477090,20,RL,69.0,7590,Pave,,Reg,Lvl,AllPub,Inside,Gtl,NAmes,PosN,Norm,1Fam,1Story,5,5,1963,1963,Gable,CompShg,Wd Sdng,Wd Sdng,,0.0,TA,TA,CBlock,TA,TA,No,Unf,0.0,Unf,0.0,1117.0,1117.0,GasA,Ex,Y,SBrkr,1117,0,0,1117,0.0,0.0,1,0,3,1,TA,6,Typ,0,,Attchd,1963.0,Unf,1.0,264.0,TA,TA,Y,0,0,0,0,0,0,,,,0,5,2008,COD,Normal,136870,122.53357206803939,mid,119.93108584399036,82,0,45,45,2234.0,1.0,25
1283,1284,902100020,20,RM,56.0,9836,Pave,Grvl,Reg,Bnk,AllPub,Inside,Gtl,OldTown,Artery,Norm,1Fam,1Story,6,5,2008,2008,Gable,CompShg,VinylSd,VinylSd,,0.0,TA,TA,PConc,TA,TA,No,GLQ,96.0,Unf,0.0,96.0,192.0,GasA,Gd,N,SBrkr,1133,0,0,1133,1.0,0.0,1,0,3,1,TA,7,Typ,0,,Detchd,2008.0,Unf,1.0,308.0,TA,TA,Y,0,175,0,0,0,0,,,,0,12,2008,WD ,Abnorml,143000,126.2135922330097,mid,93.03188772358695,42,0,0,0,1325.0,2.0,30
1284,1285,902100030,30,RM,30.0,5232,Pave,Grvl,IR3,Bnk,AllPub,Inside,Gtl,OldTown,Artery,Norm,1Fam,1Story,5,5,1925,2004,Gable,CompShg,Wd Sdng,Wd Sdng,,0.0,TA,TA,BrkTil,Fa,TA,No,Unf,0.0,Unf,0.0,680.0,680.0,GasA,Gd,N,FuseP,764,0,0,764,0.0,0.0,1,0,2,1,TA,4,Typ,0,,Detchd,1965.0,Unf,2.0,504.0,TA,TA,N,0,0,0,0,0,0,,,,0,6,2008,WD ,Normal,73000,95.54973821989529,mid,93.03188772358695,42,0,83,4,1444.0,1.0,25
1285,1286,902102060,70,RM,60.0,10440,Pave,Grvl,Reg,Lvl,AllPub,Inside,Gtl,OldTown,Norm,Norm,1Fam,2Story,5,8,1904,2002,Gable,CompShg,MetalSd,MetalSd,,0.0,TA,TA,PConc,TA,TA,No,Unf,0.0,Unf,0.0,650.0,650.0,GasA,Gd,Y,SBrkr,958,581,0,1539,0.0,0.0,2,0,3,1,Gd,8,Typ,1,Po,Detchd,1983.0,Unf,2.0,686.0,Gd,TA,P,70,78,68,0,0,0,,,,0,6,2008,WD ,Normal,157500,102.3391812865497,mid,93.03188772358695,42,0,104,6,2189.0,2.0,40
1286,1287,902103150,50,RM,57.0,9184,Pave,Grvl,Reg,Lvl,AllPub,Inside,Gtl,OldTown,Artery,Norm,1Fam,1.5Fin,5,7,1948,2005,Gable,CompShg,WdShing,Wd Shng,,0.0,TA,TA,BrkTil,TA,TA,No,Unf,0.0,Unf,0.0,780.0,780.0,GasA,Ex,Y,SBrkr,948,375,0,1323,0.0,0.0,1,0,3,1,TA,6,Typ,0,,Detchd,1948.0,Unf,2.0,400.0,TA,TA,Y,0,0,0,0,0,0,,,,0,7,2008,WD ,Normal,122600,92.66817838246409,mid,93.03188772358695,42,0,60,3,2103.0,1.0,35
1287,1288,902105010,70,RM,80.0,4800,Pave,Grvl,Reg,Lvl,AllPub,Inside,Gtl,OldTown,Norm,Norm,1Fam,2Story,5,5,1910,2003,Gable,CompShg,AsbShng,AsbShng,,0.0,TA,TA,BrkTil,TA,Fa,No,Unf,0.0,Unf,0.0,680.0,680.0,GasA,Fa,N,SBrkr,680,680,0,1360,0.0,0.0,1,0,2,1,TA,6,Typ,0,,Attchd,1910.0,Unf,1.0,330.0,Fa,TA,Y,192,50,0,0,0,0,,,,0,1,2008,WD ,Normal,111000,81.61764705882354,mid,93.03188772358695,42,1,98,5,2040.0,1.0,25
1288,1289,902105020,50,RM,60.0,10440,Pave,Grvl,Reg,Lvl,AllPub,Corner,Gtl,OldTown,Norm,Norm,1Fam,1.5Fin,6,7,1920,1950,Gable,CompShg,BrkFace,Wd Sdng,,0.0,Gd,Gd,BrkTil,Gd,TA,No,LwQ,493.0,Unf,0.0,1017.0,1510.0,GasW,Ex,Y,SBrkr,1584,1208,0,2792,0.0,0.0,2,0,5,1,TA,8,Mod,2,TA,Detchd,1920.0,Unf,2.0,520.0,Fa,TA,Y,0,547,0,0,480,0,,MnPrv,Shed,1150,6,2008,WD ,Normal,256000,91.69054441260745,mid,93.03188772358695,42,0,88,58,4302.0,2.0,42
1289,1290,902105130,30,RM,60.0,4800,Pave,,Reg,Lvl,AllPub,Corner,Gtl,OldTown,Norm,Norm,1Fam,1Story,5,4,1940,1950,Gable,CompShg,MetalSd,MetalSd,,0.0,TA,TA,CBlock,Fa,TA,No,Unf,0.0,Unf,0.0,672.0,672.0,GasA,TA,Y,SBrkr,672,0,0,672,0.0,0.0,1,0,2,1,TA,4,Typ,0,,Detchd,1950.0,Unf,1.0,256.0,TA,TA,Y,0,0,0,0,0,0,,MnPrv,,0,8,2008,WD ,Normal,64000,95.23809523809524,mid,93.03188772358695,42,0,68,58,1344.0,1.0,20
1290,1291,902107030,75,RM,60.0,6000,Pave,,Reg,Lvl,AllPub,Inside,Gtl,OldTown,Norm,Norm,1Fam,2.5Unf,6,7,1915,2005,Gable,CompShg,Wd Sdng,Wd Sdng,,0.0,Gd,TA,BrkTil,TA,TA,No,Unf,0.0,Unf,0.0,728.0,728.0,GasA,Gd,Y,SBrkr,728,728,0,1456,0.0,0.0,1,1,4,1,Gd,7,Typ,0,,Detchd,1915.0,Unf,1.0,308.0,Fa,Fa,N,0,0,248,0,0,0,,,,0,6,2008,WD ,Normal,139500,95.81043956043956,mid,93.03188772358695,42,0,93,3,2184.0,1.5,42
1291,1292,902109080,190,RM,63.0,11426,Pave,Grvl,Reg,Lvl,AllPub,Inside,Gtl,OldTown,Norm,Norm,2fmCon,1.5Fin,4,6,1910,1996,Gable,CompShg,Wd Sdng,Wd Sdng,,0.0,TA,TA,Stone,TA,TA,No,Unf,0.0,Unf,0.0,828.0,828.0,GasA,Gd,Y,FuseA,828,658,108,1594,0.0,0.0,2,0,3,2,TA,9,Typ,0,,,,,0.0,0.0,,,N,0,172,109,0,0,0,,,,0,6,2008,WD ,Normal,118000,74.0276035131744,mid,93.03188772358695,42,1,98,12,2422.0,2.0,24
1292,1293,902109110,50,RM,63.0,11426,Pave,,Reg,Lvl,AllPub,Inside,Gtl,OldTown,Norm,Norm,1Fam,1.5Fin,7,5,2003,2003,Gable,CompShg,VinylSd,VinylSd,,0.0,TA,TA,PConc,Gd,TA,No,Unf,0.0,Unf,0.0,1362.0,1362.0,GasA,Ex,Y,SBrkr,1362,720,0,2082,0.0,0.0,2,1,3,1,Gd,6,Mod,0,,Detchd,2003.0,Unf,2.0,484.0,TA,TA,N,280,238,0,0,0,0,,,,0,6,2008,WD ,Normal,200000,96.06147934678194,high,96.06147934678194,11,0,5,5,3444.0,2.5,35
1293,1294,902109120,50,RM,63.0,7628,Pave,,Reg,Lvl,AllPub,Inside,Gtl,OldTown,Norm,Norm,1Fam,1.5Fin,4,6,1940,1985,Gable,CompShg,MetalSd,MetalSd,,0.0,TA,Gd,BrkTil,TA,TA,No,Unf,0.0,Unf,0.0,801.0,801.0,GasA,Gd,Y,FuseA,1095,561,0,1656,0.0,0.0,2,0,2,1,TA,8,Mod,0,,Detchd,1958.0,Unf,2.0,440.0,TA,TA,Y,187,0,0,0,0,0,,,,0,5,2008,WD ,Normal,119164,71.95893719806763,mid,93.03188772358695,42,1,68,23,2457.0,2.0,24
1294,1295,902109160,50,RM,81.0,7308,Pave,,Reg,Lvl,AllPub,Corner,Gtl,OldTown,Artery,Norm,1Fam,1.5Fin,5,5,1920,1950,Gable,CompShg,WdShing,Wd Shng,,0.0,Fa,Fa,BrkTil,TA,TA,No,Rec,360.0,Unf,0.0,576.0,936.0,GasA,Gd,N,FuseA,960,780,0,1740,0.0,0.0,1,0,2,1,Ex,6,Typ,1,Gd,Detchd,1920.0,Unf,1.0,225.0,Fa,Fa,N,0,0,236,0,0,0,,,,0,6,2008,WD ,Normal,122250,70.25862068965517,mid,93.03188772358695,42,1,88,58,2676.0,1.0,25
1295,1296,902128075,30,RM,60.0,5400,Pave,,Reg,Lvl,AllPub,Inside,Gtl,OldTown,Norm,Norm,1Fam,1Story,7,6,1920,2006,Gable,CompShg,Stucco,Stucco,,0.0,Gd,TA,CBlock,TA,TA,No,Unf,0.0,Unf,0.0,931.0,931.0,GasA,TA,Y,SBrkr,1027,0,0,1027,0.0,1.0,1,0,2,1,Gd,5,Typ,1,TA,,,,0.0,0.0,,,N,0,28,0,0,0,0,,,,0,2,2008,WD ,Normal,120000,116.84518013631937,high,96.06147934678194,11,0,88,2,1958.0,1.5,42
1296,1297,902128150,190,RM,60.0,10800,Pave,Grvl,Reg,Lvl,AllPub,Inside,Gtl,OldTown,Norm,Norm,2fmCon,1.5Fin,6,6,1940,1950,Gable,CompShg,Wd Sdng,Wd Sdng,,0.0,TA,TA,CBlock,TA,TA,No,BLQ,590.0,Unf,0.0,294.0,884.0,GasA,TA,Y,SBrkr,884,552,0,1436,0.0,0.0,2,0,3,2,TA,8,Typ,2,Gd,Detchd,1940.0,Unf,2.0,828.0,TA,TA,Y,0,0,126,0,0,0,,,,0,5,2008,Con,Normal,155000,107.93871866295265,mid,93.03188772358695,42,0,68,58,2320.0,2.0,36
1297,1298,902134100,30,RM,60.0,6756,Pave,,Reg,Lvl,AllPub,Inside,Gtl,OldTown,Norm,Norm,1Fam,1Story,5,6,1910,1950,Mansard,CompShg,MetalSd,MetalSd,,0.0,TA,TA,BrkTil,TA,Gd,No,Unf,0.0,Unf,0.0,481.0,481.0,GasA,TA,N,FuseA,899,0,0,899,0.0,0.0,1,0,2,1,TA,5,Typ,0,,Detchd,1930.0,Unf,1.0,200.0,Fa,TA,P,0,0,96,0,0,0,,,,0,9,2008,WD ,Normal,78000,86.7630700778643,mid,93.03188772358695,42,0,98,58,1380.0,1.0,30
1298,1299,902136110,50,RM,44.0,5914,Pave,Grvl,Reg,Lvl,AllPub,Inside,Gtl,OldTown,Norm,Norm,1Fam,1.5Fin,5,9,1890,1996,Gable,CompShg,Wd Sdng,HdBoard,,0.0,TA,TA,BrkTil,Fa,TA,No,Unf,0.0,Unf,0.0,684.0,684.0,GasA,Gd,Y,SBrkr,684,396,0,1080,0.0,0.0,1,0,3,1,Gd,5,Typ,0,,,,,0.0,0.0,,,N,0,165,30,0,0,0,,,,0,9,2008,WD ,Normal,95000,87.96296296296296,mid,93.03188772358695,42,0,118,12,1764.0,1.0,45
1299,1300,902201120,20,RM,50.0,6000,Pave,,Reg,Lvl,AllPub,Inside,Gtl,OldTown,Norm,Norm,1Fam,1Story,5,5,1948,1950,Gable,CompShg,VinylSd,VinylSd,,0.0,TA,TA,CBlock,TA,TA,No,ALQ,104.0,BLQ,169.0,516.0,789.0,GasA,Ex,Y,SBrkr,789,0,0,789,0.0,0.0,1,0,2,1,TA,5,Typ,0,,Detchd,1948.0,Unf,1.0,250.0,TA,TA,Y,0,0,0,0,0,0,,,,0,4,2008,WD ,Partial,115000,145.75411913814955,mid,93.03188772358695,42,0,60,58,1578.0,1.0,25
1300,1301,902201140,20,RM,100.0,12000,Pave,,Reg,Lvl,AllPub,Inside,Gtl,OldTown,Norm,Norm,1Fam,1Story,5,7,1948,2005,Gable,CompShg,MetalSd,MetalSd,,0.0,TA,TA,CBlock,TA,TA,No,GLQ,144.0,ALQ,608.0,172.0,924.0,GasA,Ex,Y,SBrkr,1122,0,0,1122,1.0,0.0,1,0,2,1,Gd,6,Typ,0,,Attchd,1948.0,Unf,2.0,528.0,TA,TA,Y,0,36,0,0,0,0,,GdWo,,0,5,2008,WD ,Normal,147000,131.01604278074868,mid,93.03188772358695,42,0,60,3,2046.0,2.0,35
1301,1302,902202090,50,RM,75.0,9000,Pave,,Reg,Lvl,AllPub,Corner,Gtl,OldTown,Norm,Norm,1Fam,1.5Fin,5,6,1946,1950,Gable,CompShg,MetalSd,MetalSd,,0.0,TA,TA,CBlock,TA,TA,No,Rec,445.0,Unf,0.0,459.0,904.0,GasA,Ex,Y,FuseA,904,595,0,1499,0.0,0.0,1,0,3,1,TA,5,Typ,1,Po,Detchd,1959.0,Unf,3.0,869.0,TA,Gd,Y,0,20,0,0,0,0,,,,0,6,2008,WD ,Normal,140000,93.3955970647098,mid,93.03188772358695,42,0,62,58,2403.0,1.0,30
1302,1303,902205070,20,RM,62.0,7311,Pave,,Reg,Lvl,AllPub,Corner,Gtl,OldTown,Norm,Norm,1Fam,1Story,2,5,1946,1950,Gable,CompShg,VinylSd,VinylSd,,0.0,TA,Gd,BrkTil,TA,TA,No,Unf,0.0,Unf,0.0,407.0,407.0,GasA,TA,N,FuseA,407,0,0,407,0.0,0.0,1,0,1,1,TA,3,Typ,0,,Detchd,1949.0,Unf,1.0,297.0,Fa,TA,Y,76,0,120,0,0,0,,,,0,3,2008,WD ,Abnorml,46500,114.25061425061425,low,50.644567219152854,3,0,62,58,814.0,1.0,10
1303,1304,902205090,20,RM,50.0,6000,Pave,,Reg,Lvl,AllPub,Inside,Gtl,OldTown,Norm,Norm,1Fam,1Story,5,6,1957,1957,Hip,CompShg,BrkFace,BrkFace,,0.0,TA,TA,CBlock,TA,TA,No,Rec,308.0,Unf,0.0,620.0,928.0,GasA,Gd,Y,FuseA,928,0,0,928,0.0,0.0,1,0,3,1,TA,5,Typ,0,,Attchd,1957.0,Fin,1.0,288.0,TA,TA,Y,0,0,0,0,0,0,,,,0,6,2008,WD ,Normal,112500,121.22844827586206,mid,93.03188772358695,42,0,51,51,1856.0,1.0,30
1304,1305,902205140,20,RM,50.0,6000,Pave,,Reg,Lvl,AllPub,Corner,Gtl,OldTown,Norm,Norm,1Fam,1Story,4,7,1954,2000,Gable,CompShg,MetalSd,MetalSd,,0.0,TA,TA,CBlock,TA,TA,No,Unf,0.0,Unf,0.0,901.0,901.0,GasA,Ex,Y,SBrkr,901,0,0,901,0.0,0.0,1,0,2,1,TA,4,Typ,0,,Detchd,1954.0,Unf,1.0,281.0,Fa,TA,Y,0,0,0,0,0,0,,,,0,8,2008,WD ,Normal,107900,119.7558268590455,mid,93.03188772358695,42,0,54,8,1802.0,1.0,28
1305,1306,902207120,20,RM,103.0,12205,Pave,,Reg,Lvl,AllPub,Inside,Gtl,OldTown,Norm,Norm,1Fam,1Story,3,1,1949,1992,Gable,CompShg,MetalSd,MetalSd,,0.0,TA,TA,BrkTil,Fa,Fa,No,Unf,0.0,Unf,0.0,448.0,448.0,GasA,Gd,Y,SBrkr,1588,0,0,1588,0.0,0.0,2,0,5,1,TA,6,Maj2,0,,,,,0.0,0.0,,,N,0,0,0,0,0,0,,MnPrv,,0,12,2008,WD ,Abnorml,65000,40.931989924433246,low,50.644567219152854,3,1,59,16,2036.0,2.0,3
1306,1307,902207220,75,RM,87.0,18386,Pave,,Reg,Lvl,AllPub,Inside,Gtl,OldTown,Norm,Norm,1Fam,2.5Fin,7,9,1880,2002,Gable,CompShg,CemntBd,CmentBd,,0.0,TA,TA,BrkTil,TA,TA,No,Unf,0.0,Unf,0.0,1470.0,1470.0,GasA,Ex,Y,SBrkr,1675,1818,0,3493,0.0,0.0,3,0,3,1,Gd,10,Typ,1,Ex,Attchd,2003.0,Unf,3.0,870.0,TA,TA,Y,302,0,0,0,0,0,,,,0,5,2008,WD ,Normal,295000,84.45462353277985,high,96.06147934678194,11,1,128,6,4963.0,3.0,63
1307,1308,902300110,190,RM,69.0,9142,Pave,,Reg,Lvl,AllPub,Inside,Gtl,OldTown,Norm,Norm,2fmCon,2Story,5,5,1900,2006,Gable,CompShg,MetalSd,MetalSd,,0.0,TA,Fa,BrkTil,Fa,TA,No,Unf,0.0,Unf,0.0,797.0,797.0,GasA,TA,N,FuseA,830,797,0,1627,0.0,0.0,2,0,4,2,TA,10,Typ,0,,Detchd,1950.0,Unf,2.0,420.0,Fa,Po,N,192,0,60,0,0,0,,,,0,2,2008,WD ,Normal,139500,85.74062692071297,mid,93.03188772358695,42,0,108,2,2424.0,2.0,25
1308,1309,902300215,50,RM,100.0,12665,Pave,Grvl,IR1,Lvl,AllPub,Inside,Gtl,OldTown,Artery,Norm,1Fam,1.5Fin,5,8,1915,1950,Gable,CompShg,Wd Sdng,Wd Sdng,,0.0,TA,TA,BrkTil,TA,TA,Mn,Unf,0.0,Unf,0.0,876.0,876.0,GasA,Gd,Y,SBrkr,876,540,0,1416,0.0,0.0,1,1,4,1,TA,7,Typ,1,Gd,Detchd,1949.0,Unf,3.0,720.0,TA,TA,Y,418,0,194,0,0,0,,,,0,6,2008,WD ,Normal,153900,108.6864406779661,mid,93.03188772358695,42,0,93,58,2292.0,1.5,40
1309,1310,902300260,75,RM,53.0,5350,Pave,,Reg,Lvl,AllPub,Corner,Gtl,OldTown,Artery,Norm,1Fam,2Story,7,8,1920,1965,Gable,CompShg,Wd Sdng,Wd Shng,,0.0,TA,TA,BrkTil,TA,TA,No,BLQ,116.0,Unf,0.0,508.0,624.0,GasA,Ex,Y,SBrkr,730,720,0,1450,0.0,0.0,1,0,3,1,TA,7,Typ,0,,Detchd,1935.0,Unf,1.0,288.0,TA,TA,Y,0,192,0,0,0,0,,MnPrv,,0,3,2008,WD ,Normal,132000,91.03448275862068,high,96.06147934678194,11,0,88,43,2074.0,1.0,56
1310,1311,902301140,70,RM,34.0,4571,Pave,Grvl,Reg,Lvl,AllPub,Inside,Gtl,OldTown,Norm,Norm,1Fam,2Story,5,5,1916,1950,Gable,CompShg,AsbShng,AsbShng,,0.0,TA,TA,BrkTil,TA,TA,No,Unf,0.0,Unf,0.0,624.0,624.0,GasA,Fa,N,SBrkr,624,720,0,1344,0.0,0.0,1,0,4,1,TA,7,Typ,0,,Detchd,1916.0,Unf,3.0,513.0,Fa,Fa,Y,0,0,96,0,0,0,,,,0,5,2008,COD,Abnorml,98000,72.91666666666667,mid,93.03188772358695,42,1,92,58,1968.0,1.0,25
1311,1312,902301150,50,RM,69.0,9143,Pave,Grvl,Reg,Lvl,AllPub,Corner,Gtl,OldTown,Norm,Norm,1Fam,1.5Fin,5,7,1900,2003,Gable,CompShg,VinylSd,VinylSd,,0.0,TA,TA,CBlock,TA,TA,No,Unf,0.0,Unf,0.0,346.0,346.0,GasA,Ex,Y,SBrkr,709,308,0,1017,0.0,0.0,1,0,2,1,TA,5,Typ,0,,Detchd,1961.0,Unf,1.0,308.0,TA,TA,N,0,0,139,0,0,0,,,,0,5,2008,WD ,Normal,114000,112.09439528023599,mid,93.03188772358695,42,0,108,5,1363.0,1.0,35
1312,1313,902304060,190,RM,60.0,9600,Pave,Grvl,Reg,Lvl,AllPub,Inside,Gtl,OldTown,Norm,Norm,2fmCon,2Story,5,5,1920,1960,Gable,CompShg,AsbShng,AsbShng,,0.0,TA,TA,BrkTil,TA,TA,No,Rec,234.0,Unf,0.0,739.0,973.0,GasA,TA,Y,FuseP,1377,973,0,2350,0.0,0.0,2,0,4,2,TA,10,Typ,0,,2Types,1930.0,Unf,2.0,393.0,TA,TA,Y,0,0,219,0,0,0,,,,0,4,2008,WD ,Normal,130000,55.319148936170215,mid,93.03188772358695,42,1,88,48,3323.0,2.0,25
1313,1314,902305080,75,RM,60.0,9600,Pave,Grvl,Reg,Lvl,AllPub,Inside,Gtl,OldTown,Norm,Norm,1Fam,2.5Unf,6,5,1917,1950,Gable,CompShg,AsbShng,AsbShng,,0.0,TA,TA,BrkTil,Gd,TA,No,Rec,319.0,Unf,0.0,416.0,735.0,OthW,Fa,N,SBrkr,1134,924,0,2058,0.0,0.0,1,1,3,1,TA,8,Typ,1,Gd,Detchd,1950.0,Unf,2.0,396.0,Fa,Fa,P,0,0,259,0,0,0,,,,0,4,2008,WD ,Normal,129500,62.925170068027214,mid,93.03188772358695,42,1,91,58,2793.0,1.5,30
1314,1315,902306120,70,RM,60.0,6000,Pave,Grvl,Reg,Lvl,AllPub,Corner,Gtl,OldTown,Norm,Norm,1Fam,2Story,5,9,1905,2005,Gable,CompShg,MetalSd,MetalSd,,0.0,Gd,TA,BrkTil,Fa,TA,No,Unf,0.0,Unf,0.0,572.0,572.0,GasA,Ex,Y,SBrkr,884,656,0,1540,0.0,0.0,1,1,3,1,Gd,7,Typ,0,,,,,0.0,0.0,,,N,240,77,0,0,0,0,,,,0,2,2008,WD ,Normal,129400,84.02597402597402,mid,93.03188772358695,42,0,103,3,2112.0,1.5,45
1315,1316,902306130,70,RM,60.0,9600,Pave,,Reg,Lvl,AllPub,Inside,Gtl,OldTown,Norm,Norm,1Fam,2Story,7,9,1928,2005,Gambrel,CompShg,MetalSd,MetalSd,,0.0,TA,Ex,BrkTil,TA,TA,No,Rec,141.0,Unf,0.0,548.0,689.0,GasA,Ex,Y,SBrkr,689,689,0,1378,0.0,0.0,2,0,3,1,Gd,7,Typ,1,Gd,Detchd,1928.0,Unf,2.0,360.0,TA,TA,N,0,0,116,0,0,0,,,,0,10,2008,WD ,Normal,161000,116.83599419448475,high,96.06147934678194,11,0,80,3,2067.0,2.0,63
1316,1317,902326060,190,RM,60.0,10800,Pave,Pave,Reg,Lvl,AllPub,Inside,Gtl,OldTown,Norm,Norm,2fmCon,1.5Fin,6,7,1905,2000,Gable,CompShg,Wd Sdng,Wd Sdng,,0.0,TA,TA,BrkTil,Fa,TA,No,Unf,0.0,Unf,0.0,482.0,482.0,GasA,Ex,N,SBrkr,1221,691,0,1912,0.0,0.0,2,0,3,2,TA,7,Typ,1,TA,Detchd,2003.0,Unf,2.0,672.0,Gd,TA,Y,0,25,212,0,0,0,,,,0,4,2008,WD ,Normal,163000,85.2510460251046,mid,93.03188772358695,42,0,103,8,2394.0,2.0,42
1317,1318,902328040,75,RM,35.0,6300,Pave,Grvl,Reg,Lvl,AllPub,Inside,Gtl,OldTown,Norm,Norm,1Fam,2.5Unf,6,6,1914,2001,Gable,CompShg,Wd Sdng,Wd Shng,,0.0,TA,TA,CBlock,TA,TA,No,Unf,0.0,Unf,0.0,742.0,742.0,GasA,Ex,Y,SBrkr,742,742,0,1484,0.0,0.0,2,0,3,1,TA,9,Typ,1,Gd,,,,0.0,0.0,,,Y,0,291,134,0,0,0,,,,0,6,2008,WD ,Normal,128000,86.2533692722372,mid,93.03188772358695,42,0,94,7,2226.0,2.0,36
1318,1319,902330010,70,RM,50.0,5250,Pave,Pave,Reg,Lvl,AllPub,Inside,Gtl,OldTown,Norm,Norm,1Fam,2Story,8,5,1872,1987,Gable,CompShg,MetalSd,MetalSd,,0.0,TA,Gd,BrkTil,TA,Fa,No,LwQ,259.0,Unf,0.0,425.0,684.0,OthW,Fa,N,SBrkr,938,1215,205,2358,0.0,0.0,2,0,4,1,TA,8,Typ,0,,,,,0.0,0.0,,,Y,0,54,20,0,0,0,,,,0,12,2008,WD ,Normal,122000,51.73876166242579,high,96.06147934678194,11,1,136,21,3042.0,2.0,40
1319,1320,902401010,50,RM,,5700,Pave,,Reg,Lvl,AllPub,Inside,Gtl,OldTown,Norm,Norm,1Fam,1.5Fin,7,7,1926,1950,Gable,CompShg,Wd Sdng,Wd Sdng,,0.0,TA,TA,PConc,TA,TA,No,Unf,0.0,Unf,0.0,572.0,572.0,GasA,TA,Y,SBrkr,572,539,0,1111,0.0,0.0,1,0,2,1,TA,5,Typ,1,Gd,Detchd,1982.0,Unf,1.0,288.0,TA,TA,Y,0,0,176,0,0,0,,,,0,8,2008,WD ,Normal,116900,105.22052205220523,high,96.06147934678194,11,0,82,58,1683.0,1.0,49
1320,1321,902401120,75,RM,75.0,13500,Pave,,Reg,Lvl,AllPub,Inside,Gtl,OldTown,Artery,PosA,1Fam,2.5Unf,10,9,1893,2000,Gable,CompShg,Wd Sdng,Wd Sdng,,0.0,Ex,Ex,BrkTil,TA,TA,No,Unf,0.0,Unf,0.0,1237.0,1237.0,GasA,Gd,Y,SBrkr,1521,1254,0,2775,0.0,0.0,3,1,3,1,Gd,9,Typ,1,Gd,Detchd,1988.0,Unf,2.0,880.0,Gd,TA,Y,105,502,0,0,0,0,,,,0,7,2008,WD ,Normal,325000,117.11711711711712,high,96.06147934678194,11,0,115,8,4012.0,3.5,90
1321,1322,902402260,70,RM,60.0,11340,Pave,,Reg,Lvl,AllPub,Inside,Gtl,OldTown,Norm,Norm,1Fam,2Story,2,1,1920,1950,Gable,CompShg,AsbShng,AsbShng,,0.0,Fa,Fa,BrkTil,Fa,Fa,No,Unf,0.0,Unf,0.0,723.0,723.0,GasA,TA,N,SBrkr,723,363,0,1086,0.0,0.0,1,0,2,1,TA,5,Maj1,0,,Detchd,1920.0,Unf,2.0,400.0,Fa,Po,N,0,24,144,0,0,0,,,,0,11,2008,ConLD,Normal,55000,50.644567219152854,low,50.644567219152854,3,0,88,58,1809.0,1.0,2
1322,1323,902405070,70,RM,60.0,10800,Pave,,Reg,Lvl,AllPub,Inside,Gtl,OldTown,Norm,Norm,1Fam,2Story,7,7,1890,1999,Gable,CompShg,Wd Sdng,Wd Shng,,0.0,TA,TA,BrkTil,TA,TA,Mn,Unf,0.0,Unf,0.0,1313.0,1313.0,GasW,Gd,Y,SBrkr,1313,1182,0,2495,0.0,0.0,2,0,5,1,TA,10,Typ,1,Gd,Detchd,1950.0,Unf,2.0,342.0,TA,Fa,Y,0,299,0,0,0,0,,,,0,12,2008,WD ,Normal,184000,73.74749498997996,high,96.06147934678194,11,1,118,9,3808.0,2.0,49
1323,1324,902406020,20,RM,65.0,9750,Pave,,Reg,Lvl,AllPub,Inside,Gtl,OldTown,Norm,Norm,1Fam,1Story,5,6,1959,1959,Gable,CompShg,MetalSd,MetalSd,BrkFace,164.0,TA,TA,CBlock,TA,TA,No,Rec,200.0,Unf,0.0,784.0,984.0,GasA,Gd,Y,SBrkr,984,0,0,984,1.0,0.0,1,0,2,1,Fa,5,Typ,0,,Detchd,1959.0,Unf,1.0,308.0,TA,TA,N,0,0,0,0,0,0,,,,0,6,2008,WD ,Normal,110000,111.78861788617886,mid,93.03188772358695,42,0,49,49,1968.0,2.0,30
1324,1325,902406090,50,RM,81.0,12150,Pave,Grvl,Reg,Lvl,AllPub,Inside,Gtl,OldTown,Norm,Norm,1Fam,1.5Fin,5,5,1954,1954,Gable,CompShg,MetalSd,MetalSd,BrkFace,335.0,TA,TA,BrkTil,TA,TA,No,Unf,0.0,Unf,0.0,1050.0,1050.0,GasA,Ex,N,FuseF,1050,745,0,1795,0.0,0.0,2,0,4,1,TA,7,Typ,0,,Attchd,1954.0,Unf,1.0,352.0,Fa,TA,Y,0,0,0,0,0,0,,,,0,11,2008,WD ,Normal,131500,73.25905292479109,mid,93.03188772358695,42,1,54,54,2845.0,2.0,25
1325,1326,902427045,20,RM,70.0,12702,Pave,,Reg,Lvl,AllPub,Inside,Gtl,OldTown,Norm,Norm,1Fam,1Story,5,5,1956,1956,Gable,CompShg,BrkFace,BrkFace,,0.0,TA,TA,PConc,,,,,0.0,,0.0,0.0,0.0,GasA,Gd,Y,FuseA,882,0,0,882,0.0,0.0,1,0,2,1,TA,4,Typ,0,,Detchd,1956.0,Unf,1.0,308.0,TA,TA,Y,0,45,0,0,0,0,,,,0,12,2008,WD ,Normal,97000,109.97732426303855,mid,93.03188772358695,42,0,52,52,882.0,1.0,25
1326,1327,902427150,20,RM,52.0,8516,Pave,,Reg,Lvl,AllPub,Inside,Gtl,OldTown,Norm,Norm,1Fam,1Story,4,6,1958,2006,Gable,CompShg,MetalSd,MetalSd,,0.0,TA,TA,CBlock,TA,TA,No,Unf,0.0,Unf,0.0,869.0,869.0,GasA,TA,Y,SBrkr,1093,0,0,1093,0.0,0.0,1,0,2,1,TA,5,Typ,0,,Detchd,1959.0,Unf,1.0,308.0,TA,TA,Y,0,0,0,0,0,0,,,,0,5,2008,WD ,Normal,115500,105.67246111619396,mid,93.03188772358695,42,0,50,2,1962.0,1.0,24
1327,1328,903201030,30,RL,55.0,7111,Pave,,IR1,Bnk,AllPub,Inside,Gtl,BrkSide,Norm,Norm,1Fam,1Story,5,7,1928,1983,Gable,CompShg,WdShing,Wd Shng,,0.0,Gd,Gd,BrkTil,TA,TA,No,LwQ,406.0,BLQ,273.0,329.0,1008.0,GasA,TA,Y,SBrkr,1143,0,0,1143,0.0,0.0,1,0,2,1,TA,5,Typ,1,Po,Detchd,1992.0,Unf,1.0,288.0,TA,TA,Y,265,0,0,0,0,0,,GdPrv,,0,7,2008,WD ,Normal,138000,120.73490813648294,mid,101.54907536208167,26,0,80,25,2151.0,1.0,35
1328,1329,903204010,50,RM,,7425,Pave,,IR1,Bnk,AllPub,Corner,Gtl,BrkSide,RRAn,Artery,1Fam,1.5Fin,7,7,1945,1950,Gable,CompShg,Wd Sdng,Wd Sdng,,0.0,TA,TA,CBlock,TA,Fa,No,Unf,0.0,Unf,0.0,672.0,672.0,GasA,Gd,Y,SBrkr,1195,473,0,1668,0.0,0.0,1,1,3,1,Gd,8,Typ,0,,Attchd,1945.0,Unf,1.0,252.0,TA,TA,Y,210,0,0,0,0,0,,,,0,8,2008,WD ,Abnorml,108000,64.74820143884892,high,74.66401194624191,3,1,63,58,2340.0,1.5,49
1329,1330,903204095,40,RM,50.0,9100,Pave,,Reg,Lvl,AllPub,Inside,Gtl,BrkSide,RRAn,Feedr,1Fam,1Story,5,6,1930,1960,Gable,CompShg,VinylSd,VinylSd,,0.0,TA,TA,BrkTil,TA,TA,No,Unf,0.0,Unf,0.0,742.0,742.0,GasA,TA,Y,FuseA,779,0,156,935,0.0,0.0,1,0,2,1,TA,4,Typ,0,,Detchd,1988.0,Unf,1.0,308.0,TA,TA,P,0,0,0,0,0,0,,,Shed,600,8,2008,WD ,Normal,79500,85.02673796791444,mid,101.54907536208167,26,1,78,48,1677.0,1.0,30
1330,1331,903206070,50,RL,,7010,Pave,,Reg,Lvl,AllPub,Inside,Gtl,BrkSide,Norm,Norm,1Fam,1.5Fin,5,5,1935,1950,Gable,CompShg,Wd Sdng,Wd Sdng,,0.0,TA,TA,BrkTil,TA,TA,No,Rec,175.0,Unf,0.0,849.0,1024.0,GasA,TA,Y,SBrkr,1144,594,0,1738,0.0,0.0,2,0,3,1,TA,6,Typ,1,Gd,Detchd,1950.0,Unf,1.0,240.0,TA,TA,P,0,30,0,0,0,0,,,,0,7,2008,WD ,Normal,153000,88.03222094361335,mid,101.54907536208167,26,1,73,58,2762.0,2.0,25
1331,1332,903225050,45,RM,50.0,6130,Pave,,Reg,Lvl,AllPub,Inside,Gtl,BrkSide,Norm,Norm,1Fam,1.5Unf,5,6,1924,1950,Gable,CompShg,MetalSd,MetalSd,,0.0,TA,TA,BrkTil,TA,TA,No,ALQ,784.0,Unf,0.0,0.0,784.0,GasA,Gd,Y,SBrkr,784,0,0,784,1.0,0.0,1,0,2,1,Gd,5,Typ,0,,,,,0.0,0.0,,,Y,0,0,116,0,0,0,,,,0,5,2008,WD ,Normal,109500,139.66836734693877,mid,101.54907536208167,26,0,84,58,1568.0,2.0,30
1332,1333,903225140,50,RM,50.0,5000,Pave,,Reg,Lvl,AllPub,Inside,Gtl,BrkSide,Feedr,Norm,1Fam,1.5Fin,5,7,1941,2006,Gable,CompShg,Wd Sdng,Wd Sdng,,0.0,TA,Gd,CBlock,TA,TA,No,ALQ,600.0,Unf,0.0,72.0,672.0,GasA,Ex,Y,SBrkr,832,378,0,1210,0.0,0.0,1,0,3,1,Gd,6,Typ,0,,Detchd,1941.0,Unf,1.0,240.0,TA,TA,P,0,0,0,0,0,0,,,,0,5,2008,WD ,Normal,124000,102.47933884297521,mid,101.54907536208167,26,0,67,2,1882.0,1.0,35
1333,1334,903225160,70,RM,59.0,5870,Pave,,Reg,Lvl,AllPub,Corner,Gtl,BrkSide,Feedr,Feedr,1Fam,2Story,6,9,1900,2000,Gable,CompShg,HdBoard,HdBoard,,0.0,TA,Gd,BrkTil,TA,TA,No,Unf,0.0,Unf,0.0,554.0,554.0,GasA,Ex,Y,SBrkr,736,554,0,1290,0.0,0.0,1,1,3,1,TA,6,Typ,0,,Detchd,1926.0,Unf,1.0,200.0,Fa,TA,Y,38,112,0,0,0,0,,MnPrv,Shed,400,4,2008,WD ,Normal,106900,82.86821705426357,mid,101.54907536208167,26,1,108,8,1844.0,1.5,54
1334,1335,903226060,50,RM,50.0,6000,Pave,,Reg,Lvl,AllPub,Inside,Gtl,BrkSide,Norm,Norm,1Fam,1.5Fin,6,7,1940,1989,Gable,CompShg,Wd Sdng,Wd Sdng,,0.0,TA,TA,CBlock,TA,TA,No,ALQ,521.0,Unf,0.0,460.0,981.0,GasA,Ex,Y,SBrkr,1014,658,0,1672,0.0,0.0,1,1,3,1,Gd,6,Typ,1,Gd,Detchd,1940.0,Unf,1.0,240.0,TA,TA,Y,0,11,0,0,0,0,,GdPrv,,0,7,2008,WD ,Normal,164900,98.6244019138756,mid,101.54907536208167,26,0,68,19,2653.0,1.5,42
1335,1336,903226150,30,RM,50.0,6000,Pave,,Reg,HLS,AllPub,Inside,Gtl,BrkSide,Norm,Norm,1Fam,1Story,5,7,1924,2003,Gable,CompShg,Wd Sdng,Wd Sdng,,0.0,TA,Fa,BrkTil,TA,Fa,No,Unf,0.0,Unf,0.0,949.0,949.0,GasA,Ex,Y,SBrkr,949,0,0,949,0.0,0.0,1,0,2,1,TA,5,Typ,1,Fa,Detchd,1924.0,Unf,2.0,370.0,TA,TA,Y,0,0,48,0,0,0,,,,0,7,2008,WD ,Normal,119000,125.39515279241307,mid,101.54907536208167,26,0,84,5,1898.0,1.0,35
1336,1337,903227080,50,RM,50.0,6000,Pave,,Reg,Lvl,AllPub,Corner,Gtl,BrkSide,Norm,Norm,1Fam,1.5Fin,6,7,1929,1950,Gable,CompShg,WdShing,Wd Shng,,0.0,TA,TA,BrkTil,TA,TA,No,Unf,0.0,Unf,0.0,862.0,862.0,GasA,TA,Y,SBrkr,950,208,0,1158,0.0,0.0,1,0,3,1,TA,5,Typ,1,Gd,BuiltIn,1929.0,RFn,1.0,208.0,TA,TA,Y,0,0,112,0,0,0,,,,0,7,2008,WD ,Normal,120000,103.62694300518135,mid,101.54907536208167,26,0,79,58,2020.0,1.0,42
1337,1338,903228040,50,RM,50.0,6000,Pave,,Reg,Lvl,AllPub,Inside,Gtl,BrkSide,Norm,Norm,1Fam,1.5Fin,6,7,1937,2000,Gable,CompShg,Wd Sdng,Wd Sdng,,0.0,TA,Gd,BrkTil,TA,TA,No,Rec,201.0,LwQ,162.0,462.0,825.0,GasA,Ex,Y,SBrkr,825,672,0,1497,0.0,0.0,2,0,3,1,TA,5,Typ,0,,Detchd,2004.0,Unf,1.0,672.0,TA,TA,Y,272,0,0,0,0,0,,GdPrv,,0,5,2008,WD ,Normal,157000,104.87641950567803,mid,101.54907536208167,26,0,71,8,2322.0,2.0,42
1338,1339,903228060,50,RM,50.0,6000,Pave,,Reg,Lvl,AllPub,Inside,Gtl,BrkSide,Norm,Norm,1Fam,1.5Fin,6,5,1939,1950,Gable,CompShg,Wd Sdng,Wd Sdng,,0.0,TA,TA,CBlock,TA,TA,No,LwQ,264.0,Unf,0.0,475.0,739.0,GasA,Ex,Y,SBrkr,874,468,0,1342,0.0,0.0,2,0,2,2,TA,7,Typ,1,Gd,Detchd,1939.0,Unf,1.0,240.0,TA,TA,Y,0,0,0,0,0,0,,,,0,4,2008,WD ,Normal,105000,78.2414307004471,mid,101.54907536208167,26,1,69,58,2081.0,2.0,30
1339,1340,903228090,45,RM,50.0,5000,Pave,,Reg,Bnk,AllPub,Inside,Mod,BrkSide,Norm,Norm,1Fam,1.5Unf,6,7,1926,1950,Gable,CompShg,MetalSd,MetalSd,,0.0,TA,TA,BrkTil,TA,TA,No,Unf,0.0,Unf,0.0,992.0,992.0,GasA,Ex,Y,SBrkr,1013,0,0,1013,0.0,0.0,1,0,3,1,TA,6,Typ,0,,Detchd,1926.0,Unf,1.0,160.0,Fa,TA,Y,0,0,101,0,0,0,,,,0,4,2008,WD ,Normal,113000,111.54985192497531,mid,101.54907536208167,26,0,82,58,2005.0,1.0,42
1340,1341,903230110,50,RM,60.0,5520,Pave,,IR1,Lvl,AllPub,FR2,Gtl,BrkSide,Feedr,Norm,1Fam,1.5Fin,5,7,1920,1997,Gable,CompShg,AsbShng,AsbShng,,0.0,TA,Gd,BrkTil,TA,TA,No,ALQ,68.0,Unf,0.0,497.0,565.0,GasA,TA,Y,SBrkr,565,651,0,1216,1.0,0.0,1,0,3,1,TA,6,Typ,1,Gd,BuiltIn,1920.0,RFn,1.0,355.0,Fa,TA,Y,0,0,180,0,0,0,,MnPrv,,0,4,2008,WD ,Normal,115000,94.57236842105263,mid,101.54907536208167,26,0,88,11,1781.0,2.0,35
1341,1342,903230120,20,RM,99.0,5940,Pave,,IR1,Lvl,AllPub,FR3,Gtl,BrkSide,Feedr,Norm,1Fam,1Story,4,7,1946,1950,Gable,CompShg,MetalSd,CBlock,,0.0,TA,TA,PConc,,,,,,,,,,GasA,TA,Y,FuseA,896,0,0,896,,,1,0,2,1,TA,4,Typ,0,,Detchd,1946.0,Unf,1.0,280.0,TA,TA,Y,0,0,0,0,0,0,,MnPrv,,0,4,2008,ConLD,Abnorml,79000,88.16964285714286,mid,101.54907536208167,26,1,62,58,896.0,1.0,28
1342,1343,903231080,50,RM,52.0,6240,Pave,,Reg,Lvl,AllPub,Inside,Gtl,BrkSide,Norm,Norm,1Fam,1.5Fin,4,7,1929,1950,Gable,CompShg,MetalSd,MetalSd,,0.0,TA,TA,PConc,TA,TA,No,BLQ,80.0,Unf,0.0,624.0,704.0,GasA,Ex,Y,SBrkr,624,512,0,1136,0.0,1.0,1,0,2,1,TA,6,Typ,0,,Detchd,1990.0,Unf,1.0,336.0,TA,TA,Y,0,365,80,0,0,0,,,,0,8,2008,WD ,Normal,123000,108.27464788732394,mid,101.54907536208167,26,0,79,58,1840.0,1.5,28
1343,1344,903232030,30,RM,,6120,Pave,,Reg,Lvl,AllPub,Inside,Gtl,BrkSide,Norm,Norm,1Fam,1Story,5,6,1945,1995,Gable,CompShg,Plywood,Plywood,,0.0,TA,Gd,CBlock,,,,,0.0,,0.0,0.0,0.0,GasA,Gd,N,SBrkr,808,0,0,808,0.0,0.0,1,0,1,1,TA,6,Min2,0,,Attchd,1925.0,Unf,1.0,164.0,TA,TA,P,0,48,0,0,0,0,,,,0,6,2008,WD ,Normal,81300,100.61881188118812,mid,101.54907536208167,26,0,63,13,808.0,1.0,30
1344,1345,903232090,50,RM,52.0,6240,Pave,,Reg,Lvl,AllPub,Inside,Gtl,BrkSide,Norm,Norm,1Fam,1.5Fin,5,7,1930,1992,Gable,CompShg,MetalSd,MetalSd,,0.0,TA,TA,PConc,TA,TA,No,Unf,0.0,Unf,0.0,1078.0,1078.0,GasA,TA,Y,SBrkr,1128,445,0,1573,0.0,0.0,2,0,3,1,TA,8,Typ,1,Gd,Detchd,1930.0,Unf,2.0,360.0,TA,TA,P,0,0,0,0,0,0,,,,0,6,2008,WD ,Normal,162900,103.56007628734902,mid,101.54907536208167,26,0,78,16,2651.0,2.0,35
1345,1346,903233080,50,RM,52.0,6240,Pave,,Reg,Lvl,AllPub,Inside,Gtl,BrkSide,Norm,Norm,1Fam,1.5Fin,7,5,1939,1950,Gable,CompShg,Wd Sdng,Wd Sdng,,0.0,TA,TA,BrkTil,TA,TA,Mn,Rec,300.0,LwQ,240.0,449.0,989.0,GasA,TA,Y,SBrkr,1245,764,0,2009,0.0,0.0,2,0,4,1,TA,7,Min2,1,Gd,Detchd,1939.0,Unf,2.0,400.0,TA,TA,Y,0,20,0,0,0,0,,MnPrv,,0,1,2008,WD ,Normal,150000,74.66401194624191,high,74.66401194624191,3,0,69,58,2998.0,2.0,35
1346,1347,903234090,70,RM,51.0,6120,Pave,,Reg,Lvl,AllPub,Inside,Gtl,OldTown,Artery,Norm,1Fam,2Story,5,5,1923,1950,Gambrel,CompShg,Wd Sdng,Wd Sdng,,0.0,TA,TA,BrkTil,TA,TA,No,LwQ,203.0,Unf,0.0,897.0,1100.0,GasA,TA,Y,SBrkr,1226,676,0,1902,0.0,0.0,2,0,4,1,TA,7,Typ,0,,Detchd,1960.0,Unf,2.0,576.0,TA,TA,Y,0,139,55,0,0,0,,,,0,10,2008,WD ,Normal,123500,64.931650893796,mid,93.03188772358695,42,1,85,58,3002.0,2.0,25
1347,1348,903234100,50,RM,51.0,6120,Pave,,Reg,Lvl,AllPub,Inside,Gtl,OldTown,Artery,Norm,1Fam,1.5Fin,7,5,1931,1950,Gable,CompShg,BrkFace,Wd Shng,,0.0,TA,TA,BrkTil,TA,TA,No,Unf,0.0,Unf,0.0,952.0,952.0,GasA,Gd,Y,FuseF,1022,752,0,1774,0.0,0.0,2,0,2,2,TA,8,Min1,2,TA,Detchd,1931.0,Unf,2.0,468.0,Fa,TA,Y,90,0,205,0,0,0,,,,0,4,2008,WD ,Abnorml,129900,73.22435174746336,high,96.06147934678194,11,1,77,58,2726.0,2.0,35
1348,1349,903235010,70,RM,60.0,6155,Pave,,IR1,Lvl,AllPub,FR3,Gtl,BrkSide,RRNn,Feedr,1Fam,2Story,6,8,1920,1999,Gable,CompShg,Wd Sdng,Wd Sdng,,0.0,TA,TA,BrkTil,Fa,Fa,Mn,Unf,0.0,Unf,0.0,611.0,611.0,GasA,Ex,Y,SBrkr,751,611,0,1362,0.0,0.0,2,0,3,1,TA,6,Typ,0,,Detchd,1920.0,Fin,2.0,502.0,TA,Fa,Y,0,0,84,0,0,0,,,,0,6,2008,WD ,Normal,128000,93.97944199706315,mid,101.54907536208167,26,0,88,9,1973.0,2.0,48
1349,1350,903235100,30,RM,60.0,6324,Pave,,IR1,Lvl,AllPub,Inside,Gtl,BrkSide,Feedr,RRNn,1Fam,1Story,4,6,1927,1950,Gable,CompShg,MetalSd,MetalSd,,0.0,TA,TA,BrkTil,TA,TA,No,Unf,0.0,Unf,0.0,520.0,520.0,GasA,Fa,N,SBrkr,520,0,0,520,0.0,0.0,1,0,1,1,Fa,4,Typ,0,,Detchd,1920.0,Unf,1.0,240.0,Fa,TA,Y,49,0,87,0,0,0,,,,0,5,2008,WD ,Normal,68500,131.73076923076923,mid,101.54907536208167,26,0,81,58,1040.0,1.0,24
1350,1351,903236010,50,RM,50.0,8635,Pave,,Reg,Lvl,AllPub,Inside,Gtl,BrkSide,Norm,Norm,1Fam,1.5Fin,5,5,1948,2001,Gable,CompShg,Wd Sdng,Wd Sdng,,0.0,TA,TA,CBlock,TA,TA,No,BLQ,336.0,GLQ,41.0,295.0,672.0,GasA,TA,Y,SBrkr,1072,213,0,1285,1.0,0.0,1,0,2,1,TA,6,Min1,0,,Detchd,1948.0,Unf,1.0,240.0,TA,TA,Y,0,0,0,0,0,0,,MnPrv,,0,1,2008,WD ,Normal,127000,98.83268482490273,mid,101.54907536208167,26,0,60,7,1957.0,2.0,25
1351,1352,903400180,50,RL,64.0,13053,Pave,Pave,Reg,Bnk,AllPub,Inside,Gtl,BrkSide,Norm,Norm,1Fam,1.5Fin,6,7,1923,2000,Gambrel,CompShg,Wd Sdng,Wd Sdng,,0.0,TA,TA,BrkTil,TA,TA,No,Unf,0.0,Unf,0.0,833.0,833.0,GasA,Gd,Y,SBrkr,1053,795,0,1848,0.0,0.0,1,1,4,1,Gd,8,Typ,1,Gd,Detchd,1922.0,Unf,2.0,370.0,TA,TA,N,0,0,0,0,220,0,,,,0,6,2008,WD ,Normal,207000,112.01298701298701,mid,101.54907536208167,26,0,85,8,2681.0,1.5,42
1352,1353,903401020,50,RL,60.0,9120,Pave,Pave,Reg,Lvl,AllPub,Inside,Gtl,BrkSide,Norm,Norm,1Fam,1.5Fin,7,6,1925,1950,Gable,CompShg,Wd Sdng,Wd Sdng,,0.0,TA,Gd,PConc,TA,TA,No,Rec,329.0,Unf,0.0,697.0,1026.0,GasA,Ex,Y,SBrkr,1133,687,0,1820,1.0,0.0,2,0,4,1,TA,8,Typ,0,,Detchd,1925.0,Unf,1.0,240.0,TA,TA,N,0,100,0,0,0,0,,GdPrv,,0,6,2008,WD ,Normal,184000,101.0989010989011,high,74.66401194624191,3,0,83,58,2846.0,3.0,42
1353,1354,903401030,50,RL,60.0,9144,Pave,Pave,Reg,Lvl,AllPub,Inside,Gtl,BrkSide,Norm,Norm,1Fam,1.5Fin,6,4,1915,2004,Gable,CompShg,VinylSd,VinylSd,,0.0,TA,Gd,BrkTil,TA,TA,No,Unf,0.0,Unf,0.0,810.0,810.0,GasA,Ex,Y,SBrkr,1170,546,0,1716,0.0,0.0,2,0,4,1,Gd,8,Typ,0,,Detchd,1970.0,Unf,2.0,672.0,TA,TA,Y,0,195,0,0,0,0,,,,0,3,2008,WD ,Normal,162500,94.6969696969697,mid,101.54907536208167,26,0,93,4,2526.0,2.0,24
1354,1355,903401050,50,RL,,9144,Pave,Pave,Reg,Lvl,AllPub,Inside,Gtl,BrkSide,Norm,Norm,1Fam,1.5Fin,5,5,1940,1982,Gable,CompShg,MetalSd,MetalSd,,0.0,TA,TA,CBlock,TA,TA,No,Rec,399.0,Unf,0.0,484.0,883.0,GasA,Gd,Y,SBrkr,988,517,0,1505,1.0,0.0,1,0,3,1,TA,8,Typ,0,,Detchd,1940.0,Unf,1.0,240.0,TA,TA,N,0,0,0,0,0,0,,,,0,7,2008,WD ,Normal,145000,96.34551495016612,mid,101.54907536208167,26,0,68,26,2388.0,2.0,25
1355,1356,903425420,30,RL,55.0,10267,Pave,,Reg,Lvl,AllPub,Inside,Gtl,BrkSide,RRAn,Norm,1Fam,1Story,6,7,1918,2000,Gable,CompShg,Stucco,Wd Shng,,0.0,TA,Gd,BrkTil,TA,Gd,Mn,Rec,210.0,ALQ,606.0,0.0,816.0,GasA,Ex,Y,SBrkr,838,0,0,838,1.0,0.0,1,0,2,1,Fa,5,Typ,0,,Detchd,1961.0,Fin,1.0,275.0,TA,TA,N,0,0,112,0,0,0,,MnWw,,0,5,2008,WD ,Normal,130000,155.13126491646779,mid,101.54907536208167,26,0,90,8,1654.0,2.0,42
1356,1357,903426160,60,RM,57.0,8094,Pave,Grvl,Reg,Lvl,AllPub,Inside,Gtl,OldTown,Norm,Norm,2fmCon,2.5Unf,6,8,1910,1983,Gable,CompShg,Wd Sdng,Wd Sdng,,0.0,TA,TA,PConc,TA,TA,Mn,Rec,196.0,Unf,0.0,1046.0,1242.0,GasA,Gd,Y,SBrkr,1242,742,0,1984,0.0,0.0,2,0,5,1,TA,8,Typ,0,,Detchd,,,1.0,360.0,,,Y,64,0,180,0,0,0,,MnPrv,Shed,1000,9,2008,WD ,Normal,160000,80.64516129032258,mid,93.03188772358695,42,1,98,25,3226.0,2.0,48
1357,1358,903427090,70,RM,,5100,Pave,Grvl,Reg,Lvl,AllPub,Inside,Gtl,OldTown,Norm,Norm,1Fam,2Story,8,7,1925,1996,Hip,CompShg,Stucco,Wd Shng,,0.0,TA,Gd,PConc,TA,TA,No,Unf,0.0,Unf,0.0,588.0,588.0,GasA,Fa,Y,SBrkr,833,833,0,1666,0.0,0.0,1,0,3,1,Gd,7,Typ,1,Gd,Detchd,1925.0,Unf,1.0,228.0,TA,TA,Y,192,63,0,0,0,0,,MnPrv,,0,6,2008,WD ,Normal,161000,96.63865546218487,high,96.06147934678194,11,0,83,12,2254.0,1.0,56
1358,1359,903429010,50,RM,63.0,4347,Pave,,Reg,Lvl,AllPub,Inside,Gtl,OldTown,Norm,Norm,1Fam,1.5Fin,6,8,1910,1950,Gambrel,CompShg,MetalSd,MetalSd,,0.0,Gd,TA,BrkTil,Gd,Gd,No,Unf,0.0,Unf,0.0,796.0,796.0,GasA,Ex,Y,SBrkr,825,784,0,1609,0.0,0.0,1,0,3,1,TA,7,Typ,0,,Detchd,1910.0,Unf,1.0,228.0,Fa,Fa,N,0,182,0,0,0,0,,,,0,6,2008,WD ,Normal,127500,79.24176507147297,mid,93.03188772358695,42,1,98,58,2405.0,1.0,48
1359,1360,903452025,30,RM,,6291,Grvl,,IR1,Lvl,AllPub,Inside,Gtl,IDOTRR,RRNe,Norm,1Fam,1Story,6,6,1930,1950,Gable,CompShg,Stucco,Wd Shng,,0.0,Gd,Gd,BrkTil,TA,TA,No,Unf,0.0,Unf,0.0,768.0,768.0,GasA,TA,Y,SBrkr,768,0,0,768,0.0,0.0,1,0,1,1,TA,4,Typ,0,,Detchd,1930.0,Unf,2.0,440.0,TA,TA,N,0,0,84,0,0,0,,,,0,7,2008,WD ,Normal,93850,122.20052083333333,mid,91.74311926605505,23,0,78,58,1536.0,1.0,36
1360,1361,903453050,70,RM,60.0,10266,Pave,,Reg,Lvl,AllPub,Inside,Gtl,IDOTRR,Norm,Norm,1Fam,2Story,6,6,1952,1952,Gable,CompShg,MetalSd,MetalSd,,0.0,TA,TA,CBlock,TA,TA,No,Rec,372.0,Unf,0.0,396.0,768.0,GasA,TA,Y,FuseA,768,768,0,1536,0.0,0.0,1,1,4,1,TA,7,Typ,0,,Detchd,1952.0,Unf,1.0,308.0,TA,TA,Y,0,216,80,0,0,0,,,,0,5,2008,COD,Abnorml,136000,88.54166666666667,mid,91.74311926605505,23,0,56,56,2304.0,1.5,36
1361,1362,903454100,50,RM,60.0,6876,Pave,,Reg,Bnk,AllPub,Inside,Gtl,IDOTRR,Norm,Norm,1Fam,1.5Fin,6,6,1938,1958,Gable,CompShg,Wd Sdng,Wd Sdng,,0.0,TA,TA,BrkTil,TA,TA,No,Unf,0.0,Unf,0.0,1272.0,1272.0,GasA,TA,Y,SBrkr,1272,0,697,1969,0.0,0.0,2,0,4,1,TA,9,Min1,1,Gd,Detchd,1938.0,Unf,2.0,400.0,TA,TA,Y,0,34,0,0,0,0,,,,0,11,2008,COD,Normal,141000,71.60995429151853,mid,91.74311926605505,23,1,70,50,3241.0,2.0,36
1362,1363,903455030,50,RM,,10320,Pave,Grvl,Reg,Lvl,AllPub,Inside,Gtl,IDOTRR,Norm,Norm,1Fam,1.5Fin,5,6,1915,1978,Gable,CompShg,HdBoard,HdBoard,,0.0,TA,Fa,BrkTil,TA,Fa,No,Unf,0.0,Unf,0.0,880.0,880.0,GasA,Gd,Y,SBrkr,880,428,0,1308,0.0,0.0,2,0,2,1,TA,6,Typ,0,,Detchd,1950.0,Unf,2.0,400.0,Fa,Fa,Y,0,0,117,0,0,0,,,,0,4,2008,WD ,Normal,120000,91.74311926605505,mid,91.74311926605505,23,0,93,30,2188.0,2.0,30
1363,1364,903455140,30,RM,60.0,7200,Pave,,Reg,Lvl,AllPub,Corner,Gtl,IDOTRR,Norm,Norm,1Fam,1Story,6,7,1925,1992,Gable,CompShg,VinylSd,VinylSd,,0.0,TA,TA,CBlock,TA,TA,No,Unf,0.0,Unf,0.0,1040.0,1040.0,GasA,Gd,Y,SBrkr,1040,0,0,1040,0.0,0.0,1,0,2,1,TA,5,Typ,0,,Detchd,1993.0,Unf,2.0,320.0,TA,TA,Y,0,132,0,0,0,0,,,,0,7,2008,WD ,Normal,127500,122.59615384615384,mid,91.74311926605505,23,0,83,16,2080.0,1.0,42
1364,1365,903456130,50,RM,62.0,7006,Pave,,Reg,Lvl,AllPub,Inside,Gtl,IDOTRR,Norm,Norm,1Fam,1.5Fin,6,6,1925,1950,Gable,CompShg,Stucco,Stucco,,0.0,TA,TA,PConc,TA,TA,No,Rec,121.0,Unf,0.0,647.0,768.0,GasA,TA,Y,SBrkr,788,448,0,1236,1.0,0.0,2,0,3,1,TA,6,Typ,1,Gd,Detchd,1985.0,Unf,1.0,384.0,TA,TA,Y,0,0,0,0,0,0,,MnPrv,,0,8,2008,WD ,Family,127000,102.75080906148867,mid,91.74311926605505,23,0,83,58,2004.0,3.0,36
1365,1366,903458110,50,RM,,7920,Pave,Grvl,IR1,Lvl,AllPub,Inside,Gtl,IDOTRR,Artery,Norm,1Fam,1.5Fin,6,7,1920,1950,Gable,CompShg,MetalSd,MetalSd,,0.0,TA,Fa,CBlock,TA,TA,No,Unf,0.0,Unf,0.0,319.0,319.0,GasA,TA,Y,FuseA,1035,371,0,1406,0.0,0.0,1,0,3,1,Fa,6,Typ,0,,,,,0.0,0.0,,,N,0,144,0,0,0,0,,MnPrv,,0,3,2008,WD ,Normal,89500,63.65576102418208,mid,91.74311926605505,23,1,88,58,1725.0,1.0,42
1366,1367,903475020,20,RM,49.0,8235,Pave,,IR1,HLS,AllPub,Inside,Gtl,OldTown,Feedr,RRNn,1Fam,1Story,5,7,1955,1995,Gable,CompShg,MetalSd,MetalSd,,0.0,TA,Gd,CBlock,TA,TA,No,LwQ,180.0,Rec,645.0,0.0,825.0,GasA,TA,Y,SBrkr,825,0,0,825,1.0,0.0,1,0,2,1,TA,4,Typ,0,,Detchd,1963.0,RFn,2.0,720.0,TA,TA,Y,140,50,0,0,0,0,,MnPrv,,0,6,2008,WD ,Normal,125000,151.5151515151515,mid,93.03188772358695,42,0,53,13,1650.0,2.0,35
1367,1368,903476110,50,RM,60.0,5586,Pave,,IR1,Bnk,AllPub,Inside,Gtl,OldTown,Feedr,Norm,1Fam,1.5Fin,6,7,1920,1998,Gable,CompShg,MetalSd,MetalSd,,0.0,TA,TA,BrkTil,TA,TA,No,Unf,0.0,Unf,0.0,901.0,901.0,GasA,Gd,Y,SBrkr,1088,110,0,1198,0.0,0.0,1,0,4,1,TA,7,Typ,0,,,,,0.0,0.0,,,N,0,98,0,0,0,0,,MnPrv,,0,9,2008,ConLD,Abnorml,79900,66.69449081803005,mid,93.03188772358695,42,1,88,10,2099.0,1.0,42
1368,1369,903481010,30,RM,60.0,10320,Pave,,Reg,Lvl,AllPub,Inside,Gtl,IDOTRR,RRNe,Norm,1Fam,1Story,5,8,1912,1991,Gable,CompShg,Wd Sdng,Wd Sdng,,0.0,TA,TA,BrkTil,Fa,TA,No,Unf,0.0,Unf,0.0,451.0,451.0,GasA,TA,Y,SBrkr,759,0,0,759,0.0,0.0,1,0,1,1,TA,5,Typ,0,,Detchd,1997.0,Unf,2.0,576.0,TA,TA,N,40,0,0,0,0,0,,,,0,8,2008,ConLD,Family,85000,111.98945981554677,mid,91.74311926605505,23,0,96,17,1210.0,1.0,40
1369,1370,903481100,190,RM,60.0,10320,Pave,Grvl,Reg,Lvl,AllPub,Inside,Gtl,IDOTRR,Norm,Norm,2fmCon,2Story,3,3,1915,1950,Gable,CompShg,AsphShn,AsphShn,,0.0,Fa,Fa,PConc,TA,Fa,No,Unf,0.0,Unf,0.0,536.0,536.0,GasA,Ex,N,FuseF,808,536,0,1344,0.0,0.0,2,0,3,2,TA,8,Typ,0,,,,,0.0,0.0,,,N,42,0,204,0,0,0,,,,0,5,2008,WD ,Normal,82375,61.29092261904762,low,61.29092261904762,3,0,93,58,1880.0,2.0,9
1370,1371,903484020,50,RM,60.0,10320,Pave,Grvl,Reg,Lvl,AllPub,Inside,Gtl,IDOTRR,Norm,Norm,1Fam,1.5Fin,6,7,1906,1995,Gable,CompShg,MetalSd,MetalSd,,0.0,TA,TA,CBlock,TA,TA,No,Unf,0.0,Unf,0.0,756.0,756.0,GasA,Ex,Y,SBrkr,756,713,0,1469,0.0,0.0,1,0,3,1,TA,7,Typ,0,,Detchd,1906.0,Unf,1.0,216.0,TA,TA,Y,57,0,239,0,0,0,,MnPrv,,0,6,2008,WD ,Normal,135000,91.8992511912866,mid,91.74311926605505,23,0,102,13,2225.0,1.0,42
1371,1372,904100020,20,RL,82.0,9488,Pave,,Reg,Lvl,AllPub,Inside,Gtl,Sawyer,Feedr,Norm,1Fam,1Story,5,6,1947,1993,Gable,CompShg,VinylSd,VinylSd,,0.0,Gd,TA,CBlock,TA,TA,No,Unf,0.0,Unf,0.0,1046.0,1046.0,GasA,Gd,N,SBrkr,1054,0,0,1054,0.0,0.0,1,0,3,1,TA,6,Typ,0,,Detchd,1947.0,Unf,1.0,240.0,TA,TA,Y,0,60,122,0,0,0,,,,0,9,2008,WD ,Abnorml,124000,117.6470588235294,mid,129.64739197953776,30,0,61,15,2100.0,1.0,30
1372,1373,904100040,20,RL,55.0,8250,Pave,,Reg,Lvl,AllPub,Inside,Gtl,Sawyer,Feedr,Norm,1Fam,1Story,5,5,1968,1968,Hip,CompShg,HdBoard,HdBoard,,0.0,TA,TA,CBlock,TA,TA,No,BLQ,250.0,LwQ,492.0,210.0,952.0,GasA,Ex,Y,SBrkr,1211,0,0,1211,0.0,0.0,1,0,3,1,TA,5,Typ,1,TA,Attchd,1968.0,Unf,1.0,322.0,TA,TA,Y,0,63,0,0,0,0,,,,0,8,2008,WD ,Normal,134000,110.6523534269199,mid,129.64739197953776,30,1,40,40,2163.0,1.0,25
1373,1374,904100160,50,RL,115.0,21286,Pave,,Reg,Lvl,AllPub,Inside,Gtl,Sawyer,Norm,Norm,1Fam,1.5Fin,5,5,1948,1950,Gable,CompShg,Wd Sdng,Wd Sdng,,0.0,TA,TA,CBlock,TA,TA,No,Unf,0.0,Unf,0.0,720.0,720.0,GasA,TA,Y,SBrkr,720,551,0,1271,0.0,0.0,2,0,4,1,TA,7,Typ,1,Gd,Attchd,1948.0,Unf,1.0,312.0,TA,TA,Y,0,0,108,0,0,0,,,,0,8,2008,WD ,Normal,135000,106.21557828481511,mid,129.64739197953776,30,1,60,58,1991.0,2.0,25
1374,1375,904101170,50,RL,80.0,17120,Pave,,Reg,Lvl,AllPub,Inside,Gtl,ClearCr,Feedr,Norm,1Fam,1.5Fin,4,4,1959,1959,Gable,CompShg,WdShing,Plywood,,0.0,TA,TA,CBlock,,,,,0.0,,0.0,0.0,0.0,GasA,TA,Y,SBrkr,1120,468,0,1588,0.0,0.0,2,0,4,1,TA,7,Min2,1,Gd,Detchd,1991.0,Fin,2.0,680.0,TA,TA,N,0,59,0,0,0,0,,,,0,7,2008,WD ,Normal,134432,84.65491183879094,mid,118.58437201628047,8,1,49,49,1588.0,2.0,16
1375,1376,904351280,190,RL,62.0,10106,Pave,,Reg,Lvl,AllPub,Inside,Gtl,Edwards,Norm,Norm,2fmCon,1.5Fin,5,7,1940,1999,Gable,CompShg,Wd Sdng,Wd Sdng,,0.0,TA,Gd,BrkTil,TA,TA,No,ALQ,351.0,Rec,181.0,112.0,644.0,GasA,Gd,Y,SBrkr,808,547,0,1355,1.0,0.0,2,0,4,2,TA,6,Typ,0,,,,,0.0,0.0,,,Y,140,0,0,0,0,0,,,,0,9,2008,WD ,Normal,127500,94.09594095940959,mid,107.38831615120274,41,1,68,9,1999.0,3.0,35
1376,1377,905100020,85,RL,,11235,Pave,,Reg,Lvl,AllPub,Corner,Gtl,Sawyer,Feedr,Norm,1Fam,SFoyer,5,6,1963,1963,Gable,CompShg,HdBoard,Wd Sdng,,0.0,TA,TA,CBlock,Gd,TA,Av,ALQ,784.0,Unf,0.0,197.0,981.0,GasA,TA,Y,SBrkr,1075,0,0,1075,1.0,0.0,1,0,3,1,Gd,6,Typ,0,,Detchd,1996.0,Unf,2.0,440.0,TA,TA,Y,64,0,0,0,64,0,,MnPrv,,0,5,2008,WD ,Abnorml,148000,137.67441860465115,mid,129.64739197953776,30,0,45,45,2056.0,2.0,30
1377,1378,905102170,20,RL,70.0,11200,Pave,,Reg,Lvl,AllPub,Inside,Gtl,Sawyer,Norm,Norm,1Fam,1Story,5,5,1965,1965,Hip,CompShg,HdBoard,HdBoard,,0.0,TA,TA,CBlock,TA,TA,No,Rec,906.0,Unf,0.0,134.0,1040.0,GasA,Ex,Y,SBrkr,1040,0,0,1040,1.0,0.0,1,0,3,1,TA,5,Typ,0,,Detchd,1965.0,Unf,1.0,384.0,TA,TA,Y,0,0,0,0,0,0,,,,0,2,2008,WD ,Normal,129500,124.51923076923077,mid,129.64739197953776,30,0,43,43,2080.0,2.0,25
1378,1379,905103030,80,RL,80.0,13014,Pave,,Reg,Lvl,AllPub,Inside,Gtl,Sawyer,Norm,Norm,1Fam,SLvl,6,5,1978,1978,Gable,CompShg,HdBoard,Plywood,BrkFace,39.0,TA,TA,CBlock,TA,TA,Av,ALQ,528.0,Unf,0.0,480.0,1008.0,GasA,TA,Y,SBrkr,1096,0,0,1096,1.0,0.0,1,0,3,1,TA,6,Typ,1,Fa,Attchd,1978.0,Unf,2.0,484.0,TA,TA,Y,168,0,0,0,0,0,,,,0,12,2008,WD ,Normal,157500,143.70437956204378,mid,129.64739197953776,30,0,30,30,2104.0,2.0,30
1379,1380,905104080,20,RL,,7162,Pave,,IR1,Lvl,AllPub,Inside,Gtl,Sawyer,Norm,Norm,1Fam,1Story,5,7,1966,1966,Gable,CompShg,HdBoard,HdBoard,BrkCmn,41.0,TA,TA,PConc,TA,TA,No,Unf,0.0,Unf,0.0,876.0,876.0,GasA,TA,Y,SBrkr,904,0,0,904,0.0,0.0,1,0,3,1,TA,6,Typ,0,,Attchd,1966.0,Unf,1.0,408.0,TA,TA,Y,0,0,0,0,0,0,,MnPrv,,0,12,2008,WD ,Abnorml,109900,121.570796460177,mid,129.64739197953776,30,0,42,42,1780.0,1.0,35
1380,1381,905104110,20,RL,68.0,10265,Pave,,IR1,Lvl,AllPub,Inside,Gtl,Sawyer,Norm,Norm,1Fam,1Story,5,7,1967,2005,Gable,CompShg,HdBoard,HdBoard,,0.0,TA,Fa,CBlock,TA,TA,No,ALQ,758.0,Unf,0.0,234.0,992.0,GasA,Ex,Y,SBrkr,992,0,0,992,1.0,0.0,1,0,3,1,Gd,6,Typ,0,,Attchd,1967.0,RFn,1.0,294.0,TA,TA,Y,204,0,0,0,0,0,,MnPrv,Shed,600,7,2008,WD ,Normal,145000,146.16935483870967,mid,129.64739197953776,30,0,41,3,1984.0,2.0,35
1381,1382,905104180,20,RL,57.0,9764,Pave,,IR1,Lvl,AllPub,FR2,Gtl,Sawyer,Feedr,Norm,1Fam,1Story,5,7,1967,2003,Gable,CompShg,VinylSd,VinylSd,,0.0,TA,TA,CBlock,TA,TA,No,BLQ,702.0,Unf,0.0,192.0,894.0,GasA,Ex,Y,SBrkr,894,0,0,894,1.0,0.0,1,0,3,1,Gd,5,Typ,0,,Attchd,1967.0,RFn,2.0,450.0,TA,TA,Y,0,0,0,0,0,0,,,,0,5,2008,WD ,Normal,130000,145.413870246085,mid,129.64739197953776,30,0,41,5,1788.0,2.0,35
1382,1383,905107280,85,RL,,7703,Pave,,IR1,Lvl,AllPub,CulDSac,Gtl,Sawyer,Norm,Norm,1Fam,SFoyer,6,8,1978,1978,Gable,CompShg,HdBoard,HdBoard,BrkCmn,40.0,TA,TA,CBlock,Gd,TA,Gd,ALQ,450.0,Unf,0.0,0.0,450.0,GasA,Ex,Y,SBrkr,1034,0,0,1034,0.0,1.0,1,0,3,1,TA,6,Typ,1,Po,Basment,1978.0,Fin,2.0,504.0,TA,TA,Y,311,0,0,0,0,0,,GdWo,,0,5,2008,WD ,Normal,153000,147.96905222437138,mid,129.64739197953776,30,0,30,30,1484.0,1.5,48
1383,1384,905107380,20,RL,,9981,Pave,,IR1,Lvl,AllPub,Corner,Gtl,Sawyer,Norm,Norm,1Fam,1Story,5,5,1967,1967,Gable,CompShg,MetalSd,MetalSd,BrkFace,340.0,TA,TA,CBlock,TA,TA,Mn,BLQ,221.0,Unf,0.0,852.0,1073.0,GasA,Gd,Y,SBrkr,1073,0,0,1073,0.0,0.0,1,0,3,1,TA,6,Typ,0,,Attchd,1967.0,RFn,1.0,270.0,TA,TA,Y,0,90,0,0,0,0,,MnPrv,,0,3,2008,WD ,Normal,120000,111.83597390493942,mid,129.64739197953776,30,1,41,41,2146.0,1.0,25
1384,1385,905108170,85,RL,,7400,Pave,,IR1,Lvl,AllPub,CulDSac,Gtl,Sawyer,Norm,Norm,1Fam,SFoyer,5,5,1984,1984,Gable,CompShg,VinylSd,VinylSd,,0.0,TA,TA,PConc,Gd,TA,Av,LwQ,104.0,ALQ,956.0,0.0,1060.0,GasA,TA,Y,SBrkr,1126,0,0,1126,1.0,0.0,1,0,2,1,TA,5,Typ,0,,Attchd,1984.0,Unf,2.0,506.0,TA,TA,Y,178,0,0,0,0,0,,,,0,3,2008,WD ,Normal,152000,134.99111900532858,mid,129.64739197953776,30,0,24,24,2186.0,2.0,25
1385,1386,905200090,90,RL,60.0,12900,Pave,,Reg,Lvl,AllPub,Inside,Gtl,Sawyer,Feedr,Norm,Duplex,SFoyer,4,4,1969,1969,Gable,CompShg,Plywood,Plywood,,0.0,TA,TA,CBlock,Gd,TA,Av,GLQ,1198.0,Unf,0.0,0.0,1198.0,GasA,TA,Y,SBrkr,1258,0,0,1258,2.0,0.0,0,2,0,2,TA,6,Typ,0,,CarPort,1969.0,Unf,2.0,400.0,Fa,TA,Y,120,0,0,0,0,0,,,,0,1,2008,WD ,Alloca,108959,86.61287758346582,mid,129.64739197953776,30,1,39,39,2456.0,3.0,16
1386,1387,905200100,190,RL,60.0,12900,Pave,,Reg,Lvl,AllPub,Inside,Gtl,Sawyer,Feedr,Norm,2fmCon,1Story,5,4,1920,1950,Gable,CompShg,BrkFace,Stucco,,0.0,TA,TA,PConc,TA,Fa,No,BLQ,1300.0,Unf,0.0,0.0,1300.0,GasA,Fa,Y,SBrkr,1140,0,0,1140,1.0,0.0,1,0,3,1,TA,6,Typ,0,,CarPort,1920.0,Unf,2.0,400.0,TA,TA,Y,0,0,190,0,0,0,,,,0,1,2008,WD ,Alloca,95541,83.8078947368421,mid,129.64739197953776,30,1,88,58,2440.0,2.0,20
1387,1388,905200160,20,RL,,9000,Pave,,Reg,Lvl,AllPub,Inside,Gtl,Sawyer,Norm,Norm,1Fam,1Story,5,3,1959,1959,Gable,CompShg,Wd Sdng,Plywood,,0.0,TA,TA,CBlock,TA,TA,No,GLQ,288.0,Unf,0.0,718.0,1006.0,GasA,TA,Y,SBrkr,1006,0,0,1006,0.0,0.0,1,0,3,1,TA,5,Typ,0,,,,,0.0,0.0,,,Y,0,24,0,0,0,0,,,,0,7,2008,WD ,Normal,80000,79.52286282306163,mid,129.64739197953776,30,1,49,49,2012.0,1.0,15
1388,1389,905200510,20,RL,,8544,Pave,,IR1,Lvl,AllPub,CulDSac,Gtl,Sawyer,Norm,Norm,1Fam,1Story,5,6,1966,2006,Gable,CompShg,HdBoard,HdBoard,,0.0,TA,TA,CBlock,TA,TA,No,Unf,0.0,Unf,0.0,1228.0,1228.0,GasA,Gd,Y,SBrkr,1228,0,0,1228,0.0,0.0,1,1,3,1,Gd,6,Typ,0,,Attchd,1966.0,Unf,1.0,271.0,TA,TA,Y,0,65,0,0,0,0,,MnPrv,,0,6,2008,WD ,Normal,149350,121.62052117263843,mid,129.64739197953776,30,0,42,2,2456.0,1.5,30
1389,1390,905201020,20,RL,94.0,9239,Pave,,Reg,Lvl,AllPub,Inside,Gtl,Sawyer,Feedr,Norm,1Fam,1Story,5,8,1963,2003,Gable,CompShg,VinylSd,VinylSd,,0.0,TA,Gd,CBlock,TA,TA,No,GLQ,634.0,Unf,0.0,326.0,960.0,GasA,Ex,Y,SBrkr,960,0,0,960,1.0,0.0,1,0,3,1,Gd,6,Typ,0,,Attchd,1963.0,Fin,1.0,300.0,TA,TA,Y,168,0,0,0,0,0,,,,0,5,2008,WD ,Normal,144900,150.9375,mid,129.64739197953776,30,0,45,5,1920.0,2.0,40
1390,1391,905201110,20,RL,88.0,14175,Pave,,Reg,Lvl,AllPub,Inside,Gtl,Sawyer,PosA,Norm,1Fam,1Story,6,8,1956,1956,Gable,CompShg,HdBoard,HdBoard,,0.0,TA,TA,CBlock,TA,Gd,Gd,GLQ,776.0,Unf,0.0,212.0,988.0,GasA,TA,Y,FuseA,1188,0,0,1188,1.0,0.0,1,0,1,1,TA,4,Typ,1,TA,Attchd,1956.0,Unf,2.0,621.0,TA,TA,Y,102,89,231,0,0,0,,,,0,6,2008,WD ,Normal,185000,155.72390572390572,mid,129.64739197953776,30,0,52,52,2176.0,2.0,48
1391,1392,905201120,20,RL,,13284,Pave,,Reg,Lvl,AllPub,Inside,Gtl,Sawyer,PosN,Norm,1Fam,1Story,5,5,1954,1954,Gable,CompShg,Wd Sdng,Plywood,,0.0,TA,TA,PConc,Gd,TA,Mn,BLQ,1064.0,Unf,0.0,319.0,1383.0,GasA,TA,Y,SBrkr,1383,0,0,1383,1.0,0.0,1,0,3,1,TA,6,Typ,1,Gd,Attchd,1954.0,Unf,1.0,354.0,TA,TA,Y,511,116,0,0,0,0,,GdPrv,,0,6,2008,WD ,Normal,165000,119.3058568329718,mid,129.64739197953776,30,0,54,54,2766.0,2.0,25
1392,1393,905202230,20,RL,,13500,Pave,,Reg,Lvl,AllPub,Inside,Gtl,ClearCr,Norm,Norm,1Fam,1Story,6,7,1960,1975,Flat,CompShg,BrkFace,Plywood,,0.0,TA,TA,CBlock,Gd,TA,Gd,BLQ,429.0,ALQ,1080.0,93.0,1602.0,GasA,Gd,Y,SBrkr,1252,0,0,1252,1.0,0.0,1,0,1,1,TA,4,Typ,1,Gd,Attchd,1960.0,RFn,2.0,564.0,TA,TA,Y,409,0,0,0,0,0,,,,0,3,2008,WD ,Normal,235000,187.6996805111821,mid,118.58437201628047,8,0,48,33,2854.0,2.0,42
1393,1394,905225040,80,RL,85.0,13825,Pave,,Reg,Lvl,AllPub,Inside,Gtl,Sawyer,Norm,Norm,1Fam,SLvl,5,6,1958,1987,Gable,CompShg,MetalSd,MetalSd,,0.0,TA,Gd,CBlock,TA,TA,No,Unf,0.0,Unf,0.0,533.0,533.0,GasA,TA,Y,SBrkr,1021,580,0,1601,0.0,1.0,1,0,3,1,TA,6,Min2,0,,BuiltIn,1958.0,RFn,1.0,300.0,TA,TA,Y,280,34,0,0,0,0,,,,0,12,2008,WD ,Normal,140000,87.44534665833854,mid,129.64739197953776,30,1,50,21,2134.0,1.5,30
1394,1395,905226030,30,RL,60.0,10200,Pave,,Reg,Lvl,AllPub,Inside,Gtl,Sawyer,Norm,Norm,1Fam,1Story,5,8,1940,1997,Gable,CompShg,Wd Sdng,Wd Sdng,,0.0,TA,TA,PConc,TA,TA,No,Unf,0.0,Unf,0.0,672.0,672.0,GasA,Ex,Y,SBrkr,672,0,0,672,0.0,0.0,1,0,2,1,TA,4,Typ,0,,Detchd,1940.0,Unf,1.0,240.0,TA,TA,N,168,0,0,0,0,0,,GdPrv,,0,8,2008,WD ,Normal,108000,160.71428571428572,mid,129.64739197953776,30,0,68,11,1344.0,1.0,40
1395,1396,905226110,190,RL,,10532,Pave,,Reg,Lvl,AllPub,Corner,Gtl,ClearCr,Norm,Norm,1Fam,1Story,5,3,1960,1960,Flat,Tar&Grv,Plywood,Plywood,Stone,275.0,TA,TA,CBlock,TA,TA,Mn,Rec,988.0,Unf,0.0,0.0,988.0,GasA,Gd,Y,SBrkr,1721,0,0,1721,1.0,0.0,2,0,3,1,TA,7,Mod,2,TA,Basment,1960.0,Unf,2.0,626.0,TA,TA,Y,50,84,0,0,0,0,,,,0,12,2008,WD ,Abnorml,145000,84.253341080767,mid,118.58437201628047,8,1,48,48,2709.0,3.0,15
1396,1397,905227050,50,RL,63.0,8375,Pave,,Reg,Lvl,AllPub,Corner,Gtl,Sawyer,Norm,Norm,1Fam,1.5Fin,5,7,1941,1973,Gable,CompShg,Wd Sdng,Wd Sdng,,0.0,TA,TA,BrkTil,TA,TA,No,ALQ,336.0,Unf,0.0,240.0,576.0,GasA,Gd,Y,SBrkr,864,486,0,1350,1.0,0.0,1,1,2,1,Gd,6,Min1,0,,2Types,1973.0,Unf,3.0,627.0,TA,TA,N,0,0,0,0,0,0,,MnPrv,,0,6,2008,WD ,Normal,152400,112.88888888888889,mid,129.64739197953776,30,1,67,35,1926.0,2.5,35
1397,1398,905300020,80,RL,,10200,Pave,,Reg,Lvl,AllPub,Inside,Gtl,Sawyer,Norm,Norm,1Fam,SLvl,5,8,1970,1970,Hip,CompShg,HdBoard,HdBoard,,0.0,TA,Gd,PConc,Gd,TA,Av,ALQ,704.0,Unf,0.0,160.0,864.0,GasA,Ex,Y,SBrkr,904,0,0,904,0.0,0.0,1,0,3,1,Gd,5,Typ,0,,2Types,1979.0,Unf,3.0,912.0,TA,TA,Y,143,0,0,0,0,0,,MnPrv,,0,6,2008,WD ,Normal,144000,159.2920353982301,mid,129.64739197953776,30,0,38,38,1768.0,1.0,40
1398,1399,905351089,120,RL,,2887,Pave,,Reg,HLS,AllPub,Inside,Gtl,ClearCr,Norm,Norm,1Fam,1Story,6,5,1996,1997,Gable,CompShg,Wd Sdng,Wd Sdng,,0.0,TA,TA,PConc,Gd,TA,Mn,GLQ,1003.0,Unf,0.0,288.0,1291.0,GasA,Ex,Y,SBrkr,1291,0,0,1291,1.0,0.0,1,0,2,1,Gd,6,Typ,1,Gd,Attchd,1996.0,Unf,2.0,431.0,TA,TA,Y,307,0,0,0,0,0,,,,0,11,2008,WD ,Normal,173000,134.00464756003097,mid,118.58437201628047,8,0,12,11,2582.0,2.0,30
1399,1400,905352030,60,RL,83.0,10005,Pave,,Reg,Lvl,AllPub,Inside,Gtl,ClearCr,Norm,Norm,1Fam,2Story,7,5,1977,1977,Hip,CompShg,Plywood,Plywood,BrkFace,299.0,TA,TA,CBlock,Gd,TA,No,BLQ,392.0,Unf,0.0,768.0,1160.0,GasA,Ex,Y,SBrkr,1156,866,0,2022,0.0,0.0,2,1,4,1,TA,8,Typ,1,TA,Attchd,1977.0,Fin,2.0,505.0,TA,TA,Y,288,117,0,0,0,0,,,,0,3,2008,WD ,Normal,192000,94.95548961424332,high,160.76115485564304,3,1,31,31,3182.0,2.5,35
1400,1401,905352070,20,RL,82.0,20270,Pave,,IR1,Lvl,AllPub,CulDSac,Gtl,ClearCr,Norm,Norm,1Fam,1Story,7,6,1979,1979,Gable,CompShg,Plywood,Plywood,,0.0,TA,TA,CBlock,Gd,TA,Gd,GLQ,599.0,Unf,0.0,925.0,1524.0,GasA,TA,Y,SBrkr,1524,0,0,1524,1.0,0.0,2,0,3,1,TA,7,Typ,2,Gd,Attchd,1979.0,Fin,2.0,478.0,TA,TA,Y,140,0,0,0,0,0,,,,0,4,2008,WD ,Normal,245000,160.76115485564304,high,160.76115485564304,3,0,29,29,3048.0,3.0,42
1401,1402,905401045,20,RL,73.0,39104,Pave,,IR1,Low,AllPub,CulDSac,Sev,ClearCr,Norm,Norm,1Fam,1Story,7,7,1954,2005,Flat,Membran,Plywood,Plywood,,0.0,TA,TA,CBlock,Gd,TA,Gd,LwQ,226.0,GLQ,1063.0,96.0,1385.0,GasA,Ex,Y,SBrkr,1363,0,0,1363,1.0,0.0,1,0,2,1,TA,5,Mod,2,TA,Attchd,1954.0,Unf,2.0,439.0,TA,TA,Y,81,0,0,0,0,0,,,,0,4,2008,WD ,Normal,241500,177.1826852531181,high,160.76115485564304,3,0,54,3,2748.0,2.0,49
1402,1403,905401060,20,RL,,53227,Pave,,IR1,Low,AllPub,CulDSac,Mod,ClearCr,Norm,Norm,1Fam,1Story,4,6,1954,1994,Flat,Tar&Grv,Plywood,Plywood,,0.0,TA,TA,CBlock,Gd,TA,Gd,BLQ,1116.0,Unf,0.0,248.0,1364.0,GasA,Ex,Y,SBrkr,1663,0,0,1663,1.0,0.0,1,0,2,1,Gd,6,Min1,2,Gd,Attchd,1954.0,Fin,2.0,529.0,TA,TA,Y,224,137,0,0,0,0,,,,0,3,2008,WD ,Normal,256000,153.9386650631389,mid,118.58437201628047,8,0,54,14,3027.0,2.0,24
1403,1404,905402090,80,RL,124.0,11512,Pave,,IR1,Lvl,AllPub,Corner,Gtl,Edwards,Norm,Norm,1Fam,SLvl,6,7,1959,2006,Gable,CompShg,Plywood,Plywood,BrkFace,84.0,TA,TA,CBlock,TA,TA,Av,ALQ,719.0,Unf,0.0,300.0,1019.0,GasA,Gd,Y,SBrkr,1357,0,0,1357,1.0,0.0,1,0,2,1,Ex,5,Typ,1,Gd,Basment,1959.0,RFn,1.0,312.0,TA,TA,Y,0,0,0,0,163,0,,GdPrv,,0,5,2008,WD ,Normal,177000,130.43478260869566,mid,107.38831615120274,41,0,49,2,2376.0,2.0,42
1404,1405,905403060,50,RL,50.0,5190,Pave,,Reg,Lvl,AllPub,Inside,Gtl,Edwards,Norm,Norm,1Fam,1.5Fin,7,5,1948,1950,Gable,CompShg,BrkFace,Plywood,,0.0,TA,TA,CBlock,TA,TA,No,Unf,0.0,Unf,0.0,570.0,570.0,GasA,TA,Y,SBrkr,617,462,0,1079,0.0,0.0,1,0,2,1,TA,5,Typ,1,Gd,Attchd,1948.0,Unf,1.0,249.0,TA,TA,Y,135,0,0,0,0,0,,,,0,1,2008,WD ,Normal,125600,116.40407784986098,high,99.8792270531401,3,0,60,58,1649.0,1.0,35
1405,1406,905403150,20,RL,85.0,10452,Pave,,IR1,Lvl,AllPub,Inside,Gtl,Edwards,Norm,Norm,1Fam,1Story,6,5,1953,1953,Hip,CompShg,Wd Sdng,Wd Sdng,Stone,216.0,TA,TA,CBlock,TA,TA,Mn,Rec,500.0,Unf,0.0,594.0,1094.0,GasA,Ex,Y,SBrkr,1094,0,0,1094,0.0,0.0,1,0,3,1,TA,5,Typ,2,Gd,Attchd,1953.0,RFn,2.0,495.0,TA,TA,Y,0,0,0,0,287,0,,,,0,6,2008,WD ,Normal,155000,141.6819012797075,mid,107.38831615120274,41,0,55,55,2188.0,1.0,30
1406,1407,905425125,50,RL,75.0,45600,Pave,,IR2,Bnk,AllPub,Inside,Gtl,ClearCr,Norm,Norm,1Fam,1.5Fin,6,8,1908,1997,Gable,CompShg,Wd Sdng,Wd Sdng,,0.0,TA,TA,BrkTil,TA,TA,No,Unf,0.0,Unf,0.0,907.0,907.0,GasA,TA,Y,SBrkr,1307,1051,0,2358,0.0,0.0,3,0,5,1,TA,10,Typ,1,Gd,Detchd,1908.0,Unf,2.0,360.0,Fa,TA,Y,486,40,0,0,175,0,,,,0,9,2008,WD ,Normal,240000,101.78117048346056,mid,118.58437201628047,8,1,100,11,3265.0,3.0,48
1407,1408,905426030,30,RL,85.0,19550,Pave,,Reg,Lvl,AllPub,Inside,Gtl,Edwards,Norm,Norm,1Fam,1Story,5,7,1940,2007,Flat,Tar&Grv,PreCast,PreCast,,0.0,TA,TA,PConc,TA,TA,Gd,ALQ,1035.0,Unf,0.0,545.0,1580.0,GasA,Ex,Y,SBrkr,1518,0,0,1518,1.0,0.0,1,0,2,1,Fa,5,Typ,2,Gd,,,,0.0,0.0,,,Y,0,39,0,0,0,0,,,,0,1,2008,WD ,Normal,260000,171.27799736495388,mid,107.38831615120274,41,0,68,1,3098.0,2.0,35
1408,1409,905427050,50,RL,66.0,21780,Pave,,Reg,Lvl,AllPub,Inside,Gtl,Edwards,Norm,Norm,1Fam,1.5Fin,6,7,1918,1950,Gable,CompShg,Wd Sdng,Wd Sdng,,0.0,TA,TA,BrkTil,Gd,TA,Mn,Unf,0.0,Unf,0.0,1163.0,1163.0,GasA,Ex,Y,SBrkr,1163,511,0,1674,0.0,0.0,2,0,4,1,TA,8,Typ,1,Gd,Detchd,1955.0,Fin,2.0,396.0,TA,TA,N,72,36,0,0,144,0,,,,0,7,2008,WD ,Normal,185000,110.51373954599761,mid,107.38831615120274,41,0,90,58,2837.0,2.0,42
1409,1410,905427070,70,RL,120.0,13728,Pave,,Reg,Lvl,AllPub,Corner,Gtl,Edwards,Norm,Norm,1Fam,2Story,6,7,1935,1986,Hip,CompShg,Stucco,Stucco,,0.0,TA,TA,CBlock,TA,TA,No,Rec,626.0,Unf,0.0,501.0,1127.0,GasA,Ex,Y,SBrkr,1236,872,0,2108,0.0,0.0,2,0,4,1,Gd,7,Typ,2,TA,Basment,1935.0,Unf,2.0,540.0,TA,TA,Y,0,0,0,0,90,0,,,,0,7,2008,WD ,Normal,235000,111.48007590132828,mid,107.38831615120274,41,0,73,22,3235.0,2.0,42
1410,1411,905451330,20,RL,68.0,9571,Pave,,Reg,Lvl,AllPub,Inside,Gtl,Edwards,Norm,Norm,1Fam,1Story,5,6,1956,1956,Hip,CompShg,Wd Sdng,Wd Sdng,,0.0,TA,TA,CBlock,TA,TA,Av,Rec,870.0,Unf,0.0,639.0,1509.0,GasA,TA,Y,FuseA,1509,0,0,1509,1.0,0.0,1,0,3,1,Gd,6,Typ,1,TA,Attchd,1956.0,Unf,1.0,322.0,TA,TA,Y,158,0,0,0,576,0,,MnPrv,,0,7,2008,WD ,Normal,159900,105.96421471172962,mid,107.38831615120274,41,0,52,52,3018.0,2.0,30
1411,1412,905452070,90,RL,50.0,9350,Pave,,Reg,Lvl,AllPub,Inside,Gtl,Edwards,Norm,Norm,Duplex,SFoyer,5,5,1975,1975,Gable,CompShg,HdBoard,HdBoard,,0.0,TA,TA,PConc,Gd,TA,Av,GLQ,864.0,Unf,0.0,0.0,864.0,GasA,Fa,N,SBrkr,864,0,0,864,1.0,0.0,1,0,2,1,TA,4,Typ,0,,,,,0.0,0.0,,,Y,0,0,0,0,0,0,,,,0,4,2008,WD ,Normal,99600,115.27777777777777,mid,107.38831615120274,41,0,33,33,1728.0,2.0,25
1412,1413,905452120,60,RL,50.0,9360,Pave,,Reg,Lvl,AllPub,Corner,Gtl,Edwards,Norm,Norm,1Fam,2Story,6,8,1962,2001,Gable,CompShg,VinylSd,VinylSd,BrkCmn,216.0,Gd,TA,CBlock,TA,TA,No,Rec,324.0,Unf,0.0,297.0,621.0,GasA,TA,Y,SBrkr,621,648,0,1269,0.0,0.0,1,1,3,1,TA,7,Typ,0,,Detchd,1962.0,Unf,1.0,280.0,TA,TA,Y,0,236,0,0,0,0,,GdWo,,0,11,2008,WD ,Normal,134500,105.98896769109535,mid,107.38831615120274,41,0,46,7,1890.0,1.5,48
1413,1414,905476120,50,RL,50.0,8405,Pave,Grvl,Reg,Lvl,AllPub,Inside,Gtl,Edwards,Norm,Norm,1Fam,1.5Fin,5,8,1900,1950,Gable,CompShg,MetalSd,MetalSd,,0.0,TA,TA,BrkTil,TA,Gd,No,Rec,241.0,BLQ,391.0,229.0,861.0,GasA,Ex,Y,SBrkr,961,406,0,1367,1.0,0.0,1,0,4,1,TA,7,Typ,0,,Detchd,1978.0,Unf,1.0,384.0,TA,TA,Y,0,130,112,0,0,0,,MnPrv,,0,4,2008,WD ,Normal,119000,87.05193855157279,mid,107.38831615120274,41,1,108,58,2228.0,2.0,40
1414,1415,905477050,190,RL,70.0,7000,Pave,,Reg,Lvl,AllPub,Inside,Gtl,Edwards,Norm,Norm,2fmCon,2Story,5,7,1910,1991,Gable,CompShg,MetalSd,MetalSd,,0.0,TA,TA,CBlock,Gd,TA,Gd,GLQ,969.0,Unf,0.0,148.0,1117.0,GasA,TA,Y,SBrkr,820,527,0,1347,1.0,0.0,1,0,3,1,TA,5,Typ,0,,,,,0.0,0.0,,,N,85,0,148,0,0,0,,,,0,1,2008,WD ,Normal,107500,79.80697847067557,mid,107.38831615120274,41,1,98,17,2464.0,2.0,35
1415,1416,905479110,190,RL,68.0,10880,Pave,,Reg,Lvl,AllPub,Inside,Gtl,Edwards,Norm,Norm,2fmCon,1Story,5,5,1950,1950,Gable,CompShg,MetalSd,MetalSd,,0.0,TA,TA,CBlock,TA,TA,No,ALQ,1040.0,Unf,0.0,124.0,1164.0,GasW,TA,N,SBrkr,1164,0,0,1164,1.0,0.0,1,0,3,1,TA,5,Typ,0,,Detchd,1950.0,Unf,1.0,240.0,TA,TA,Y,0,48,0,0,0,0,,,,0,8,2008,ConLD,Normal,125000,107.38831615120274,mid,107.38831615120274,41,0,58,58,2328.0,2.0,25
1416,1417,905480150,50,RL,60.0,9600,Pave,,Reg,Lvl,AllPub,Corner,Gtl,Edwards,Artery,Norm,1Fam,1.5Fin,6,5,1924,1950,Gable,CompShg,Wd Sdng,Wd Sdng,,0.0,TA,TA,BrkTil,TA,TA,No,Unf,0.0,Unf,0.0,572.0,572.0,Grav,Fa,N,FuseF,572,524,0,1096,0.0,0.0,1,0,2,1,TA,5,Typ,0,,,,,0.0,0.0,,,N,0,8,128,0,0,0,,,,0,4,2008,WD ,Normal,79000,72.08029197080292,mid,107.38831615120274,41,1,84,58,1668.0,1.0,30
1417,1418,905480240,50,RL,60.0,9084,Pave,,Reg,Lvl,AllPub,Inside,Gtl,Edwards,Artery,Norm,1Fam,1.5Fin,5,6,1941,1950,Gable,CompShg,VinylSd,VinylSd,,0.0,TA,TA,CBlock,TA,Fa,Mn,LwQ,236.0,Rec,380.0,0.0,616.0,GasA,TA,N,SBrkr,616,495,0,1111,0.0,1.0,1,0,3,1,TA,5,Typ,0,,Detchd,1941.0,Unf,1.0,200.0,TA,Fa,Y,48,0,0,0,0,0,,,,0,3,2008,ConLw,Normal,95000,85.5085508550855,mid,107.38831615120274,41,1,67,58,1727.0,1.5,30
1418,1419,906204150,60,RL,86.0,11839,Pave,,Reg,Lvl,AllPub,Inside,Gtl,SawyerW,Norm,Norm,1Fam,2Story,7,5,1990,1990,Hip,CompShg,HdBoard,HdBoard,BrkFace,99.0,TA,TA,PConc,Gd,TA,No,GLQ,1085.0,Unf,0.0,390.0,1475.0,GasA,Ex,Y,SBrkr,1532,797,0,2329,1.0,0.0,2,1,4,1,Gd,10,Typ,1,Ex,Attchd,1990.0,Unf,2.0,514.0,TA,TA,Y,192,121,0,0,0,0,,,,0,5,2008,WD ,Normal,262280,112.61485616144267,high,114.06155703077852,11,0,18,18,3804.0,3.5,35
1419,1420,906204280,60,RL,,9771,Pave,,IR3,Lvl,AllPub,Corner,Gtl,SawyerW,Norm,Norm,1Fam,2Story,6,5,1995,2002,Gable,CompShg,HdBoard,HdBoard,BrkFace,190.0,Gd,TA,PConc,Gd,TA,No,LwQ,779.0,Unf,0.0,298.0,1077.0,GasA,Ex,Y,SBrkr,1093,1721,0,2814,0.0,1.0,2,1,4,1,Gd,9,Typ,1,TA,BuiltIn,1995.0,Fin,2.0,614.0,TA,TA,Y,48,32,0,0,216,0,,GdPrv,,0,6,2008,WD ,Normal,260000,92.3951670220327,mid,114.42143877702142,14,1,13,6,3891.0,3.0,30
1420,1421,906223110,20,RL,80.0,9938,Pave,,Reg,Lvl,AllPub,Inside,Gtl,SawyerW,Norm,Norm,1Fam,1Story,7,5,1994,1994,Gable,CompShg,HdBoard,HdBoard,BrkFace,251.0,Gd,TA,PConc,Gd,TA,No,GLQ,1271.0,Unf,0.0,331.0,1602.0,GasA,Ex,Y,SBrkr,1626,0,0,1626,1.0,0.0,2,1,3,1,Gd,7,Typ,1,TA,Attchd,1994.0,RFn,2.0,534.0,TA,TA,Y,424,40,0,0,0,0,,,,0,4,2008,WD ,Normal,226500,139.29889298892988,high,114.06155703077852,11,0,14,14,3228.0,3.5,35
1421,1422,906223140,60,RL,,14171,Pave,,IR2,Lvl,AllPub,CulDSac,Gtl,SawyerW,Norm,Norm,1Fam,2Story,7,5,1993,1994,Gable,CompShg,VinylSd,VinylSd,,0.0,Gd,TA,PConc,Gd,TA,No,GLQ,355.0,Unf,0.0,457.0,812.0,GasA,Ex,Y,SBrkr,1101,1099,0,2200,0.0,0.0,2,1,4,1,Gd,9,Typ,1,TA,Attchd,1993.0,RFn,2.0,453.0,TA,TA,Y,168,98,0,0,0,0,,,,0,12,2008,WD ,Normal,225000,102.27272727272727,high,114.06155703077852,11,1,15,14,3012.0,2.5,35
1422,1423,906223220,80,RL,85.0,10541,Pave,,IR1,Lvl,AllPub,Corner,Gtl,SawyerW,Norm,Norm,1Fam,SLvl,7,5,1996,1996,Gable,CompShg,VinylSd,VinylSd,,0.0,Gd,TA,PConc,Gd,TA,Av,Unf,0.0,Unf,0.0,672.0,672.0,GasA,Ex,Y,SBrkr,1302,735,0,2037,0.0,0.0,2,1,3,1,Gd,8,Typ,1,TA,Attchd,1996.0,Fin,2.0,472.0,TA,TA,Y,100,33,0,0,0,0,,,,0,2,2008,WD ,Normal,229000,112.42022582228768,high,114.06155703077852,11,0,12,12,2709.0,2.5,35
1423,1424,906378190,60,RL,65.0,10616,Pave,,IR1,Lvl,AllPub,Inside,Gtl,CollgCr,Norm,Norm,1Fam,2Story,7,5,2007,2007,Gable,CompShg,VinylSd,VinylSd,,0.0,Gd,TA,PConc,Gd,TA,No,Unf,0.0,Unf,0.0,628.0,628.0,GasA,Ex,Y,SBrkr,628,728,0,1356,0.0,0.0,2,1,3,1,Gd,6,Typ,1,Gd,BuiltIn,2007.0,Fin,2.0,484.0,TA,TA,Y,100,24,0,0,0,0,,,,0,3,2008,New,Partial,177439,130.8547197640118,high,128.13370473537606,37,0,1,1,1984.0,2.5,35
1424,1425,906380030,20,RL,65.0,9345,Pave,,IR1,Lvl,AllPub,Inside,Gtl,CollgCr,Norm,Norm,1Fam,1Story,8,5,2007,2007,Gable,CompShg,VinylSd,VinylSd,Stone,156.0,Gd,TA,PConc,Gd,TA,Av,Unf,0.0,Unf,0.0,1615.0,1615.0,GasA,Ex,Y,SBrkr,1615,0,0,1615,0.0,0.0,2,0,3,1,Gd,7,Typ,1,Gd,Attchd,2007.0,RFn,3.0,864.0,TA,TA,Y,168,30,0,0,0,0,,,,0,5,2008,WD ,Normal,248500,153.86996904024767,high,128.13370473537606,37,0,1,1,3230.0,2.0,40
1425,1426,906412010,20,RL,91.0,11778,Pave,,Reg,Lvl,AllPub,Inside,Gtl,CollgCr,Norm,Norm,1Fam,1Story,9,5,2008,2008,Hip,CompShg,VinylSd,VinylSd,Stone,554.0,Gd,TA,PConc,Gd,TA,Gd,GLQ,2085.0,Unf,0.0,186.0,2271.0,GasA,Ex,Y,SBrkr,2276,0,0,2276,1.0,0.0,2,0,3,1,Ex,7,Typ,2,Gd,Attchd,2008.0,RFn,3.0,1348.0,Gd,TA,Y,0,0,70,0,255,0,,,,0,6,2008,WD ,Abnorml,475000,208.69947275922672,high,128.13370473537606,37,0,0,0,4547.0,3.0,45
1426,1427,906412050,20,RL,91.0,11778,Pave,,Reg,Lvl,AllPub,Inside,Gtl,CollgCr,PosN,Norm,1Fam,1Story,9,5,2008,2008,Hip,CompShg,VinylSd,VinylSd,Stone,402.0,Ex,TA,PConc,Ex,TA,Av,GLQ,1153.0,Unf,0.0,598.0,1751.0,GasA,Ex,Y,SBrkr,1766,0,0,1766,1.0,0.0,2,1,3,1,Ex,8,Typ,2,Gd,Attchd,2008.0,Fin,3.0,874.0,TA,TA,Y,216,36,0,0,0,0,,,,0,12,2008,New,Partial,395039,223.69139297848244,high,128.13370473537606,37,0,0,0,3517.0,3.5,45
1427,1428,906420130,60,RL,59.0,11228,Pave,,IR2,Lvl,AllPub,CulDSac,Gtl,SawyerW,Norm,Norm,1Fam,2Story,7,5,1993,1993,Gable,CompShg,VinylSd,VinylSd,,0.0,Gd,TA,PConc,Gd,TA,No,BLQ,50.0,GLQ,531.0,499.0,1080.0,GasA,Ex,Y,SBrkr,1080,1017,0,2097,0.0,1.0,2,1,3,1,Gd,9,Typ,1,TA,Attchd,1993.0,Unf,3.0,678.0,TA,TA,Y,196,187,0,0,0,0,,,,0,12,2008,WD ,Normal,228000,108.72675250357653,high,114.06155703077852,11,0,15,15,3177.0,3.0,35
1428,1429,906424010,80,RL,,11454,Pave,,IR2,Lvl,AllPub,Corner,Gtl,SawyerW,Norm,Norm,1Fam,SLvl,8,5,1995,1995,Gable,CompShg,VinylSd,VinylSd,BrkFace,302.0,Gd,TA,PConc,Gd,TA,Gd,GLQ,770.0,Unf,0.0,631.0,1401.0,GasA,Ex,Y,SBrkr,1511,0,0,1511,1.0,0.0,2,0,3,1,Gd,6,Typ,1,Fa,Attchd,1995.0,Fin,3.0,811.0,TA,TA,Y,168,42,0,0,0,0,,,,0,2,2008,WD ,Normal,225000,148.90800794176042,high,114.06155703077852,11,0,13,13,2912.0,3.0,40
1429,1430,906475100,20,RL,,11500,Pave,,IR1,Bnk,AllPub,CulDSac,Gtl,ClearCr,Norm,Norm,1Fam,1Story,6,6,1966,1966,Flat,Tar&Grv,Plywood,Plywood,,0.0,TA,TA,CBlock,Gd,Gd,Gd,LwQ,262.0,ALQ,723.0,197.0,1182.0,GasA,Ex,Y,SBrkr,1643,0,0,1643,1.0,0.0,2,0,2,1,TA,6,Typ,1,Gd,Attchd,1966.0,Unf,2.0,438.0,TA,TA,Y,339,0,0,0,0,0,,,,0,3,2008,WD ,Normal,195000,118.68533171028606,mid,118.58437201628047,8,0,42,42,2825.0,3.0,36
1430,1431,906476030,60,RL,79.0,12798,Pave,,IR1,HLS,AllPub,Inside,Mod,ClearCr,Feedr,Norm,1Fam,2Story,6,5,1997,1997,Gable,CompShg,VinylSd,VinylSd,,0.0,TA,TA,PConc,Gd,TA,Gd,GLQ,462.0,Unf,0.0,154.0,616.0,GasA,Gd,Y,SBrkr,616,1072,0,1688,1.0,0.0,2,1,4,1,Gd,8,Typ,0,,Attchd,1997.0,RFn,2.0,603.0,TA,TA,Y,403,114,185,0,0,0,,,Shed,400,5,2008,WD ,Normal,200000,118.48341232227489,mid,118.58437201628047,8,0,11,11,2304.0,3.5,30
1431,1432,907126030,20,RL,65.0,9750,Pave,,Reg,Low,AllPub,Inside,Mod,CollgCr,Norm,Norm,1Fam,1Story,5,7,1994,1994,Gable,CompShg,VinylSd,VinylSd,,0.0,TA,TA,PConc,Gd,TA,No,GLQ,722.0,Unf,0.0,268.0,990.0,GasA,Ex,Y,SBrkr,990,0,0,990,1.0,0.0,1,0,3,1,TA,5,Typ,0,,Detchd,1997.0,Unf,2.0,528.0,TA,TA,Y,168,0,0,0,0,0,,,,0,8,2008,WD ,Normal,155000,156.56565656565655,mid,146.46464646464648,21,0,14,14,1980.0,2.0,35
1432,1433,907135020,20,RL,75.0,9525,Pave,,Reg,Lvl,AllPub,Inside,Gtl,CollgCr,Norm,Norm,1Fam,1Story,5,6,1995,2006,Gable,CompShg,VinylSd,VinylSd,,0.0,TA,TA,PConc,Gd,TA,No,Unf,0.0,Unf,0.0,1099.0,1099.0,GasA,Ex,Y,SBrkr,1099,0,0,1099,0.0,0.0,1,1,3,1,Gd,6,Typ,0,,Attchd,1999.0,Unf,1.0,352.0,TA,TA,Y,278,0,0,0,0,0,,,,0,6,2008,WD ,Normal,144000,131.0282074613285,mid,146.46464646464648,21,1,13,2,2198.0,1.5,30
1433,1434,907135260,20,RL,57.0,9245,Pave,,IR2,Lvl,AllPub,Inside,Gtl,CollgCr,Norm,Norm,1Fam,1Story,5,5,1994,1995,Gable,CompShg,VinylSd,VinylSd,,0.0,TA,TA,PConc,Gd,TA,No,GLQ,686.0,Unf,0.0,304.0,990.0,GasA,Ex,Y,SBrkr,990,0,0,990,0.0,1.0,1,0,3,1,TA,5,Typ,0,,Detchd,1996.0,Unf,2.0,672.0,TA,TA,Y,0,0,0,0,0,0,,,,0,2,2008,WD ,Normal,145000,146.46464646464648,mid,146.46464646464648,21,0,14,13,1980.0,1.5,25
1434,1435,907175080,20,RL,,8696,Pave,,IR1,Lvl,AllPub,Inside,Gtl,CollgCr,Norm,Norm,1Fam,1Story,7,5,1997,1998,Gable,CompShg,VinylSd,VinylSd,BrkFace,150.0,TA,TA,PConc,Gd,TA,Gd,GLQ,1308.0,Unf,0.0,110.0,1418.0,GasA,Ex,Y,SBrkr,1418,0,0,1418,1.0,0.0,2,0,3,1,Gd,5,Typ,1,TA,Attchd,1997.0,RFn,2.0,558.0,TA,TA,Y,208,110,0,0,0,0,,,,0,5,2008,WD ,Normal,226001,159.38011283497883,high,128.13370473537606,37,0,11,10,2836.0,3.0,35
1435,1436,907176010,60,RL,,13142,Pave,,IR1,Lvl,AllPub,Corner,Gtl,CollgCr,PosN,Norm,1Fam,2Story,6,5,1997,1997,Gable,CompShg,VinylSd,VinylSd,BrkFace,128.0,TA,TA,PConc,Gd,TA,No,GLQ,688.0,Unf,0.0,176.0,864.0,GasA,Ex,Y,SBrkr,872,899,0,1771,1.0,0.0,2,1,3,1,Gd,6,Typ,0,,Attchd,1997.0,RFn,2.0,600.0,TA,TA,Y,0,96,0,0,0,0,,,,0,7,2008,WD ,Normal,215700,121.79559570863918,mid,146.46464646464648,21,1,11,11,2635.0,3.5,30
1436,1437,907181120,60,RL,68.0,8998,Pave,,IR1,Lvl,AllPub,Inside,Gtl,CollgCr,Norm,Norm,1Fam,2Story,7,5,2000,2000,Gable,CompShg,VinylSd,VinylSd,BrkFace,120.0,Gd,TA,PConc,Gd,TA,Mn,GLQ,527.0,Unf,0.0,255.0,782.0,GasA,Ex,Y,SBrkr,782,870,0,1652,0.0,0.0,2,1,3,1,Gd,6,Typ,0,,Attchd,2000.0,RFn,2.0,532.0,TA,TA,Y,0,70,0,0,0,0,,,,0,6,2008,WD ,Normal,207500,125.60532687651332,high,128.13370473537606,37,0,8,8,2434.0,2.5,35
1437,1438,907181140,60,RL,68.0,9179,Pave,,IR1,Lvl,AllPub,Inside,Gtl,CollgCr,Norm,Norm,1Fam,2Story,7,5,1999,1999,Gable,CompShg,VinylSd,VinylSd,BrkFace,158.0,Gd,TA,PConc,Gd,TA,No,GLQ,633.0,Unf,0.0,240.0,873.0,GasA,Ex,Y,SBrkr,882,908,0,1790,1.0,0.0,2,1,3,1,Gd,7,Typ,0,,Attchd,1999.0,RFn,2.0,588.0,TA,TA,Y,0,88,0,0,0,0,,,,0,6,2008,WD ,Abnorml,193000,107.82122905027933,high,128.13370473537606,37,1,9,9,2663.0,3.5,35
1438,1439,907187030,60,RL,57.0,8924,Pave,,IR1,Lvl,AllPub,CulDSac,Gtl,CollgCr,Norm,Norm,1Fam,2Story,7,5,1998,1999,Gable,CompShg,VinylSd,VinylSd,,0.0,TA,TA,PConc,Gd,TA,Av,Unf,0.0,Unf,0.0,880.0,880.0,GasA,Ex,Y,SBrkr,880,844,0,1724,0.0,0.0,2,1,3,1,Gd,8,Typ,0,,Attchd,1998.0,Fin,2.0,527.0,TA,TA,Y,120,155,0,0,0,0,,,,0,7,2008,WD ,Normal,188000,109.04872389791183,high,128.13370473537606,37,1,10,9,2604.0,2.5,35
1439,1440,907187080,20,RL,93.0,9382,Pave,,IR1,Lvl,AllPub,CulDSac,Gtl,CollgCr,Norm,Norm,1Fam,1Story,7,5,1999,2000,Gable,CompShg,VinylSd,VinylSd,BrkFace,125.0,Gd,TA,PConc,Gd,TA,No,Unf,0.0,Unf,0.0,1468.0,1468.0,GasA,Ex,Y,SBrkr,1479,0,0,1479,0.0,0.0,2,0,3,1,Gd,6,Typ,0,,Attchd,1999.0,RFn,2.0,577.0,TA,TA,Y,120,25,0,0,0,0,,,,0,7,2008,WD ,Normal,191000,129.14131169709262,high,128.13370473537606,37,0,9,8,2947.0,2.0,35
1440,1441,907192130,20,RL,88.0,12803,Pave,,IR1,Lvl,AllPub,Inside,Gtl,CollgCr,Norm,Norm,1Fam,1Story,7,5,2002,2002,Gable,CompShg,VinylSd,VinylSd,BrkFace,99.0,Gd,TA,PConc,Gd,TA,Mn,GLQ,922.0,Unf,0.0,572.0,1494.0,GasA,Ex,Y,SBrkr,1494,0,0,1494,1.0,0.0,2,0,3,1,Gd,6,Typ,1,TA,Attchd,2002.0,RFn,2.0,530.0,TA,TA,Y,192,36,0,0,0,0,,,,0,9,2008,WD ,Normal,221000,147.92503346720216,high,128.13370473537606,37,0,6,6,2988.0,3.0,35
1441,1442,907194020,60,RL,80.0,12435,Pave,,Reg,Lvl,AllPub,Inside,Gtl,CollgCr,Norm,Norm,1Fam,2Story,7,5,2001,2001,Gable,CompShg,VinylSd,VinylSd,BrkFace,172.0,Gd,TA,PConc,Gd,TA,No,GLQ,361.0,Unf,0.0,602.0,963.0,GasA,Ex,Y,SBrkr,963,829,0,1792,0.0,0.0,2,1,3,1,Gd,7,Typ,1,TA,Attchd,2001.0,RFn,2.0,564.0,TA,TA,Y,0,96,0,245,0,0,,,,0,5,2008,WD ,Normal,231500,129.18526785714286,high,128.13370473537606,37,0,7,7,2755.0,2.5,35
1442,1443,907196040,60,RL,75.0,12192,Pave,,IR1,Lvl,AllPub,Inside,Gtl,CollgCr,Norm,Norm,1Fam,2Story,7,5,2000,2001,Gable,CompShg,VinylSd,VinylSd,,0.0,Gd,TA,PConc,Gd,TA,No,GLQ,663.0,Unf,0.0,265.0,928.0,GasA,Ex,Y,SBrkr,928,895,0,1823,1.0,0.0,2,1,3,1,Gd,6,Typ,0,,Attchd,2000.0,RFn,2.0,626.0,TA,TA,Y,192,36,0,0,0,0,,,Shed,4500,5,2008,WD ,Normal,235000,128.90839275918816,high,128.13370473537606,37,0,8,7,2751.0,3.5,35
1443,1444,907196050,60,RL,68.0,11250,Pave,,IR1,Lvl,AllPub,Inside,Gtl,CollgCr,Norm,Norm,1Fam,2Story,7,5,2001,2002,Gable,CompShg,VinylSd,VinylSd,BrkFace,162.0,Gd,TA,PConc,Gd,TA,Mn,GLQ,486.0,Unf,0.0,434.0,920.0,GasA,Ex,Y,SBrkr,920,866,0,1786,1.0,0.0,2,1,3,1,Gd,6,Typ,1,TA,Attchd,2001.0,RFn,2.0,608.0,TA,TA,Y,0,42,0,0,0,0,,,,0,9,2008,WD ,Normal,223500,125.13997760358343,high,128.13370473537606,37,0,7,6,2706.0,3.5,35
1444,1445,907200110,20,RL,,9200,Pave,,IR1,Lvl,AllPub,CulDSac,Gtl,CollgCr,Norm,Norm,1Fam,1Story,5,6,1975,1980,Hip,CompShg,VinylSd,VinylSd,,0.0,TA,TA,CBlock,Gd,TA,Av,LwQ,280.0,BLQ,491.0,167.0,938.0,GasA,TA,Y,SBrkr,938,0,0,938,1.0,0.0,1,0,3,1,TA,5,Typ,0,,Detchd,1977.0,Unf,1.0,308.0,TA,TA,Y,145,0,0,0,0,0,,MnPrv,,0,7,2008,WD ,Normal,130250,138.8592750533049,mid,146.46464646464648,21,0,33,28,1876.0,2.0,30
1445,1446,907201060,80,RL,65.0,8385,Pave,,Reg,Lvl,AllPub,Inside,Gtl,CollgCr,Norm,Norm,1Fam,SLvl,5,8,1977,1977,Gable,CompShg,HdBoard,HdBoard,BrkFace,220.0,Gd,TA,CBlock,Gd,Gd,Av,GLQ,595.0,Unf,0.0,390.0,985.0,GasA,TA,Y,SBrkr,985,0,0,985,0.0,0.0,2,0,3,1,TA,6,Typ,0,,Attchd,1977.0,Unf,1.0,328.0,TA,TA,Y,210,0,0,0,0,0,,,,0,11,2008,WD ,Normal,149900,152.18274111675126,mid,146.46464646464648,21,0,31,31,1970.0,2.0,40
1446,1447,907202010,20,RL,,12250,Pave,,IR1,Lvl,AllPub,Inside,Gtl,CollgCr,Norm,Norm,1Fam,1Story,5,6,1978,1978,Gable,CompShg,HdBoard,HdBoard,BrkFace,180.0,TA,TA,CBlock,Gd,TA,Mn,ALQ,781.0,Unf,0.0,83.0,864.0,GasA,Ex,Y,SBrkr,1174,0,0,1174,1.0,0.0,1,0,3,1,TA,5,Typ,0,,Attchd,1978.0,Unf,2.0,528.0,TA,TA,Y,211,0,280,0,0,0,,,,0,5,2008,WD ,Normal,158000,134.58262350936968,mid,146.46464646464648,21,0,30,30,2038.0,2.0,30
1447,1448,907202160,80,RL,,10970,Pave,,IR1,Low,AllPub,Inside,Mod,CollgCr,Norm,Norm,1Fam,SLvl,6,6,1978,1978,Gable,CompShg,Plywood,HdBoard,,0.0,TA,TA,CBlock,Gd,Gd,Gd,GLQ,505.0,LwQ,435.0,0.0,940.0,GasA,TA,Y,SBrkr,1026,0,0,1026,1.0,0.0,1,0,3,1,TA,5,Typ,0,,Detchd,1981.0,Unf,2.0,576.0,TA,Fa,Y,0,0,34,0,0,0,,MnPrv,,0,10,2008,WD ,Normal,147000,143.2748538011696,mid,146.46464646464648,21,0,30,30,1966.0,2.0,36
1448,1449,907202190,20,RL,,9216,Pave,,IR1,Lvl,AllPub,Inside,Gtl,CollgCr,Norm,Norm,1Fam,1Story,5,6,1975,1975,Gable,CompShg,HdBoard,HdBoard,BrkFace,176.0,TA,TA,CBlock,TA,TA,Av,ALQ,294.0,Unf,0.0,782.0,1076.0,GasA,TA,Y,SBrkr,1076,0,0,1076,0.0,0.0,1,1,3,1,TA,5,Typ,1,Fa,Detchd,1985.0,Unf,2.0,576.0,TA,TA,Y,0,0,0,0,0,0,,MnPrv,,0,9,2008,WD ,Abnorml,143195,133.08085501858736,mid,146.46464646464648,21,0,33,33,2152.0,1.5,30
1449,1450,907202240,20,RL,40.0,14330,Pave,,IR1,Lvl,AllPub,CulDSac,Gtl,CollgCr,Norm,Norm,1Fam,1Story,5,6,1975,2001,Gable,CompShg,Plywood,Wd Sdng,,0.0,TA,TA,CBlock,TA,TA,No,Rec,88.0,ALQ,596.0,180.0,864.0,GasA,TA,Y,SBrkr,1558,0,0,1558,1.0,0.0,2,0,2,1,TA,5,Min2,0,,Attchd,1975.0,Fin,2.0,440.0,TA,TA,Y,140,0,239,0,227,0,,,,0,8,2008,WD ,Normal,163000,104.62130937098844,mid,146.46464646464648,21,1,33,7,2422.0,3.0,30
1450,1451,907203090,20,RL,88.0,7990,Pave,,IR1,Lvl,AllPub,Inside,Gtl,CollgCr,Norm,Norm,1Fam,1Story,5,6,1975,1975,Hip,CompShg,HdBoard,HdBoard,,0.0,TA,TA,CBlock,Gd,TA,No,Unf,0.0,Unf,0.0,924.0,924.0,GasA,TA,Y,SBrkr,924,0,0,924,0.0,0.0,1,0,3,1,TA,5,Typ,0,,Detchd,1981.0,Unf,1.0,280.0,TA,TA,Y,0,0,0,0,0,0,,MnPrv,,0,4,2008,WD ,Normal,110000,119.04761904761905,mid,146.46464646464648,21,1,33,33,1848.0,1.0,30
1451,1452,907227050,20,RL,60.0,7180,Pave,,IR1,Lvl,AllPub,Inside,Gtl,CollgCr,Norm,Norm,1Fam,1Story,5,7,1972,1972,Hip,CompShg,HdBoard,HdBoard,,0.0,TA,TA,CBlock,TA,TA,Av,ALQ,390.0,Unf,0.0,474.0,864.0,GasA,TA,Y,SBrkr,864,0,0,864,0.0,0.0,1,0,3,1,TA,5,Typ,0,,Detchd,1989.0,Unf,1.0,352.0,TA,TA,Y,0,0,0,0,0,0,,,,0,5,2008,WD ,Normal,127000,146.99074074074073,mid,146.46464646464648,21,0,36,36,1728.0,1.0,35
1452,1453,907227300,20,RL,60.0,7200,Pave,,Reg,Bnk,AllPub,Inside,Gtl,CollgCr,Norm,Norm,1Fam,1Story,5,7,1972,1972,Gable,CompShg,HdBoard,HdBoard,,0.0,TA,TA,CBlock,TA,TA,Av,ALQ,632.0,Unf,0.0,148.0,780.0,GasA,Ex,Y,SBrkr,780,0,0,780,0.0,0.0,1,0,2,1,TA,4,Typ,0,,Detchd,1973.0,Unf,1.0,352.0,TA,TA,Y,196,0,0,0,0,0,,MnPrv,,0,1,2008,WD ,Normal,124900,160.12820512820514,mid,146.46464646464648,21,0,36,36,1560.0,1.0,35
1453,1454,907250020,20,RL,75.0,9742,Pave,,Reg,Lvl,AllPub,Inside,Gtl,CollgCr,Norm,Norm,1Fam,1Story,8,5,2002,2002,Hip,CompShg,VinylSd,VinylSd,BrkFace,281.0,Gd,TA,PConc,Gd,TA,No,Unf,0.0,Unf,0.0,1777.0,1777.0,GasA,Ex,Y,SBrkr,1795,0,0,1795,0.0,0.0,2,0,3,1,Gd,7,Typ,1,Gd,Attchd,2002.0,RFn,2.0,534.0,TA,TA,Y,171,159,0,0,0,0,,,,0,9,2008,WD ,Normal,230000,128.13370473537606,high,128.13370473537606,37,0,6,6,3572.0,2.0,40
1454,1455,907251090,60,RL,75.0,9473,Pave,,Reg,Lvl,AllPub,Inside,Gtl,CollgCr,Norm,Norm,1Fam,2Story,8,5,2002,2002,Gable,CompShg,VinylSd,VinylSd,,,Gd,TA,PConc,Gd,TA,No,GLQ,804.0,Unf,0.0,324.0,1128.0,GasA,Ex,Y,SBrkr,1128,903,0,2031,1.0,0.0,2,1,3,1,Gd,7,Typ,1,Gd,Attchd,2002.0,RFn,2.0,577.0,TA,TA,Y,0,211,0,0,0,0,,,,0,3,2008,WD ,Normal,237000,116.69128508124076,high,128.13370473537606,37,0,6,6,3159.0,3.5,40
1455,1456,907253060,60,RL,,10316,Pave,,IR1,Lvl,AllPub,Inside,Gtl,CollgCr,Norm,Norm,1Fam,2Story,7,5,2000,2000,Gable,CompShg,VinylSd,VinylSd,,0.0,Gd,TA,PConc,Gd,TA,No,GLQ,735.0,Unf,0.0,257.0,992.0,GasA,Ex,Y,SBrkr,992,873,0,1865,1.0,0.0,2,1,3,1,Gd,7,Typ,1,TA,Attchd,2000.0,RFn,3.0,839.0,TA,TA,Y,0,184,0,0,0,0,,,,0,6,2008,WD ,Normal,235000,126.00536193029491,high,128.13370473537606,37,0,8,8,2857.0,3.5,35
1456,1457,907253110,60,RL,,10400,Pave,,Reg,Lvl,AllPub,Inside,Gtl,CollgCr,Norm,Norm,1Fam,2Story,7,5,2001,2001,Gable,CompShg,VinylSd,VinylSd,BrkFace,227.0,Gd,TA,PConc,Gd,TA,No,Unf,0.0,Unf,0.0,1257.0,1257.0,GasA,Ex,Y,SBrkr,1290,871,0,2161,0.0,0.0,2,1,3,1,Gd,8,Typ,1,TA,Attchd,2001.0,RFn,2.0,570.0,TA,TA,Y,0,84,0,0,0,0,,,,0,6,2008,WD ,Normal,230500,106.6635816751504,high,128.13370473537606,37,1,7,7,3418.0,2.5,35
1457,1458,907254020,60,RL,73.0,9066,Pave,,IR1,Lvl,AllPub,Inside,Gtl,CollgCr,Norm,Norm,1Fam,2Story,8,5,1999,2000,Gable,CompShg,VinylSd,VinylSd,BrkFace,320.0,Gd,TA,PConc,Gd,TA,Mn,GLQ,668.0,Unf,0.0,336.0,1004.0,GasA,Ex,Y,SBrkr,1004,848,0,1852,0.0,0.0,2,1,3,1,Gd,7,Typ,2,TA,Attchd,1999.0,Fin,3.0,660.0,TA,TA,Y,224,106,0,0,0,0,,GdPrv,,0,12,2008,WD ,Normal,230000,124.19006479481641,high,128.13370473537606,37,0,9,8,2856.0,2.5,40
1458,1459,907254090,60,RL,75.0,11404,Pave,,IR1,Lvl,AllPub,Inside,Gtl,CollgCr,Norm,Norm,1Fam,2Story,7,5,1998,1999,Gable,CompShg,VinylSd,VinylSd,BrkFace,202.0,Gd,TA,PConc,Gd,TA,Av,ALQ,252.0,Unf,0.0,901.0,1153.0,GasA,Ex,Y,SBrkr,1153,878,0,2031,0.0,0.0,2,1,3,1,Gd,8,Typ,1,TA,Attchd,1998.0,Fin,2.0,541.0,TA,TA,Y,192,84,0,0,0,0,,,,0,7,2008,WD ,Normal,222500,109.55194485475135,high,128.13370473537606,37,1,10,9,3184.0,2.5,35
1459,1460,907255020,60,RL,,9240,Pave,,Reg,Lvl,AllPub,Inside,Gtl,CollgCr,Norm,Norm,1Fam,2Story,8,5,2001,2002,Gable,CompShg,VinylSd,VinylSd,BrkFace,396.0,Gd,TA,PConc,Gd,TA,No,Unf,0.0,Unf,0.0,1055.0,1055.0,GasA,Ex,Y,SBrkr,1055,1208,0,2263,0.0,0.0,2,1,3,1,Gd,7,Typ,1,TA,BuiltIn,2001.0,Fin,2.0,905.0,TA,TA,Y,0,45,0,0,189,0,,,,0,9,2008,WD ,Normal,287000,126.82280159080867,high,128.13370473537606,37,0,7,6,3318.0,2.5,40
1460,1461,907255030,60,RL,,9720,Pave,,IR1,Lvl,AllPub,CulDSac,Gtl,CollgCr,Norm,Norm,1Fam,2Story,9,5,2001,2002,Gable,CompShg,VinylSd,VinylSd,BrkFace,134.0,Gd,TA,PConc,Gd,TA,Mn,GLQ,1194.0,Unf,0.0,163.0,1357.0,GasA,Ex,Y,SBrkr,1366,581,0,1947,1.0,0.0,2,1,3,1,Gd,7,Typ,1,TA,BuiltIn,2001.0,Fin,3.0,725.0,TA,TA,Y,168,116,0,0,0,0,,,,0,1,2008,WD ,Normal,274000,140.72932717000515,high,128.13370473537606,37,0,7,6,3304.0,3.5,45
1461,1462,907255060,20,RL,,14860,Pave,,IR2,Lvl,AllPub,CulDSac,Gtl,CollgCr,Norm,Norm,1Fam,1Story,8,5,2002,2003,Hip,CompShg,VinylSd,VinylSd,BrkFace,240.0,Gd,TA,PConc,Ex,TA,Gd,GLQ,1538.0,Unf,0.0,240.0,1778.0,GasA,Ex,Y,SBrkr,1786,0,0,1786,1.0,0.0,2,0,3,1,Gd,6,Typ,1,Gd,Attchd,2002.0,RFn,3.0,715.0,TA,TA,Y,182,35,0,0,0,0,,,,0,6,2008,WD ,Normal,300000,167.97312430011198,high,128.13370473537606,37,0,6,5,3564.0,3.0,40
1462,1463,907260010,60,RL,,11250,Pave,,Reg,Lvl,AllPub,Corner,Gtl,CollgCr,Norm,Norm,1Fam,2Story,8,5,2002,2002,Gable,CompShg,CemntBd,CmentBd,,0.0,Gd,TA,PConc,Gd,TA,Mn,Unf,0.0,Unf,0.0,1128.0,1128.0,GasA,Ex,Y,SBrkr,1149,1141,0,2290,0.0,0.0,2,1,4,1,Gd,9,Typ,1,Gd,Attchd,2002.0,Unf,2.0,779.0,TA,TA,Y,0,0,0,0,0,0,,,,0,5,2008,WD ,Normal,255900,111.7467248908297,high,128.13370473537606,37,1,6,6,3418.0,2.5,40
1463,1464,907262030,60,RL,65.0,8158,Pave,,Reg,Lvl,AllPub,Inside,Gtl,CollgCr,Norm,Norm,1Fam,2Story,7,5,2003,2003,Gable,CompShg,VinylSd,VinylSd,BrkFace,252.0,Gd,TA,PConc,Gd,TA,No,GLQ,550.0,Unf,0.0,334.0,884.0,GasA,Ex,Y,SBrkr,884,884,0,1768,1.0,0.0,2,1,3,1,Gd,8,Typ,0,,Attchd,2003.0,RFn,2.0,543.0,TA,TA,Y,0,63,0,0,0,0,,,,0,7,2008,WD ,Normal,224900,127.20588235294117,high,128.13370473537606,37,0,5,5,2652.0,3.5,35
1464,1465,907262060,60,RL,41.0,10905,Pave,,IR2,Lvl,AllPub,CulDSac,Gtl,CollgCr,Norm,Norm,1Fam,2Story,7,5,2003,2003,Gable,CompShg,VinylSd,VinylSd,,0.0,Gd,TA,PConc,Gd,TA,No,Unf,0.0,Unf,0.0,1129.0,1129.0,GasA,Ex,Y,SBrkr,1129,1198,0,2327,0.0,0.0,2,1,4,1,Gd,9,Typ,1,Gd,BuiltIn,2003.0,RFn,2.0,596.0,TA,TA,Y,0,57,0,0,0,0,,,,0,8,2008,WD ,Normal,240000,103.13708637730984,high,128.13370473537606,37,1,5,5,3456.0,2.5,35
1465,1466,907262070,60,RL,72.0,7226,Pave,,IR1,Lvl,AllPub,CulDSac,Gtl,CollgCr,Norm,Norm,1Fam,2Story,7,5,2003,2003,Gable,CompShg,VinylSd,VinylSd,,0.0,Gd,TA,PConc,Gd,TA,No,Unf,0.0,Unf,0.0,798.0,798.0,GasA,Ex,Y,SBrkr,798,842,0,1640,0.0,0.0,2,1,3,1,Gd,6,Typ,0,,Attchd,2003.0,RFn,2.0,595.0,TA,TA,Y,0,45,0,0,0,0,,,,0,6,2008,WD ,Normal,183000,111.58536585365853,high,128.13370473537606,37,1,5,5,2438.0,2.5,35
1466,1467,907265100,60,RL,96.0,11690,Pave,,IR1,Lvl,AllPub,Inside,Gtl,CollgCr,Norm,Norm,1Fam,2Story,8,5,1999,2000,Gable,CompShg,VinylSd,VinylSd,BrkFace,192.0,Gd,TA,PConc,Gd,TA,Av,Unf,0.0,Unf,0.0,850.0,850.0,GasA,Ex,Y,SBrkr,886,878,0,1764,0.0,0.0,2,1,3,1,Gd,7,Typ,1,TA,Attchd,1999.0,Unf,2.0,560.0,TA,TA,Y,120,29,0,0,0,0,,,,0,6,2008,WD ,Normal,207000,117.34693877551021,high,128.13370473537606,37,0,9,8,2614.0,2.5,40
1467,1468,907285080,60,RL,70.0,8750,Pave,,Reg,Lvl,AllPub,Inside,Gtl,CollgCr,Norm,Norm,1Fam,2Story,7,5,1994,1995,Gable,CompShg,VinylSd,VinylSd,,0.0,Gd,Gd,PConc,Gd,TA,No,GLQ,642.0,Unf,0.0,273.0,915.0,GasA,Ex,Y,SBrkr,933,975,0,1908,1.0,0.0,2,1,4,1,Gd,8,Typ,1,TA,Attchd,1994.0,Unf,2.0,493.0,TA,TA,Y,144,133,0,0,0,0,,,,0,7,2008,WD ,Normal,210000,110.062893081761,high,128.13370473537606,37,1,14,13,2823.0,3.5,35
1468,1469,907290150,120,RM,37.0,4435,Pave,,Reg,Lvl,AllPub,Inside,Gtl,CollgCr,Norm,Norm,TwnhsE,1Story,6,5,2003,2003,Gable,CompShg,VinylSd,VinylSd,BrkFace,170.0,Gd,TA,PConc,Gd,TA,Av,GLQ,686.0,Unf,0.0,162.0,848.0,GasA,Ex,Y,SBrkr,848,0,0,848,1.0,0.0,1,0,1,1,Gd,3,Typ,0,,Attchd,2003.0,Fin,2.0,420.0,TA,TA,Y,140,0,0,0,0,0,,,,0,3,2008,WD ,Normal,136500,160.96698113207546,mid,146.46464646464648,21,0,5,5,1696.0,2.0,30
1469,1470,907290250,120,RM,,4426,Pave,,Reg,Lvl,AllPub,Inside,Gtl,CollgCr,Norm,Norm,TwnhsE,1Story,6,5,2004,2004,Gable,CompShg,VinylSd,VinylSd,BrkFace,205.0,Gd,TA,PConc,Gd,TA,Mn,GLQ,662.0,Unf,0.0,186.0,848.0,GasA,Ex,Y,SBrkr,848,0,0,848,1.0,0.0,1,0,1,1,Gd,3,Typ,0,,Attchd,2004.0,RFn,2.0,420.0,TA,TA,Y,140,0,0,0,0,0,,,,0,2,2008,WD ,Normal,145000,170.99056603773585,mid,146.46464646464648,21,0,4,4,1696.0,2.0,30
1470,1471,907295020,20,RL,75.0,13125,Pave,,Reg,Lvl,AllPub,Inside,Mod,CollgCr,Norm,Norm,1Fam,1Story,6,5,1997,1998,Gable,CompShg,VinylSd,VinylSd,BrkFace,215.0,TA,TA,PConc,Gd,TA,Gd,GLQ,994.0,Unf,0.0,484.0,1478.0,GasA,Ex,Y,SBrkr,1493,0,0,1493,1.0,0.0,2,0,3,1,Gd,7,Typ,1,TA,Attchd,1997.0,Fin,2.0,508.0,TA,TA,Y,140,39,0,0,0,0,,,,0,4,2008,WD ,Normal,208900,139.91962491627595,mid,146.46464646464648,21,0,11,10,2971.0,3.0,30
1471,1472,907295100,90,RM,83.0,10126,Pave,,Reg,Lvl,AllPub,Corner,Gtl,CollgCr,Norm,Norm,Duplex,SFoyer,6,5,1997,1998,Gable,CompShg,VinylSd,VinylSd,,0.0,TA,Gd,PConc,Gd,TA,Gd,GLQ,1593.0,LwQ,162.0,83.0,1838.0,GasA,Ex,Y,SBrkr,1838,0,0,1838,2.0,0.0,2,0,2,2,TA,8,Typ,0,,Attchd,1998.0,Unf,3.0,721.0,TA,TA,Y,160,67,0,0,0,0,,,,0,7,2008,WD ,Abnorml,185000,100.65288356909684,mid,146.46464646464648,21,1,11,10,3676.0,4.0,30
1472,1473,907405020,20,RL,70.0,9135,Pave,,Reg,Lvl,AllPub,Inside,Gtl,CollgCr,Norm,Norm,1Fam,1Story,7,5,2002,2003,Gable,CompShg,VinylSd,VinylSd,BrkFace,113.0,Gd,TA,PConc,Gd,TA,Av,GLQ,810.0,Unf,0.0,726.0,1536.0,GasA,Ex,Y,SBrkr,1536,0,0,1536,1.0,0.0,2,0,3,1,Gd,7,Typ,0,,Attchd,2002.0,RFn,2.0,532.0,TA,TA,Y,192,74,0,0,0,0,,,,0,12,2008,WD ,Normal,214000,139.32291666666666,high,128.13370473537606,37,0,6,5,3072.0,3.0,35
1473,1474,907405140,60,RL,65.0,8450,Pave,,Reg,Lvl,AllPub,Inside,Gtl,CollgCr,Norm,Norm,1Fam,2Story,7,5,2003,2003,Gable,CompShg,VinylSd,VinylSd,BrkFace,196.0,Gd,TA,PConc,Gd,TA,No,GLQ,706.0,Unf,0.0,150.0,856.0,GasA,Ex,Y,SBrkr,856,854,0,1710,1.0,0.0,2,1,3,1,Gd,8,Typ,0,,Attchd,2003.0,RFn,2.0,548.0,TA,TA,Y,0,61,0,0,0,0,,,,0,2,2008,WD ,Normal,208500,121.9298245614035,high,128.13370473537606,37,0,5,5,2566.0,3.5,35
1474,1475,907412040,20,RL,75.0,9750,Pave,,Reg,Lvl,AllPub,Inside,Gtl,CollgCr,Norm,Norm,1Fam,1Story,7,5,2004,2004,Gable,CompShg,VinylSd,VinylSd,Stone,50.0,Gd,TA,PConc,Gd,TA,Mn,GLQ,24.0,Unf,0.0,1421.0,1445.0,GasA,Ex,Y,SBrkr,1445,0,0,1445,0.0,0.0,2,0,3,1,Gd,6,Typ,0,,Attchd,2004.0,Unf,2.0,470.0,TA,TA,Y,0,35,0,0,0,0,,,,0,6,2008,WD ,Normal,186500,129.06574394463667,high,128.13370473537606,37,0,4,4,2890.0,2.0,35
1475,1476,907412070,20,RL,65.0,8450,Pave,,Reg,Lvl,AllPub,Inside,Gtl,CollgCr,Norm,Norm,1Fam,1Story,7,5,2004,2004,Gable,CompShg,VinylSd,VinylSd,BrkFace,266.0,Gd,TA,PConc,Gd,TA,Mn,GLQ,946.0,Unf,0.0,490.0,1436.0,GasA,Ex,Y,SBrkr,1436,0,0,1436,1.0,0.0,2,0,3,1,Gd,8,Typ,0,,Attchd,2004.0,Unf,2.0,484.0,TA,TA,Y,139,98,0,0,0,0,,,,0,4,2008,WD ,Normal,210000,146.23955431754874,high,128.13370473537606,37,0,4,4,2872.0,3.0,35
1476,1477,907412080,60,RL,64.0,8320,Pave,,Reg,Lvl,AllPub,Inside,Gtl,CollgCr,Norm,Norm,1Fam,2Story,7,5,2004,2004,Gable,CompShg,VinylSd,VinylSd,,0.0,Gd,TA,PConc,Gd,TA,No,GLQ,490.0,Unf,0.0,280.0,770.0,GasA,Ex,Y,SBrkr,770,812,0,1582,0.0,0.0,2,1,3,1,Gd,6,Typ,0,,Attchd,2004.0,RFn,2.0,520.0,TA,TA,Y,0,45,0,0,0,0,,,,0,9,2008,WD ,Normal,185900,117.5094816687737,high,128.13370473537606,37,0,4,4,2352.0,2.5,35
1477,1478,907412090,20,RL,85.0,11049,Pave,,Reg,Lvl,AllPub,Corner,Gtl,CollgCr,Norm,Norm,1Fam,1Story,8,5,2007,2007,Gable,CompShg,VinylSd,VinylSd,,0.0,Gd,TA,PConc,Ex,TA,Av,Unf,0.0,Unf,0.0,1234.0,1234.0,GasA,Ex,Y,SBrkr,1234,0,0,1234,0.0,0.0,2,0,3,1,Gd,7,Typ,0,,Attchd,2007.0,RFn,2.0,484.0,TA,TA,Y,0,30,0,0,0,0,,,,0,1,2008,WD ,Normal,179900,145.78606158833063,high,128.13370473537606,37,0,1,1,2468.0,2.0,40
1478,1479,907418010,20,RL,85.0,11058,Pave,,Reg,Lvl,AllPub,Corner,Gtl,CollgCr,Norm,Norm,1Fam,1Story,7,6,2007,2007,Gable,CompShg,VinylSd,VinylSd,Stone,212.0,Gd,TA,PConc,Gd,TA,No,GLQ,56.0,Unf,0.0,1508.0,1564.0,GasA,Ex,Y,SBrkr,1564,0,0,1564,0.0,0.0,2,0,3,1,Gd,6,Typ,0,,Attchd,2007.0,RFn,3.0,814.0,TA,TA,Y,0,24,0,0,0,0,,,,0,2,2008,WD ,Normal,218836,139.92071611253198,high,128.13370473537606,37,0,1,1,3128.0,2.0,42
1479,1480,907418040,20,RL,74.0,9627,Pave,,Reg,Lvl,AllPub,Inside,Gtl,CollgCr,Norm,Norm,1Fam,1Story,7,5,2007,2007,Gable,CompShg,VinylSd,VinylSd,,0.0,Gd,TA,PConc,Gd,TA,Av,GLQ,24.0,Unf,0.0,1327.0,1351.0,GasA,Ex,Y,SBrkr,1361,0,0,1361,0.0,0.0,2,0,3,1,Gd,6,Typ,0,,Attchd,2007.0,RFn,2.0,610.0,TA,TA,Y,0,50,0,0,0,0,,,,0,6,2008,WD ,Normal,193000,141.80749448934606,high,128.13370473537606,37,0,1,1,2712.0,2.0,35
1480,1481,907420080,60,RL,63.0,8199,Pave,,Reg,Lvl,AllPub,Inside,Gtl,CollgCr,Norm,Norm,1Fam,2Story,7,5,2005,2005,Gable,CompShg,WdShing,Wd Shng,,0.0,Gd,TA,PConc,Gd,TA,Av,GLQ,648.0,Unf,0.0,80.0,728.0,GasA,Ex,Y,SBrkr,728,728,0,1456,1.0,0.0,2,1,3,1,Gd,7,Typ,1,Gd,Attchd,2005.0,Fin,2.0,410.0,TA,TA,Y,36,18,0,0,0,0,,,,0,10,2008,WD ,Normal,189000,129.80769230769232,high,128.13370473537606,37,0,3,3,2184.0,3.5,35
1481,1482,907425010,120,RM,,4426,Pave,,Reg,Lvl,AllPub,Inside,Gtl,CollgCr,Norm,Norm,TwnhsE,1Story,6,5,2004,2004,Gable,CompShg,VinylSd,VinylSd,BrkFace,147.0,Gd,TA,PConc,Gd,TA,Av,GLQ,697.0,Unf,0.0,151.0,848.0,GasA,Ex,Y,SBrkr,848,0,0,848,1.0,0.0,1,0,1,1,Gd,3,Typ,1,TA,Attchd,2004.0,RFn,2.0,420.0,TA,TA,Y,149,0,0,0,0,0,,,,0,5,2008,WD ,Normal,149300,176.06132075471697,mid,146.46464646464648,21,0,4,4,1696.0,2.0,30
1482,1483,907425015,120,RM,,4426,Pave,,Reg,Lvl,AllPub,Inside,Gtl,CollgCr,Norm,Norm,TwnhsE,1Story,6,5,2004,2004,Gable,CompShg,VinylSd,VinylSd,BrkFace,147.0,Gd,TA,PConc,Gd,TA,Gd,GLQ,697.0,Unf,0.0,151.0,848.0,GasA,Ex,Y,SBrkr,848,0,0,848,1.0,0.0,1,0,1,1,Gd,3,Typ,1,TA,Attchd,2004.0,RFn,2.0,420.0,TA,TA,Y,149,0,0,0,0,0,,,,0,5,2008,WD ,Normal,141000,166.27358490566039,mid,146.46464646464648,21,0,4,4,1696.0,2.0,30
1483,1484,907425030,120,RM,,4438,Pave,,Reg,Lvl,AllPub,Inside,Gtl,CollgCr,Norm,Norm,TwnhsE,1Story,6,5,2004,2004,Gable,CompShg,VinylSd,VinylSd,BrkFace,205.0,Gd,TA,PConc,Gd,TA,Av,GLQ,662.0,Unf,0.0,186.0,848.0,GasA,Ex,Y,SBrkr,848,0,0,848,1.0,0.0,1,0,1,1,Gd,3,Typ,1,Gd,Attchd,2004.0,RFn,2.0,420.0,TA,TA,Y,149,0,0,0,0,0,,,,0,1,2008,WD ,Normal,149000,175.70754716981133,mid,146.46464646464648,21,0,4,4,1696.0,2.0,30
1484,1485,907425035,120,RM,,4438,Pave,,Reg,Lvl,AllPub,Inside,Gtl,CollgCr,Norm,Norm,TwnhsE,1Story,6,5,2004,2004,Gable,CompShg,VinylSd,VinylSd,BrkFace,169.0,Gd,TA,PConc,Gd,TA,Gd,GLQ,662.0,Unf,0.0,186.0,848.0,GasA,Ex,Y,SBrkr,848,0,0,848,1.0,0.0,1,0,1,1,Gd,4,Typ,1,Gd,Attchd,2004.0,Fin,2.0,420.0,TA,TA,Y,140,0,0,0,0,0,,,,0,6,2008,ConLD,Normal,144500,170.4009433962264,mid,146.46464646464648,21,0,4,4,1696.0,2.0,30
1485,1486,908102030,30,RL,67.0,8777,Pave,,Reg,Lvl,AllPub,Inside,Gtl,Edwards,Feedr,Norm,1Fam,1Story,5,7,1910,1950,Gable,CompShg,MetalSd,Wd Sdng,,0.0,TA,TA,CBlock,Fa,TA,No,Unf,0.0,Unf,0.0,796.0,796.0,GasA,Gd,Y,FuseA,796,0,0,796,0.0,0.0,1,0,2,1,TA,4,Typ,0,,,,,0.0,0.0,,,P,328,0,164,0,0,0,,MnPrv,,0,5,2008,WD ,Normal,85000,106.78391959798995,mid,107.38831615120274,41,0,98,58,1592.0,1.0,35
1486,1487,908102040,90,RL,67.0,8777,Pave,,Reg,Lvl,AllPub,Inside,Gtl,Edwards,Feedr,Norm,Duplex,1.5Fin,5,7,1900,2003,Gable,CompShg,MetalSd,MetalSd,,0.0,TA,TA,CBlock,TA,TA,No,ALQ,1084.0,Unf,0.0,188.0,1272.0,GasA,Gd,Y,SBrkr,1272,928,0,2200,2.0,0.0,2,2,4,2,TA,9,Typ,0,,,,,0.0,0.0,,,N,0,70,0,0,0,0,,GdPrv,,0,9,2008,WD ,Normal,145900,66.31818181818181,mid,107.38831615120274,41,1,108,5,3472.0,5.0,35
1487,1488,908102140,20,RL,75.0,9825,Pave,,Reg,Lvl,AllPub,Inside,Gtl,Edwards,Norm,Norm,1Fam,1Story,5,5,1966,1966,Hip,CompShg,HdBoard,HdBoard,,0.0,TA,TA,CBlock,TA,TA,No,Rec,609.0,Unf,0.0,483.0,1092.0,GasA,TA,Y,SBrkr,1092,0,0,1092,0.0,0.0,1,0,3,1,TA,6,Typ,0,,Attchd,1966.0,Unf,1.0,264.0,TA,TA,Y,259,0,0,0,161,0,,MnPrv,,0,4,2008,COD,Abnorml,123000,112.63736263736264,mid,107.38831615120274,41,0,42,42,2184.0,1.0,25
1488,1489,908102260,20,RL,75.0,9937,Pave,,Reg,Lvl,AllPub,Inside,Gtl,Edwards,Norm,Norm,1Fam,1Story,5,6,1965,1965,Gable,CompShg,HdBoard,HdBoard,,0.0,Gd,TA,CBlock,TA,TA,No,BLQ,830.0,LwQ,290.0,136.0,1256.0,GasA,Gd,Y,SBrkr,1256,0,0,1256,1.0,0.0,1,1,3,1,TA,6,Typ,0,,Attchd,1965.0,Fin,1.0,276.0,TA,TA,Y,736,68,0,0,0,0,,,,0,6,2008,WD ,Normal,147500,117.43630573248407,mid,107.38831615120274,41,0,43,43,2512.0,2.5,30
1489,1490,908103260,85,RL,64.0,12102,Pave,,Reg,Lvl,AllPub,Inside,Gtl,Edwards,Norm,Norm,1Fam,SFoyer,5,5,1976,1976,Gable,CompShg,HdBoard,Plywood,BrkFace,222.0,TA,TA,CBlock,Gd,Gd,Gd,ALQ,456.0,Unf,0.0,0.0,456.0,GasA,Ex,Y,SBrkr,1033,0,0,1033,0.0,1.0,1,0,3,1,TA,6,Typ,0,,BuiltIn,1976.0,RFn,2.0,504.0,Fa,TA,Y,224,0,0,0,0,0,,,,0,4,2008,WD ,Family,165000,159.72894482090996,mid,107.38831615120274,41,0,32,32,1489.0,1.5,25
1490,1491,908103280,20,RL,65.0,6500,Pave,,Reg,Lvl,AllPub,Inside,Gtl,Edwards,Norm,Norm,1Fam,1Story,6,6,1976,1976,Hip,CompShg,HdBoard,Plywood,BrkFace,84.0,TA,TA,CBlock,TA,Ex,No,BLQ,1033.0,Unf,0.0,94.0,1127.0,GasA,TA,Y,SBrkr,1127,0,0,1127,0.0,1.0,1,1,3,1,TA,6,Typ,1,Po,Detchd,1991.0,Unf,2.0,480.0,TA,TA,Y,0,0,138,0,0,0,,,,0,5,2008,WD ,Normal,135000,119.78704525288376,mid,107.38831615120274,41,0,32,32,2254.0,2.0,36
1491,1492,908127120,30,RL,63.0,13907,Pave,,Reg,Lvl,AllPub,Inside,Gtl,Edwards,Norm,Norm,1Fam,1Story,5,6,1940,1969,Gable,CompShg,WdShing,Wd Shng,,0.0,TA,TA,CBlock,TA,TA,No,BLQ,290.0,Unf,0.0,706.0,996.0,GasA,Ex,Y,SBrkr,996,0,0,996,1.0,0.0,1,0,3,1,TA,6,Typ,1,Gd,,,,0.0,0.0,,,Y,144,0,0,0,0,0,,,,0,7,2008,WD ,Normal,108000,108.43373493975903,mid,107.38831615120274,41,0,68,39,1992.0,2.0,30
1492,1493,908128050,85,RL,90.0,10012,Pave,,Reg,Lvl,AllPub,Inside,Gtl,Edwards,Norm,Norm,1Fam,SFoyer,4,5,1972,1972,Gable,CompShg,Plywood,Plywood,,0.0,TA,TA,CBlock,Gd,TA,Av,BLQ,920.0,Rec,180.0,38.0,1138.0,GasA,TA,Y,SBrkr,1181,0,0,1181,1.0,0.0,2,0,3,1,TA,6,Typ,0,,Detchd,1974.0,RFn,2.0,588.0,TA,TA,Y,0,0,180,0,0,0,,MnPrv,,0,4,2008,WD ,Normal,137500,116.42675698560542,mid,107.38831615120274,41,0,36,36,2319.0,3.0,20
1493,1494,908128110,60,RL,60.0,6931,Pave,,Reg,Lvl,AllPub,Inside,Gtl,Edwards,Norm,Norm,1Fam,2Story,7,5,2003,2004,Gable,CompShg,VinylSd,VinylSd,Stone,92.0,Gd,TA,PConc,Gd,TA,No,Unf,0.0,Unf,0.0,746.0,746.0,GasA,Ex,Y,SBrkr,760,896,0,1656,0.0,0.0,2,1,3,1,Gd,7,Typ,1,Gd,BuiltIn,2003.0,Fin,2.0,397.0,TA,TA,Y,178,128,0,0,0,0,,,,0,7,2008,WD ,Normal,165400,99.8792270531401,high,99.8792270531401,3,0,5,4,2402.0,2.5,35
1494,1495,908151040,80,RL,,9638,Pave,,IR1,Lvl,AllPub,CulDSac,Gtl,Edwards,Norm,Norm,1Fam,SLvl,6,6,1977,1977,Hip,CompShg,Plywood,Plywood,,0.0,TA,TA,CBlock,TA,TA,Av,ALQ,368.0,Rec,120.0,541.0,1029.0,GasA,TA,Y,SBrkr,1117,0,0,1117,1.0,0.0,1,0,3,1,TA,6,Typ,1,Fa,Attchd,1977.0,RFn,2.0,542.0,TA,TA,Y,292,0,0,0,0,0,,,,0,11,2008,WD ,Normal,147000,131.6025067144136,mid,107.38831615120274,41,0,31,31,2146.0,2.0,36
1495,1496,908152110,60,RL,72.0,7200,Pave,,Reg,Lvl,AllPub,Inside,Gtl,Edwards,Norm,Norm,1Fam,2Story,6,7,1976,2001,Hip,CompShg,Plywood,Plywood,,0.0,TA,TA,CBlock,TA,TA,Av,ALQ,288.0,Unf,0.0,396.0,684.0,GasA,TA,Y,SBrkr,684,714,0,1398,0.0,0.0,1,1,3,1,TA,6,Typ,1,TA,Attchd,1976.0,Fin,2.0,440.0,TA,TA,Y,0,0,0,0,0,0,,MnPrv,,0,2,2008,WD ,Normal,160500,114.8068669527897,mid,107.38831615120274,41,0,32,7,2082.0,1.5,42
1496,1497,908152270,20,RL,60.0,7024,Pave,,Reg,Lvl,AllPub,Inside,Gtl,Edwards,Norm,Norm,1Fam,1Story,4,5,2005,2005,Gable,CompShg,VinylSd,VinylSd,,0.0,TA,TA,PConc,Gd,TA,No,GLQ,1024.0,Unf,0.0,108.0,1132.0,GasA,Ex,Y,SBrkr,1132,0,0,1132,1.0,0.0,1,1,2,1,Gd,5,Typ,0,,Attchd,2005.0,Fin,2.0,451.0,TA,TA,Y,252,64,0,0,0,0,,,,0,6,2008,WD ,Normal,176000,155.47703180212014,mid,107.38831615120274,41,0,3,3,2264.0,2.5,20
1497,1498,908154080,20,RL,123.0,47007,Pave,,IR1,Lvl,AllPub,Inside,Gtl,Edwards,Norm,Norm,1Fam,1Story,5,7,1959,1996,Gable,CompShg,Plywood,Plywood,,0.0,TA,TA,Slab,,,,,0.0,,0.0,0.0,0.0,GasA,TA,Y,SBrkr,3820,0,0,3820,,,3,1,5,1,Ex,11,Typ,2,Gd,Attchd,1959.0,Unf,2.0,624.0,TA,TA,Y,0,372,0,0,0,0,,,,0,7,2008,WD ,Normal,284700,74.52879581151832,mid,107.38831615120274,41,1,49,12,3820.0,3.5,35
1498,1499,908154235,60,RL,313.0,63887,Pave,,IR3,Bnk,AllPub,Corner,Gtl,Edwards,Feedr,Norm,1Fam,2Story,10,5,2008,2008,Hip,ClyTile,Stucco,Stucco,Stone,796.0,Ex,TA,PConc,Ex,TA,Gd,GLQ,5644.0,Unf,0.0,466.0,6110.0,GasA,Ex,Y,SBrkr,4692,950,0,5642,2.0,0.0,2,1,3,1,Ex,12,Typ,3,Gd,Attchd,2008.0,Fin,2.0,1418.0,TA,TA,Y,214,292,0,0,0,480,Gd,,,0,1,2008,New,Partial,160000,28.35873803615739,high,99.8792270531401,3,1,0,0,11752.0,4.5,50
1499,1500,908186040,180,RM,35.0,3675,Pave,,Reg,Lvl,AllPub,Inside,Gtl,Edwards,Norm,Norm,TwnhsE,SLvl,6,5,2005,2005,Gable,CompShg,VinylSd,VinylSd,BrkFace,80.0,TA,TA,PConc,Gd,TA,Gd,GLQ,459.0,Unf,0.0,88.0,547.0,GasA,Ex,Y,SBrkr,1072,0,0,1072,1.0,0.0,1,0,2,1,TA,5,Typ,0,,Basment,2005.0,RFn,2.0,525.0,TA,TA,Y,0,28,0,0,0,0,,,,0,6,2008,WD ,Normal,148000,138.0597014925373,mid,107.38831615120274,41,0,3,3,1619.0,2.0,30
1500,1501,908201100,90,RL,65.0,6040,Pave,,Reg,Lvl,AllPub,Inside,Gtl,Edwards,Norm,Norm,Duplex,1Story,4,5,1955,1955,Gable,CompShg,AsbShng,Plywood,,0.0,TA,TA,PConc,,,,,0.0,,0.0,0.0,0.0,GasA,TA,N,FuseP,1152,0,0,1152,0.0,0.0,2,0,2,2,Fa,6,Typ,0,,,,,0.0,0.0,,,N,0,0,0,0,0,0,,,,0,6,2008,WD ,AdjLand,82000,71.18055555555556,mid,107.38831615120274,41,1,53,53,1152.0,2.0,20
1501,1502,908201110,90,RL,65.0,6012,Pave,,Reg,Lvl,AllPub,Corner,Gtl,Edwards,Norm,Norm,Duplex,1Story,4,5,1955,1955,Gable,CompShg,AsbShng,Plywood,,0.0,TA,Fa,PConc,,,,,0.0,,0.0,0.0,0.0,GasA,TA,N,SBrkr,1152,0,0,1152,0.0,0.0,2,0,2,2,TA,6,Typ,0,,,,,0.0,0.0,,,N,0,0,0,0,0,0,,,,0,6,2008,WD ,AdjLand,82000,71.18055555555556,mid,107.38831615120274,41,1,53,53,1152.0,2.0,20
1502,1503,908201120,90,RL,92.0,12108,Pave,,Reg,Lvl,AllPub,Inside,Gtl,Edwards,Norm,Norm,Duplex,1Story,4,4,1955,1955,Gable,CompShg,VinylSd,VinylSd,BrkFace,270.0,TA,TA,CBlock,TA,TA,No,ALQ,133.0,Unf,0.0,1307.0,1440.0,GasA,TA,N,FuseF,1440,0,0,1440,0.0,0.0,2,0,4,2,Fa,8,Typ,0,,,,,0.0,0.0,,,Y,0,0,0,0,0,0,,,,0,9,2008,WD ,Normal,118000,81.94444444444444,mid,107.38831615120274,41,1,53,53,2880.0,2.0,16
1503,1504,908204160,90,RL,74.0,6845,Pave,,Reg,Lvl,AllPub,Inside,Gtl,Edwards,Norm,Norm,Duplex,1Story,4,5,1955,1955,Gable,CompShg,WdShing,Wd Shng,BrkCmn,58.0,TA,TA,Slab,,,,,0.0,,0.0,0.0,0.0,GasA,TA,N,FuseF,1152,0,0,1152,0.0,0.0,2,0,2,2,TA,6,Typ,0,,,,,0.0,0.0,,,N,0,0,0,0,0,0,,,,0,7,2008,WD ,Normal,82500,71.61458333333333,mid,107.38831615120274,41,1,53,53,1152.0,2.0,20
1504,1505,908225170,190,RL,56.0,6931,Pave,,Reg,Lvl,AllPub,Inside,Gtl,Edwards,Norm,Norm,2fmCon,1Story,4,5,1955,1955,Hip,CompShg,Wd Sdng,Wd Sdng,,0.0,TA,TA,CBlock,TA,TA,Av,ALQ,784.0,Unf,0.0,0.0,784.0,GasA,TA,N,FuseP,784,0,0,784,1.0,0.0,1,0,2,1,TA,4,Typ,0,,,,,0.0,0.0,,,Y,112,0,0,0,0,0,,,,0,5,2008,WD ,Normal,91900,117.21938775510205,mid,107.38831615120274,41,0,53,53,1568.0,2.0,20
1505,1506,908226120,50,RL,60.0,12180,Pave,,Reg,Lvl,AllPub,Inside,Gtl,Edwards,Norm,Norm,1Fam,1.5Fin,5,7,1938,2007,Gable,CompShg,Wd Sdng,Wd Sdng,,0.0,TA,TA,PConc,TA,TA,No,Unf,0.0,Unf,0.0,585.0,585.0,GasA,Gd,Y,FuseF,585,468,0,1053,0.0,0.0,1,1,2,1,Ex,5,Typ,0,,,,,0.0,0.0,,,N,42,0,0,0,0,0,,,,0,1,2008,WD ,Family,120000,113.96011396011396,mid,107.38831615120274,41,0,70,1,1638.0,1.5,35
1506,1507,908250040,50,RL,57.0,8050,Pave,,Reg,Lvl,AllPub,Inside,Gtl,Edwards,Norm,Norm,1Fam,1.5Fin,5,8,1947,1993,Gable,CompShg,MetalSd,MetalSd,,0.0,TA,Gd,Slab,,,,,0.0,,0.0,0.0,0.0,GasA,Gd,Y,SBrkr,929,208,0,1137,0.0,0.0,1,1,4,1,TA,8,Min1,0,,,,,0.0,0.0,,,Y,0,0,0,0,0,0,,,,0,4,2008,WD ,Normal,96000,84.43271767810026,mid,107.38831615120274,41,1,61,15,1137.0,1.5,40
1507,1508,908250090,20,RL,68.0,9520,Pave,,Reg,Bnk,AllPub,Inside,Mod,Edwards,Norm,Norm,1Fam,1Story,4,5,1953,1953,Gable,CompShg,MetalSd,MetalSd,Stone,115.0,TA,TA,CBlock,Gd,TA,No,Rec,767.0,Unf,0.0,144.0,911.0,GasA,TA,Y,SBrkr,930,0,0,930,0.0,0.0,1,0,2,1,TA,5,Typ,0,,Attchd,1953.0,RFn,1.0,286.0,TA,TA,Y,134,0,0,0,0,0,,MnPrv,Gar2,3000,5,2008,WD ,Normal,99000,106.45161290322581,mid,107.38831615120274,41,0,55,55,1841.0,1.0,20
1508,1509,908275130,50,RL,70.0,11767,Pave,,Reg,Lvl,AllPub,Inside,Gtl,Edwards,Norm,Norm,1Fam,1.5Fin,5,6,1946,1995,Gable,CompShg,MetalSd,MetalSd,,0.0,TA,TA,CBlock,TA,TA,No,BLQ,352.0,Unf,0.0,416.0,768.0,GasA,Ex,Y,SBrkr,768,432,0,1200,0.0,0.0,1,0,3,1,TA,6,Typ,0,,Detchd,1946.0,Unf,1.0,240.0,TA,TA,Y,0,0,0,0,0,0,,,,0,5,2008,WD ,Normal,130500,108.75,mid,107.38831615120274,41,0,62,13,1968.0,1.0,30
1509,1510,908275180,50,RL,60.0,8172,Pave,,Reg,Lvl,AllPub,Inside,Gtl,Edwards,Norm,Norm,1Fam,1.5Fin,4,6,1954,1972,Gable,CompShg,MetalSd,MetalSd,,0.0,TA,TA,PConc,TA,TA,No,Unf,0.0,Unf,0.0,941.0,941.0,GasA,Ex,Y,SBrkr,997,473,0,1470,0.0,0.0,2,0,4,1,TA,7,Typ,0,,Detchd,1958.0,Unf,1.0,548.0,TA,TA,Y,0,0,0,0,156,0,,,,0,5,2008,WD ,Normal,135000,91.83673469387755,mid,107.38831615120274,41,1,54,36,2411.0,2.0,24
1510,1511,908275280,50,RL,59.0,16466,Pave,,IR1,Lvl,AllPub,Inside,Gtl,Edwards,Norm,Norm,1Fam,1.5Fin,5,7,1955,1955,Gable,CompShg,MetalSd,MetalSd,,0.0,TA,Gd,PConc,TA,TA,No,Unf,0.0,Unf,0.0,816.0,816.0,GasA,TA,Y,SBrkr,872,521,0,1393,0.0,0.0,1,1,3,1,TA,8,Typ,0,,Attchd,1955.0,Unf,1.0,300.0,TA,TA,Y,121,0,0,0,265,0,,,,0,4,2008,WD ,Normal,135500,97.27207465900933,mid,107.38831615120274,41,0,53,53,2209.0,1.5,35
1511,1512,908276140,80,RL,62.0,7692,Pave,,Reg,Bnk,AllPub,Inside,Mod,Edwards,Norm,Norm,1Fam,SLvl,4,6,1954,1954,Gable,CompShg,Wd Sdng,Wd Sdng,,0.0,TA,TA,CBlock,Ex,TA,Av,Unf,0.0,Unf,0.0,416.0,416.0,GasA,Gd,Y,FuseA,1204,0,0,1204,0.0,0.0,1,0,3,1,TA,6,Typ,0,,Basment,1954.0,Unf,1.0,312.0,TA,TA,Y,0,0,0,0,0,0,,,,0,11,2008,WD ,Abnorml,100000,83.05647840531562,mid,107.38831615120274,41,1,54,54,1620.0,1.0,24
1512,1513,909100150,30,RL,67.0,5142,Pave,,Reg,Lvl,AllPub,Inside,Gtl,Edwards,Norm,Norm,1Fam,1.5Fin,4,7,1923,2008,Gable,CompShg,Wd Sdng,Wd Sdng,,0.0,TA,TA,PConc,TA,TA,No,ALQ,224.0,Unf,0.0,725.0,949.0,GasA,TA,Y,SBrkr,949,343,0,1292,0.0,0.0,1,1,3,1,Gd,6,Typ,0,,Detchd,1923.0,Unf,1.0,205.0,TA,TA,N,0,0,183,0,0,0,,,,0,6,2008,WD ,Normal,108000,83.59133126934985,mid,107.38831615120274,41,1,85,0,2241.0,1.5,28
1513,1514,909100170,30,RL,67.0,5604,Pave,,Reg,Lvl,AllPub,Inside,Gtl,Edwards,Norm,Norm,1Fam,1Story,5,6,1925,1950,Gable,CompShg,Stucco,Stucco,,0.0,TA,TA,CBlock,TA,TA,No,Rec,468.0,Unf,0.0,396.0,864.0,GasA,TA,N,FuseA,864,0,0,864,1.0,0.0,1,0,2,1,TA,5,Typ,0,,,,,0.0,0.0,,,Y,0,0,96,0,0,0,,,,0,4,2008,WD ,Normal,98000,113.42592592592592,mid,107.38831615120274,41,0,83,58,1728.0,2.0,30
1514,1515,909101060,30,RL,45.0,8248,Pave,Grvl,Reg,Lvl,AllPub,Inside,Gtl,Edwards,Norm,Norm,1Fam,1Story,3,3,1914,1950,Gable,CompShg,Stucco,Stucco,,0.0,TA,TA,BrkTil,TA,TA,No,BLQ,41.0,Unf,0.0,823.0,864.0,GasA,TA,N,FuseF,864,0,0,864,1.0,0.0,1,0,2,1,TA,5,Typ,0,,,,,0.0,0.0,,,N,0,0,100,0,0,0,,,,0,9,2008,WD ,Normal,67000,77.54629629629629,low,77.54629629629629,1,0,94,58,1728.0,2.0,9
1515,1516,909101180,190,RL,55.0,5687,Pave,Grvl,Reg,Bnk,AllPub,Inside,Gtl,SWISU,Norm,Norm,2fmCon,2Story,5,6,1912,2000,Gable,CompShg,VinylSd,VinylSd,,0.0,TA,Fa,PConc,TA,Fa,No,Rec,210.0,Unf,0.0,570.0,780.0,GasA,Ex,N,SBrkr,936,780,0,1716,1.0,0.0,2,0,6,1,Fa,9,Typ,0,,,,,0.0,0.0,,,N,0,184,0,0,0,0,,,,0,3,2008,WD ,Normal,135900,79.1958041958042,mid,80.57851239669421,9,0,96,8,2496.0,3.0,30
1516,1517,909131170,70,RH,,12155,Pave,,IR1,Lvl,AllPub,Inside,Gtl,SWISU,Norm,Norm,1Fam,2Story,6,8,1925,1950,Gable,CompShg,Wd Sdng,Wd Sdng,,0.0,TA,TA,BrkTil,TA,TA,No,BLQ,156.0,Unf,0.0,516.0,672.0,GasA,TA,N,SBrkr,810,672,0,1482,0.0,0.0,2,0,4,1,Fa,7,Typ,0,,Detchd,1934.0,Unf,1.0,400.0,TA,TA,P,0,0,254,0,0,0,,,,0,3,2008,WD ,Normal,140000,94.46693657219973,mid,80.57851239669421,9,0,83,58,2154.0,2.0,48
1517,1518,909175050,75,RL,60.0,8400,Pave,,Reg,Bnk,AllPub,Inside,Mod,SWISU,Norm,Norm,1Fam,2.5Fin,5,8,1939,1997,Gable,CompShg,Wd Sdng,Wd Sdng,,0.0,TA,TA,PConc,TA,TA,No,LwQ,378.0,Unf,0.0,342.0,720.0,GasA,Ex,Y,SBrkr,1052,720,420,2192,0.0,0.0,2,1,4,1,Gd,8,Typ,1,Gd,Detchd,1939.0,Unf,1.0,240.0,TA,TA,Y,262,24,0,0,0,0,,,,0,7,2008,WD ,Normal,179500,81.88868613138686,mid,80.57851239669421,9,0,69,11,2912.0,2.5,40
1518,1519,909175100,50,RL,60.0,8400,Pave,,Reg,Bnk,AllPub,Inside,Gtl,SWISU,Norm,Norm,1Fam,1.5Fin,6,5,1925,1950,Gable,CompShg,MetalSd,MetalSd,,0.0,TA,TA,PConc,TA,TA,No,Rec,423.0,Unf,0.0,758.0,1181.0,GasA,Fa,Y,SBrkr,1390,304,0,1694,0.0,0.0,2,0,4,1,TA,7,Typ,1,Gd,Detchd,1925.0,Unf,2.0,576.0,TA,TA,Y,342,0,128,0,0,0,,,,0,6,2008,WD ,Normal,136500,80.57851239669421,mid,80.57851239669421,9,0,83,58,2875.0,2.0,30
1519,1520,909177120,30,RL,60.0,7290,Pave,,Reg,Lvl,AllPub,Corner,Gtl,SWISU,Norm,Norm,1Fam,1Story,7,8,1921,1950,Gable,CompShg,WdShing,Wd Shng,BrkFace,174.0,TA,TA,BrkTil,TA,TA,No,Unf,0.0,Unf,0.0,1228.0,1228.0,GasA,Ex,Y,SBrkr,1424,0,0,1424,0.0,0.0,2,0,2,1,TA,7,Typ,1,Gd,Attchd,1921.0,Unf,1.0,312.0,TA,TA,Y,0,0,90,0,0,0,,,,0,4,2008,WD ,Normal,168000,117.97752808988764,high,117.97752808988764,1,0,87,58,2652.0,2.0,56
1520,1521,909201110,70,RH,55.0,8525,Pave,,Reg,Bnk,AllPub,Inside,Gtl,SWISU,Norm,Norm,1Fam,2Story,5,6,1911,1950,Gable,CompShg,MetalSd,MetalSd,,0.0,TA,TA,PConc,TA,TA,Av,Unf,0.0,Unf,0.0,940.0,940.0,GasA,TA,N,FuseA,1024,940,0,1964,0.0,0.0,1,1,4,1,TA,7,Typ,0,,,,,0.0,0.0,,,N,0,192,0,0,0,0,,,,0,11,2008,WD ,Abnorml,130000,66.19144602851324,mid,80.57851239669421,9,1,97,58,2904.0,1.5,30
1521,1522,909250040,70,RL,51.0,9842,Pave,,Reg,Lvl,AllPub,Inside,Gtl,SWISU,Feedr,Norm,1Fam,2Story,5,6,1921,1998,Gable,CompShg,MetalSd,Wd Sdng,,0.0,TA,TA,BrkTil,TA,Fa,No,Unf,0.0,Unf,0.0,612.0,612.0,GasA,Ex,Y,SBrkr,990,1611,0,2601,0.0,0.0,3,1,4,1,TA,8,Typ,0,,BuiltIn,1998.0,RFn,2.0,621.0,TA,TA,Y,183,0,301,0,0,0,,,,0,5,2008,WD ,Normal,189000,72.66435986159169,mid,80.57851239669421,9,0,87,10,3213.0,3.5,30
1522,1523,909250230,90,RL,64.0,7804,Pave,,Reg,Lvl,AllPub,Inside,Gtl,SWISU,Norm,Norm,Duplex,2.5Unf,6,7,1930,1950,Gable,CompShg,Stucco,Stucco,,0.0,TA,TA,BrkTil,TA,TA,No,ALQ,281.0,Rec,679.0,0.0,960.0,GasA,Ex,Y,SBrkr,960,960,0,1920,2.0,0.0,2,2,4,2,TA,10,Typ,2,Gd,Detchd,1930.0,Unf,2.0,480.0,TA,TA,Y,248,0,121,0,0,0,,,,0,7,2008,WD ,Abnorml,161900,84.32291666666667,mid,80.57851239669421,9,0,78,58,2880.0,5.0,42
1523,1524,909251080,70,RL,66.0,8969,Pave,,Reg,Bnk,AllPub,Inside,Gtl,Crawfor,Norm,Norm,1Fam,2Story,6,6,1926,1950,Gambrel,CompShg,Wd Sdng,Wd Sdng,,0.0,TA,TA,BrkTil,TA,TA,No,BLQ,379.0,Unf,0.0,265.0,644.0,GasA,Ex,Y,SBrkr,672,644,0,1316,1.0,0.0,1,0,2,1,TA,6,Typ,1,Gd,Detchd,2001.0,Unf,1.0,369.0,TA,TA,P,0,0,0,0,192,0,,MnPrv,,0,7,2008,WD ,Normal,145000,110.1823708206687,mid,105.35714285714286,11,0,82,58,1960.0,2.0,36
1524,1525,909251090,70,RL,79.0,11526,Pave,,IR1,Bnk,AllPub,Inside,Mod,Crawfor,Norm,Norm,1Fam,2.5Fin,6,7,1922,1994,Gable,CompShg,MetalSd,MetalSd,,0.0,TA,TA,BrkTil,Ex,TA,No,Unf,0.0,Unf,0.0,588.0,588.0,GasA,Fa,Y,SBrkr,1423,748,384,2555,0.0,0.0,2,0,3,1,TA,11,Min1,1,Gd,Detchd,1993.0,Fin,2.0,672.0,TA,TA,Y,431,0,0,0,0,0,,,,0,9,2008,WD ,Normal,191000,74.75538160469668,mid,105.35714285714286,11,1,86,14,3143.0,2.0,42
1525,1526,909252110,70,RL,63.0,15576,Pave,,Reg,Lvl,AllPub,Inside,Gtl,Crawfor,Norm,Norm,1Fam,2Story,6,7,1915,1976,Gable,CompShg,Wd Sdng,Plywood,,0.0,TA,TA,BrkTil,Gd,TA,No,Unf,0.0,Unf,0.0,840.0,840.0,GasA,Ex,Y,SBrkr,840,840,0,1680,0.0,0.0,2,0,4,1,TA,8,Typ,0,,Attchd,1960.0,Unf,1.0,308.0,TA,TA,Y,0,0,160,0,0,0,,,,0,3,2008,WD ,Normal,177000,105.35714285714286,mid,105.35714285714286,11,0,93,32,2520.0,2.0,42
1526,1527,909252220,50,RL,63.0,15564,Pave,,Reg,Lvl,AllPub,Inside,Gtl,Crawfor,Norm,Norm,1Fam,1.5Fin,6,6,1914,1995,Gable,CompShg,Wd Sdng,Wd Shng,,0.0,TA,TA,BrkTil,Gd,TA,No,Unf,0.0,Unf,0.0,676.0,676.0,GasA,Ex,Y,SBrkr,676,588,0,1264,0.0,0.0,1,0,3,1,TA,6,Typ,0,,Detchd,1994.0,Unf,2.0,400.0,TA,TA,Y,424,0,0,0,0,0,,,Shed,400,1,2008,WD ,Normal,147500,116.69303797468355,mid,105.35714285714286,11,0,94,13,1940.0,1.0,36
1527,1528,909253190,30,RL,52.0,6292,Pave,,Reg,Bnk,AllPub,Inside,Gtl,SWISU,Norm,Norm,1Fam,1Story,6,5,1930,1950,Gable,CompShg,Wd Sdng,Wd Sdng,,0.0,TA,TA,BrkTil,Gd,TA,Mn,Rec,384.0,Unf,0.0,384.0,768.0,GasA,TA,N,SBrkr,790,0,0,790,0.0,0.0,1,0,2,1,TA,4,Typ,0,,Detchd,1925.0,Unf,1.0,160.0,Fa,TA,Y,0,141,0,0,0,0,,,,0,4,2008,WD ,Normal,91000,115.18987341772151,mid,80.57851239669421,9,0,78,58,1558.0,1.0,30
1528,1529,909254050,70,RL,54.0,7609,Pave,,Reg,Lvl,AllPub,Corner,Gtl,Crawfor,Norm,Norm,1Fam,2Story,8,9,1925,1997,Gable,CompShg,Stucco,Stucco,,0.0,Gd,Gd,PConc,Fa,TA,No,ALQ,406.0,Unf,0.0,392.0,798.0,GasA,Ex,Y,SBrkr,798,714,0,1512,1.0,0.0,2,0,3,1,Gd,7,Typ,1,Gd,Detchd,1925.0,Unf,1.0,180.0,TA,TA,P,85,16,41,0,0,0,,GdPrv,,0,6,2008,WD ,Normal,231000,152.77777777777777,high,152.33056568111246,10,0,83,11,2310.0,3.0,72
1529,1530,909256060,50,RL,51.0,10480,Pave,,Reg,Lvl,AllPub,Inside,Gtl,SWISU,Norm,Norm,1Fam,1.5Fin,6,5,1936,1950,Gable,CompShg,MetalSd,MetalSd,,0.0,TA,TA,BrkTil,TA,TA,No,Unf,0.0,Unf,0.0,1064.0,1064.0,GasA,Ex,Y,FuseA,1166,0,473,1639,0.0,0.0,1,0,3,1,TA,6,Maj2,0,,Detchd,1936.0,Unf,1.0,240.0,TA,TA,Y,0,0,0,0,0,0,,,,0,3,2008,WD ,Normal,115000,70.1647345942648,mid,80.57851239669421,9,1,72,58,2703.0,1.0,30
1530,1531,909275040,70,RL,,9650,Pave,,IR1,HLS,AllPub,Corner,Gtl,Crawfor,Norm,Norm,1Fam,2Story,6,3,1923,1950,Hip,CompShg,Wd Sdng,Plywood,,0.0,TA,TA,BrkTil,TA,TA,No,Unf,0.0,Unf,0.0,784.0,784.0,GasA,TA,Y,SBrkr,819,784,0,1603,0.0,0.0,1,0,4,1,TA,7,Typ,1,Gd,Attchd,1980.0,Unf,2.0,599.0,TA,TA,Y,0,217,0,0,0,0,,,,0,6,2008,WD ,Normal,138000,86.08858390517779,mid,105.35714285714286,11,1,85,58,2387.0,1.0,18
1531,1532,909275050,70,RL,60.0,7200,Pave,,Reg,HLS,AllPub,Inside,Mod,Crawfor,Norm,Norm,1Fam,2Story,7,6,1931,2000,Gable,CompShg,Stucco,Wd Shng,,0.0,TA,Fa,BrkTil,Gd,TA,No,Unf,0.0,Unf,0.0,776.0,776.0,GasA,TA,Y,SBrkr,851,651,0,1502,0.0,0.0,1,1,3,1,TA,6,Typ,1,Gd,Attchd,1931.0,RFn,1.0,270.0,TA,TA,P,0,0,112,0,0,0,,MnPrv,,0,2,2008,WD ,Normal,149000,99.20106524633822,high,152.33056568111246,10,1,77,8,2278.0,1.5,42
1532,1533,909276170,70,RL,74.0,11988,Pave,,IR1,HLS,AllPub,Inside,Mod,Crawfor,Norm,Norm,1Fam,2Story,6,7,1934,1995,Hip,CompShg,Stucco,Stucco,,0.0,TA,TA,CBlock,TA,TA,No,LwQ,326.0,Unf,0.0,389.0,715.0,GasA,Fa,Y,FuseA,849,811,0,1660,0.0,0.0,1,1,3,1,TA,6,Typ,1,Gd,Detchd,1939.0,Unf,1.0,240.0,TA,TA,Y,0,0,0,0,0,0,,,,0,8,2008,WD ,Normal,188700,113.67469879518072,mid,105.35714285714286,11,0,74,13,2375.0,1.5,42
1533,1534,909277040,50,RL,,11700,Pave,Grvl,IR1,HLS,AllPub,Inside,Mod,Crawfor,Norm,Norm,1Fam,1.5Fin,5,6,1937,1995,Gable,CompShg,WdShing,Wd Shng,,0.0,TA,TA,CBlock,TA,TA,No,BLQ,606.0,Unf,0.0,336.0,942.0,GasA,Ex,Y,SBrkr,1265,673,0,1938,0.0,0.0,2,0,4,1,Gd,7,Min2,1,Gd,Detchd,1937.0,Unf,1.0,240.0,TA,TA,Y,0,40,0,0,0,0,,,,0,7,2008,WD ,Normal,198000,102.16718266253869,mid,105.35714285714286,11,0,71,13,2880.0,2.0,30
1534,1535,909277070,50,RL,,9260,Pave,Grvl,IR1,HLS,AllPub,Inside,Gtl,Crawfor,Feedr,Norm,1Fam,1.5Fin,5,4,1938,1950,Gable,CompShg,Wd Sdng,Wd Sdng,,0.0,TA,TA,BrkTil,TA,TA,No,Unf,0.0,Unf,0.0,884.0,884.0,GasA,TA,Y,FuseF,932,442,0,1374,0.0,0.0,1,0,3,1,TA,6,Typ,0,,Detchd,1938.0,Unf,1.0,225.0,TA,TA,Y,64,0,0,0,100,0,,,,0,3,2008,WD ,Normal,110000,80.05822416302766,mid,105.35714285714286,11,1,70,58,2258.0,1.0,20
1535,1536,909281030,20,RL,79.0,7801,Pave,,IR1,Lvl,AllPub,Corner,Gtl,Crawfor,Feedr,Norm,1Fam,1Story,6,5,1951,1951,Hip,CompShg,WdShing,Plywood,BrkFace,88.0,TA,Fa,PConc,TA,TA,No,Rec,500.0,Unf,0.0,591.0,1091.0,GasA,Fa,N,FuseA,1091,0,0,1091,0.0,1.0,1,0,2,1,TA,5,Typ,1,TA,Attchd,1951.0,Fin,1.0,344.0,TA,TA,Y,66,105,0,0,221,0,,MnPrv,,0,5,2008,WD ,Normal,104000,95.32538955087077,mid,105.35714285714286,11,0,57,57,2182.0,1.5,30
1536,1537,909281110,70,RL,100.0,9670,Pave,,IR1,HLS,AllPub,Inside,Mod,Crawfor,Norm,Norm,1Fam,2Story,8,6,1935,1950,Gable,CompShg,BrkFace,Stucco,Stone,40.0,TA,TA,PConc,TA,Fa,No,LwQ,210.0,Unf,0.0,398.0,608.0,GasA,TA,Y,SBrkr,983,890,0,1873,0.0,0.0,1,1,4,1,TA,9,Typ,2,Gd,Detchd,1935.0,Fin,2.0,786.0,Fa,TA,Y,0,0,207,0,0,0,,,,0,6,2008,WD ,Alloca,257076,137.25360384410038,high,152.33056568111246,10,0,73,58,2481.0,1.5,48
1537,1538,909282030,50,RL,,14100,Pave,,IR1,Lvl,AllPub,Inside,Mod,Crawfor,Norm,Norm,1Fam,1.5Fin,8,9,1935,1997,Gable,CompShg,Stucco,Stucco,BrkFace,632.0,TA,Gd,CBlock,TA,TA,Mn,Rec,192.0,Unf,0.0,536.0,728.0,GasA,Ex,Y,SBrkr,1968,1479,0,3447,0.0,0.0,3,1,4,1,Gd,11,Typ,2,Gd,BuiltIn,1982.0,Unf,3.0,1014.0,TA,TA,Y,314,12,0,0,0,0,,GdWo,,0,5,2008,WD ,Normal,381000,110.53089643167972,high,152.33056568111246,10,1,73,11,4175.0,3.5,72
1538,1539,909425010,50,RL,,15660,Pave,,IR1,Lvl,AllPub,Corner,Gtl,Crawfor,Norm,Norm,1Fam,1.5Fin,7,9,1939,2006,Gable,CompShg,VinylSd,VinylSd,BrkFace,312.0,Gd,Gd,CBlock,TA,TA,No,BLQ,341.0,Unf,0.0,457.0,798.0,GasA,Ex,Y,SBrkr,1137,817,0,1954,0.0,1.0,1,1,3,1,Gd,8,Typ,2,TA,Attchd,1939.0,Unf,2.0,431.0,TA,TA,Y,0,119,150,0,0,0,,,,0,5,2008,WD ,Normal,311500,159.41658137154556,high,152.33056568111246,10,0,69,2,2752.0,2.0,63
1539,1540,909425085,50,RL,70.0,12392,Pave,,Reg,Bnk,AllPub,Inside,Gtl,Crawfor,Norm,Norm,1Fam,1.5Fin,7,9,1950,2000,Gable,CompShg,VinylSd,VinylSd,,0.0,TA,Gd,CBlock,TA,Gd,No,GLQ,435.0,Unf,0.0,397.0,832.0,GasA,Ex,Y,SBrkr,1218,943,0,2161,1.0,0.0,2,1,3,1,Gd,8,Typ,2,TA,Attchd,1994.0,Fin,2.0,506.0,TA,TA,Y,0,96,0,0,0,0,,,,0,4,2008,WD ,Normal,263400,121.88801480795928,high,152.33056568111246,10,1,58,8,2993.0,3.5,63
1540,1541,909428170,20,RL,56.0,26073,Pave,,IR1,Lvl,AllPub,CulDSac,Gtl,Crawfor,Norm,Norm,1Fam,1Story,5,5,1956,1956,Gable,CompShg,BrkFace,MetalSd,,0.0,TA,TA,PConc,TA,TA,No,Rec,1116.0,Unf,0.0,782.0,1898.0,GasA,Ex,Y,FuseA,1898,0,0,1898,0.0,0.0,2,1,3,1,TA,7,Typ,2,TA,Attchd,1956.0,Unf,2.0,484.0,TA,TA,Y,0,51,224,0,0,0,,MnPrv,,0,4,2008,WD ,Normal,236500,124.60484720758693,mid,105.35714285714286,11,0,52,52,3796.0,2.5,25
1541,1542,909428190,20,RL,,14778,Pave,,IR1,Low,AllPub,CulDSac,Gtl,Crawfor,PosN,Norm,1Fam,1Story,6,7,1954,2006,Hip,CompShg,HdBoard,HdBoard,BrkFace,72.0,Gd,TA,CBlock,TA,TA,No,BLQ,728.0,Unf,0.0,568.0,1296.0,GasA,Ex,Y,SBrkr,1640,0,0,1640,1.0,0.0,1,0,3,1,Gd,7,Typ,1,Gd,Detchd,1993.0,Unf,2.0,924.0,TA,TA,Y,108,0,0,216,0,0,,,,0,11,2008,WD ,Normal,224000,136.58536585365854,mid,105.35714285714286,11,0,54,2,2936.0,2.0,42
1542,1543,909451020,160,RM,24.0,1879,Pave,,Reg,Lvl,AllPub,CulDSac,Gtl,Blueste,Norm,Norm,Twnhs,2Story,6,6,1980,1980,Gable,CompShg,MetalSd,MetalSd,,0.0,TA,TA,CBlock,Gd,TA,No,GLQ,366.0,Unf,0.0,150.0,516.0,GasA,TA,Y,SBrkr,516,516,0,1032,0.0,0.0,1,0,2,1,TA,5,Typ,1,TA,Detchd,1980.0,Unf,2.0,462.0,TA,TA,Y,213,0,0,0,0,0,,GdPrv,,0,12,2008,WD ,Normal,116500,112.8875968992248,mid,104.96564934935533,2,0,28,28,1548.0,1.0,36
1543,1544,909451150,160,RM,24.0,1950,Pave,,Reg,Lvl,AllPub,Inside,Gtl,Blueste,Norm,Norm,Twnhs,2Story,6,6,1980,1980,Gable,CompShg,MetalSd,MetalSd,,0.0,TA,Gd,CBlock,Gd,TA,No,LwQ,81.0,GLQ,612.0,23.0,716.0,GasA,TA,Y,SBrkr,716,840,0,1556,1.0,0.0,2,1,3,1,TA,6,Typ,1,TA,Attchd,1980.0,Fin,2.0,452.0,TA,TA,Y,161,0,0,0,0,0,,GdPrv,,0,7,2008,COD,Normal,151000,97.04370179948586,mid,104.96564934935533,2,0,28,28,2272.0,3.5,36
1544,1545,910200080,30,RM,50.0,7000,Pave,,Reg,Lvl,AllPub,Inside,Gtl,IDOTRR,Norm,Norm,1Fam,1Story,6,8,1926,1998,Gable,CompShg,VinylSd,VinylSd,,0.0,TA,Gd,BrkTil,TA,TA,No,Rec,299.0,GLQ,40.0,555.0,894.0,GasA,TA,Y,SBrkr,919,0,0,919,1.0,0.0,1,0,2,1,TA,5,Typ,0,,Detchd,1926.0,Unf,1.0,195.0,TA,TA,P,0,0,116,0,0,0,,MnPrv,,0,7,2008,WD ,Normal,126000,137.1055495103373,mid,91.74311926605505,23,0,82,10,1813.0,2.0,48
1545,1546,910201130,50,RM,60.0,6000,Pave,,Reg,Lvl,AllPub,Inside,Gtl,IDOTRR,Norm,Norm,1Fam,1.5Fin,6,8,1940,2006,Gable,CompShg,VinylSd,VinylSd,,0.0,TA,TA,CBlock,Fa,TA,No,Unf,0.0,Unf,0.0,720.0,720.0,GasA,Gd,Y,SBrkr,760,330,0,1090,0.0,0.0,1,0,3,1,TA,5,Typ,0,,Detchd,1940.0,Unf,1.0,240.0,TA,TA,Y,0,0,0,0,0,0,,,,0,7,2008,WD ,Normal,120000,110.09174311926606,mid,91.74311926605505,23,0,68,2,1810.0,1.0,48
1546,1547,910202050,30,RM,40.0,3636,Pave,,Reg,Lvl,AllPub,Inside,Gtl,IDOTRR,Norm,Norm,1Fam,1Story,4,4,1922,1950,Gable,CompShg,AsbShng,AsbShng,,0.0,TA,TA,BrkTil,TA,Fa,No,Unf,0.0,Unf,0.0,796.0,796.0,GasA,Fa,N,SBrkr,796,0,0,796,0.0,0.0,1,0,2,1,TA,5,Typ,0,,,,,0.0,0.0,,,N,0,0,100,0,0,0,,MnPrv,,0,1,2008,WD ,Normal,55000,69.09547738693468,mid,91.74311926605505,23,1,86,58,1592.0,1.0,16
1547,1548,910202100,30,RM,,5890,Pave,,Reg,Lvl,AllPub,Corner,Gtl,IDOTRR,Norm,Norm,1Fam,1Story,6,8,1930,2007,Gable,CompShg,Wd Sdng,Wd Sdng,,0.0,Gd,Gd,BrkTil,TA,TA,Av,ALQ,538.0,Unf,0.0,278.0,816.0,GasA,Ex,Y,SBrkr,816,0,0,816,0.0,0.0,1,0,2,1,TA,5,Typ,0,,Detchd,2002.0,Unf,1.0,432.0,TA,TA,Y,0,0,96,0,0,0,,,,0,6,2008,WD ,Normal,120500,147.67156862745097,mid,91.74311926605505,23,0,78,1,1632.0,1.0,48
1548,1549,910203020,30,RM,71.0,6900,Pave,,Reg,Lvl,AllPub,Inside,Gtl,IDOTRR,Norm,Norm,1Fam,1Story,5,6,1940,1955,Gable,CompShg,VinylSd,VinylSd,,0.0,TA,TA,CBlock,TA,TA,No,ALQ,403.0,Rec,125.0,212.0,740.0,GasA,Ex,Y,SBrkr,778,0,0,778,0.0,0.0,1,0,2,1,TA,4,Typ,1,Gd,Detchd,1966.0,Fin,1.0,924.0,Ex,Ex,Y,0,25,0,0,0,0,,,,0,2,2008,WD ,Normal,120500,154.88431876606683,mid,91.74311926605505,23,0,68,53,1518.0,1.0,30
1549,1550,910203090,50,RM,58.0,8155,Pave,,Reg,Lvl,AllPub,Inside,Gtl,IDOTRR,Norm,Norm,1Fam,1.5Fin,5,7,1930,1950,Gable,CompShg,Wd Sdng,Wd Sdng,,0.0,TA,TA,CBlock,Gd,TA,No,Unf,0.0,Unf,0.0,780.0,780.0,GasA,Gd,Y,FuseA,780,420,0,1200,0.0,0.0,1,0,4,1,TA,7,Typ,0,,,,,0.0,0.0,,,Y,0,0,96,0,0,0,,,,0,7,2008,WD ,Normal,119000,99.16666666666667,mid,91.74311926605505,23,0,78,58,1980.0,1.0,35
1550,1551,910205010,80,RM,75.0,6000,Pave,,Reg,Lvl,AllPub,Inside,Gtl,IDOTRR,Norm,Norm,1Fam,SLvl,5,5,1967,1967,Hip,CompShg,HdBoard,Plywood,,0.0,Fa,TA,CBlock,Gd,TA,Mn,Rec,257.0,Unf,0.0,367.0,624.0,GasA,Ex,Y,SBrkr,1092,564,0,1656,0.0,0.0,1,1,3,1,TA,7,Mod,1,Po,Attchd,1967.0,Unf,1.0,288.0,TA,TA,Y,0,180,0,0,100,0,,MnPrv,,0,7,2008,WD ,Normal,126000,76.08695652173913,mid,91.74311926605505,23,1,41,41,2280.0,1.5,25
1551,1552,910206110,30,RM,60.0,7392,Pave,,Reg,Lvl,AllPub,Inside,Gtl,IDOTRR,Norm,Norm,1Fam,1Story,5,7,1930,1995,Gable,CompShg,Wd Sdng,Wd Sdng,,0.0,TA,TA,BrkTil,TA,TA,No,Unf,0.0,Unf,0.0,520.0,520.0,GasA,TA,Y,FuseA,912,0,0,912,0.0,0.0,1,0,2,1,TA,5,Typ,0,,Detchd,1934.0,RFn,1.0,360.0,TA,TA,Y,0,90,0,0,0,0,,,,0,5,2008,WD ,Normal,99500,109.10087719298245,mid,91.74311926605505,23,0,78,13,1432.0,1.0,35
1552,1553,910226040,50,RM,75.0,9000,Pave,,Reg,Lvl,AllPub,Inside,Gtl,IDOTRR,Norm,Norm,1Fam,1.5Fin,5,5,1958,1958,Gable,CompShg,WdShing,Wd Shng,BrkFace,162.0,TA,TA,CBlock,TA,TA,No,ALQ,330.0,Unf,0.0,821.0,1151.0,GasA,Gd,Y,FuseA,1151,804,0,1955,0.0,0.0,2,0,4,1,TA,7,Typ,0,,Attchd,1958.0,Fin,1.0,356.0,TA,TA,Y,0,0,0,0,0,0,,,,0,1,2008,WD ,Normal,165500,84.65473145780051,mid,91.74311926605505,23,0,50,50,3106.0,2.0,25
1553,1554,910251050,20,A (agr),80.0,14584,Pave,,Reg,Low,AllPub,Inside,Mod,IDOTRR,Norm,Norm,1Fam,1Story,1,5,1952,1952,Gable,CompShg,AsbShng,VinylSd,,0.0,Fa,Po,Slab,,,,,0.0,,0.0,0.0,0.0,Wall,Po,N,FuseA,733,0,0,733,0.0,0.0,1,0,2,1,Fa,4,Sal,0,,Attchd,1952.0,Unf,2.0,487.0,Fa,Po,N,0,0,0,0,0,0,,,,0,2,2008,WD ,Abnorml,13100,17.871759890859483,low,61.29092261904762,3,1,56,56,733.0,1.0,5
1554,1555,911102090,70,C (all),60.0,5280,Pave,,Reg,Lvl,AllPub,Corner,Gtl,IDOTRR,Feedr,Norm,1Fam,2Story,4,7,1895,1950,Gable,CompShg,Wd Sdng,Wd Sdng,,0.0,TA,TA,Stone,Po,Fa,No,Unf,0.0,Unf,0.0,173.0,173.0,GasA,Ex,N,SBrkr,825,536,0,1361,0.0,0.0,1,0,2,1,TA,6,Typ,0,,Detchd,1895.0,Unf,1.0,185.0,Fa,TA,Y,0,123,0,0,0,0,,,,0,7,2008,WD ,Normal,89000,65.3930933137399,mid,91.74311926605505,23,1,113,58,1534.0,1.0,28
1555,1556,911102170,70,C (all),50.0,8500,Pave,Pave,Reg,Lvl,AllPub,Inside,Gtl,IDOTRR,Feedr,Norm,1Fam,2Story,4,4,1920,1950,Gambrel,CompShg,BrkFace,BrkFace,,0.0,TA,Fa,BrkTil,TA,TA,No,Unf,0.0,Unf,0.0,649.0,649.0,GasA,TA,N,SBrkr,649,668,0,1317,0.0,0.0,1,0,3,1,TA,6,Typ,0,,Detchd,1920.0,Unf,1.0,250.0,TA,Fa,N,0,54,172,0,0,0,,MnPrv,,0,7,2008,WD ,Normal,40000,30.372057706909644,mid,91.74311926605505,23,1,88,58,1966.0,1.0,16
1556,1557,911102180,50,C (all),52.0,5150,Pave,,Reg,Lvl,AllPub,Corner,Gtl,IDOTRR,Feedr,Norm,1Fam,1.5Fin,4,7,1910,2000,Gable,CompShg,Plywood,Plywood,,0.0,TA,TA,PConc,Po,TA,No,Unf,0.0,Unf,0.0,356.0,356.0,GasA,TA,N,FuseA,671,378,0,1049,0.0,0.0,1,0,2,1,TA,5,Typ,0,,Detchd,1910.0,Unf,1.0,195.0,Po,Fa,N,0,0,0,0,0,0,,,,0,5,2008,WD ,Normal,80900,77.1210676835081,mid,91.74311926605505,23,1,98,8,1405.0,1.0,28
1557,1558,911226010,30,C (all),120.0,18000,Grvl,,Reg,Low,AllPub,Inside,Gtl,IDOTRR,Norm,Norm,1Fam,1Story,3,4,1935,1950,Gable,CompShg,MetalSd,MetalSd,,0.0,Fa,TA,CBlock,TA,TA,No,Unf,0.0,Unf,0.0,894.0,894.0,GasA,TA,Y,SBrkr,894,0,0,894,0.0,0.0,1,0,2,1,TA,6,Typ,0,,Detchd,1994.0,RFn,3.0,1248.0,TA,TA,Y,0,20,0,0,0,0,,,Shed,560,8,2008,ConLD,Normal,81000,90.60402684563758,low,61.29092261904762,3,0,73,58,1788.0,1.0,12
1558,1559,911226030,70,C (all),60.0,9000,Grvl,,Reg,Bnk,AllPub,Inside,Gtl,IDOTRR,Norm,Norm,1Fam,2Story,4,6,1920,1950,Gable,CompShg,MetalSd,MetalSd,,0.0,TA,TA,Stone,Fa,Fa,Mn,Unf,0.0,Unf,0.0,592.0,592.0,GasA,Ex,Y,SBrkr,432,432,0,864,0.0,0.0,1,1,3,1,Fa,5,Min2,0,,Detchd,1920.0,Unf,1.0,216.0,Fa,Fa,N,0,30,160,0,0,0,,,,0,6,2008,WD ,Normal,65000,75.23148148148148,mid,91.74311926605505,23,1,88,58,1456.0,1.5,24
1559,1560,911370410,120,RM,64.0,5587,Pave,,IR1,HLS,AllPub,Inside,Mod,Crawfor,Norm,Norm,TwnhsE,1Story,8,5,2008,2008,Hip,CompShg,CemntBd,CmentBd,Stone,186.0,Ex,TA,PConc,Ex,TA,Gd,GLQ,1480.0,Unf,0.0,120.0,1600.0,GasA,Ex,Y,SBrkr,1652,0,0,1652,1.0,1.0,2,0,2,1,Gd,5,Typ,1,Gd,Attchd,2008.0,Fin,2.0,482.0,TA,TA,Y,162,53,0,153,0,0,,,,0,11,2008,New,Partial,392500,237.590799031477,high,152.33056568111246,10,0,0,0,3252.0,3.5,40
1560,1561,911370490,120,RM,44.0,3843,Pave,,IR1,HLS,AllPub,Inside,Mod,Crawfor,Norm,Norm,TwnhsE,1Story,8,5,2007,2008,Hip,CompShg,CemntBd,CmentBd,Stone,186.0,Ex,TA,PConc,Ex,TA,Gd,GLQ,1476.0,Unf,0.0,120.0,1596.0,GasA,Ex,Y,SBrkr,1648,0,0,1648,1.0,1.0,2,0,2,1,Ex,5,Typ,1,Gd,Attchd,2007.0,Fin,2.0,525.0,TA,TA,Y,162,53,0,153,0,0,,,,0,8,2008,New,Partial,294464,178.67961165048544,high,152.33056568111246,10,0,1,0,3244.0,3.5,40
1561,1562,911370520,120,RM,44.0,3811,Pave,,IR1,HLS,AllPub,Inside,Mod,Crawfor,Norm,Norm,TwnhsE,1Story,7,5,2004,2005,Hip,CompShg,CemntBd,CmentBd,Stone,174.0,Gd,TA,PConc,Ex,TA,Gd,GLQ,1474.0,Unf,0.0,120.0,1594.0,GasA,Ex,Y,SBrkr,1646,0,0,1646,1.0,1.0,2,0,2,1,Ex,5,Typ,1,Gd,Attchd,2004.0,Fin,2.0,482.0,TA,TA,Y,128,53,0,0,155,0,,,,0,7,2008,WD ,Normal,250000,151.88335358444715,high,152.33056568111246,10,0,4,3,3240.0,3.5,35
1562,1563,911370540,120,RM,44.0,3842,Pave,,IR1,HLS,AllPub,Inside,Mod,Crawfor,Norm,Norm,TwnhsE,1Story,8,5,2004,2005,Hip,CompShg,CemntBd,CmentBd,Stone,174.0,Gd,TA,PConc,Ex,TA,Gd,GLQ,1373.0,Unf,0.0,221.0,1594.0,GasA,Ex,Y,SBrkr,1646,0,0,1646,1.0,1.0,2,0,2,1,Gd,5,Typ,1,Gd,Attchd,2004.0,Fin,2.0,482.0,TA,TA,Y,128,53,0,0,155,0,,,,0,1,2008,WD ,Normal,275000,167.07168894289185,high,152.33056568111246,10,0,4,3,3240.0,3.5,40
1563,1564,914453045,20,RL,,23730,Pave,,IR2,Lvl,AllPub,Inside,Gtl,Mitchel,Norm,Norm,1Fam,1Story,7,5,1996,1997,Gable,CompShg,MetalSd,MetalSd,BrkFace,668.0,Gd,TA,PConc,Ex,TA,Mn,GLQ,700.0,Unf,0.0,1140.0,1840.0,GasA,Ex,Y,SBrkr,2032,0,0,2032,1.0,0.0,3,0,3,1,Gd,7,Typ,0,,Attchd,1996.0,Fin,3.0,786.0,TA,TA,Y,0,46,192,0,0,0,,,,0,9,2008,WD ,Normal,300000,147.63779527559055,high,153.4970238095238,5,0,12,11,3872.0,4.0,35
1564,1565,914465060,20,RL,,13265,Pave,,IR1,Lvl,AllPub,CulDSac,Gtl,Mitchel,Norm,Norm,1Fam,1Story,8,5,2002,2002,Hip,CompShg,CemntBd,CmentBd,BrkFace,148.0,Gd,TA,PConc,Gd,TA,No,GLQ,1218.0,Unf,0.0,350.0,1568.0,GasA,Ex,Y,SBrkr,1689,0,0,1689,1.0,0.0,2,0,3,1,Gd,7,Typ,2,Gd,Attchd,2002.0,RFn,3.0,857.0,TA,TA,Y,150,59,0,0,0,0,,,,0,7,2008,WD ,Normal,271000,160.44997039668442,high,153.4970238095238,5,0,6,6,3257.0,3.0,40
1565,1566,914467050,60,RL,,11050,Pave,,Reg,Lvl,AllPub,Inside,Gtl,Mitchel,Norm,Norm,1Fam,2Story,7,5,1996,1997,Gable,CompShg,VinylSd,VinylSd,,0.0,TA,TA,PConc,Gd,TA,Mn,Unf,0.0,Unf,0.0,910.0,910.0,GasA,Ex,Y,SBrkr,910,910,0,1820,0.0,0.0,2,1,3,1,Gd,8,Typ,1,TA,Attchd,1996.0,Unf,3.0,816.0,TA,TA,Y,318,32,0,0,0,0,,,,0,9,2008,WD ,Normal,213000,117.03296703296704,high,153.4970238095238,5,1,12,11,2730.0,2.5,35
1566,1567,914475020,80,RL,76.0,9880,Pave,,Reg,Lvl,AllPub,Inside,Gtl,Mitchel,Norm,Norm,1Fam,SLvl,6,6,1977,1977,Gable,CompShg,Plywood,Plywood,,0.0,TA,TA,CBlock,TA,TA,Av,ALQ,522.0,Unf,0.0,574.0,1096.0,GasA,TA,Y,SBrkr,1118,0,0,1118,1.0,0.0,1,0,3,1,TA,6,Typ,1,Po,Attchd,1977.0,Fin,1.0,358.0,TA,TA,Y,203,0,0,0,0,576,Gd,GdPrv,,0,7,2008,WD ,Normal,171000,152.95169946332737,mid,134.98738435660218,17,0,31,31,2214.0,2.0,36
1567,1568,914476010,20,RL,75.0,10125,Pave,,Reg,Lvl,AllPub,Inside,Gtl,Mitchel,Norm,Norm,1Fam,1Story,6,6,1977,1977,Gable,CompShg,Plywood,Plywood,,0.0,TA,TA,CBlock,TA,TA,No,ALQ,641.0,LwQ,279.0,276.0,1196.0,GasA,TA,Y,SBrkr,1279,0,0,1279,0.0,1.0,2,0,3,1,TA,6,Typ,2,Fa,Detchd,1980.0,Unf,2.0,473.0,TA,TA,Y,238,83,0,0,0,0,,MnPrv,,0,2,2008,WD ,Normal,171500,134.08913213448005,mid,134.98738435660218,17,0,31,31,2475.0,2.5,36
1568,1569,914476080,90,RL,76.0,10260,Pave,,Reg,Lvl,AllPub,Inside,Gtl,Mitchel,Norm,Norm,Duplex,2Story,5,4,1976,1976,Gable,CompShg,Plywood,Plywood,,0.0,TA,TA,CBlock,,,,,0.0,,0.0,0.0,0.0,GasA,TA,Y,SBrkr,936,936,0,1872,0.0,0.0,2,2,4,2,TA,8,Typ,0,,Attchd,1976.0,Unf,2.0,484.0,TA,TA,Y,0,0,0,0,0,0,,,,0,11,2008,WD ,Abnorml,100000,53.41880341880342,mid,134.98738435660218,17,1,32,32,1872.0,3.0,20
1569,1570,914476450,20,RL,74.0,9990,Pave,,Reg,Lvl,AllPub,Inside,Gtl,Mitchel,Norm,Norm,1Fam,1Story,4,5,1991,1991,Gable,CompShg,HdBoard,HdBoard,,0.0,TA,TA,PConc,Gd,TA,No,ALQ,1383.0,Unf,0.0,297.0,1680.0,GasA,Gd,Y,SBrkr,1689,0,0,1689,1.0,0.0,2,0,3,1,TA,6,Typ,1,TA,Attchd,1991.0,Unf,2.0,432.0,TA,TA,Y,428,120,0,0,0,0,,,,0,7,2008,WD ,Normal,228500,135.28715216104203,mid,134.98738435660218,17,0,17,17,3369.0,3.0,20
1570,1571,916125425,190,RL,,164660,Grvl,,IR1,HLS,AllPub,Corner,Sev,Timber,Norm,Norm,2fmCon,1.5Fin,5,6,1965,1965,Gable,CompShg,Plywood,Plywood,,0.0,TA,TA,CBlock,TA,TA,Gd,ALQ,1249.0,BLQ,147.0,103.0,1499.0,GasA,Ex,Y,SBrkr,1619,167,0,1786,2.0,0.0,2,0,3,1,TA,7,Typ,2,Gd,Attchd,1965.0,Fin,2.0,529.0,TA,TA,Y,670,0,0,0,0,0,,,Shed,700,8,2008,WD ,Normal,228950,128.19148936170214,mid,118.02171527935909,8,0,43,43,3285.0,4.0,30
1571,1572,916226030,120,RL,42.0,4084,Pave,,IR1,Lvl,AllPub,Inside,Gtl,Timber,Norm,Norm,TwnhsE,1Story,7,6,1986,1986,Gable,CompShg,VinylSd,VinylSd,BrkFace,340.0,Gd,TA,CBlock,Gd,TA,Av,GLQ,893.0,Unf,0.0,384.0,1277.0,GasA,Gd,Y,SBrkr,1501,0,0,1501,1.0,0.0,2,0,2,1,Gd,6,Typ,1,TA,Attchd,1986.0,Fin,2.0,512.0,TA,TA,Y,240,0,0,0,0,0,,,,0,7,2008,WD ,Normal,241500,160.8927381745503,high,161.1755357539418,10,0,22,22,2778.0,3.0,42
1572,1573,916325080,20,RL,,15498,Pave,,IR1,Lvl,AllPub,Corner,Gtl,Timber,Norm,Norm,1Fam,1Story,8,6,1976,1976,Hip,WdShake,Stone,HdBoard,,0.0,Gd,TA,CBlock,Gd,TA,Av,ALQ,1165.0,LwQ,400.0,0.0,1565.0,GasA,TA,Y,SBrkr,2898,0,0,2898,1.0,0.0,2,0,2,1,Gd,10,Typ,1,Gd,Attchd,1976.0,Fin,2.0,665.0,TA,TA,Y,0,72,174,0,0,0,,,,0,5,2008,COD,Abnorml,287000,99.03381642512078,high,161.1755357539418,10,1,32,32,4463.0,3.0,48
1573,1574,916380060,20,RL,74.0,11563,Pave,,IR1,HLS,AllPub,Inside,Gtl,Timber,Norm,Norm,1Fam,1Story,8,5,2006,2007,Hip,CompShg,VinylSd,VinylSd,Stone,258.0,Gd,TA,PConc,Ex,TA,Gd,GLQ,1036.0,Unf,0.0,482.0,1518.0,GasA,Ex,Y,SBrkr,1537,0,0,1537,1.0,0.0,2,0,3,1,Gd,8,Typ,0,,Attchd,2007.0,Fin,3.0,788.0,TA,TA,Y,0,26,0,0,0,0,,,,0,4,2008,WD ,Normal,294000,191.28171763175015,high,161.1755357539418,10,0,2,1,3055.0,3.0,40
1574,1575,916382120,20,RL,71.0,9520,Pave,,IR1,HLS,AllPub,Inside,Gtl,Timber,Norm,Norm,1Fam,1Story,8,5,2007,2008,Gable,CompShg,VinylSd,VinylSd,Stone,338.0,Gd,TA,PConc,Gd,TA,Gd,GLQ,1513.0,Unf,0.0,125.0,1638.0,GasA,Ex,Y,SBrkr,1646,0,0,1646,1.0,0.0,2,0,3,1,Gd,7,Typ,1,Gd,Attchd,2008.0,RFn,3.0,800.0,TA,TA,Y,192,44,0,0,0,0,,,,0,4,2008,New,Partial,293077,178.05407047387607,high,161.1755357539418,10,0,1,0,3284.0,3.0,40
1575,1576,916384100,60,RL,107.0,12852,Pave,,IR1,HLS,AllPub,Corner,Gtl,Timber,Norm,Norm,1Fam,2Story,8,5,2007,2007,Gable,CompShg,VinylSd,VinylSd,,0.0,Gd,TA,PConc,Gd,TA,Av,GLQ,770.0,Unf,0.0,150.0,920.0,GasA,Ex,Y,SBrkr,920,860,0,1780,1.0,0.0,2,1,3,1,Gd,6,Typ,1,Gd,Attchd,2007.0,Fin,2.0,612.0,TA,TA,Y,0,192,0,0,0,0,,,,0,1,2008,New,Partial,264966,148.85730337078652,high,161.1755357539418,10,0,1,1,2700.0,3.5,40
1576,1577,916386040,80,RL,73.0,9802,Pave,,Reg,Lvl,AllPub,Inside,Gtl,Timber,Norm,Norm,1Fam,SLvl,5,5,2006,2007,Gable,CompShg,VinylSd,VinylSd,,0.0,TA,TA,PConc,Gd,TA,No,Unf,0.0,Unf,0.0,352.0,352.0,GasA,Gd,Y,SBrkr,712,730,0,1442,0.0,0.0,2,1,3,1,TA,6,Typ,0,,BuiltIn,2007.0,Fin,2.0,400.0,TA,TA,Y,100,0,0,0,0,0,,,,0,4,2008,WD ,Normal,172500,119.625520110957,mid,118.02171527935909,8,0,2,1,1794.0,2.5,25
1577,1578,916386080,80,RL,73.0,9735,Pave,,Reg,Lvl,AllPub,Inside,Gtl,Timber,Norm,Norm,1Fam,SLvl,5,5,2006,2007,Gable,CompShg,VinylSd,VinylSd,,0.0,TA,TA,PConc,Gd,TA,No,Unf,0.0,Unf,0.0,384.0,384.0,GasA,Gd,Y,,754,640,0,1394,0.0,0.0,2,1,3,1,Gd,7,Typ,0,,BuiltIn,2007.0,Fin,2.0,400.0,TA,TA,Y,100,0,0,0,0,0,,,,0,5,2008,WD ,Normal,167500,120.15781922525107,mid,118.02171527935909,8,0,2,1,1778.0,2.5,25
1578,1579,916386180,60,RL,81.0,12018,Pave,,IR1,HLS,AllPub,Corner,Gtl,Timber,Norm,Norm,1Fam,2Story,7,5,2008,2008,Gable,CompShg,VinylSd,VinylSd,Stone,60.0,Gd,TA,PConc,Gd,TA,Av,Unf,0.0,Unf,0.0,796.0,796.0,GasA,Ex,Y,SBrkr,796,816,0,1612,0.0,0.0,2,1,3,1,Gd,6,Typ,0,,Attchd,2008.0,Fin,3.0,666.0,TA,TA,Y,0,64,0,0,0,0,,,,0,10,2008,New,Partial,218689,135.66315136476427,high,161.1755357539418,10,1,0,0,2408.0,2.5,35
1579,1580,916402015,20,RL,75.0,12890,Pave,,IR1,Lvl,AllPub,Inside,Gtl,Timber,Norm,Norm,1Fam,1Story,6,5,1989,1989,Gable,CompShg,Wd Sdng,Wd Sdng,BrkFace,128.0,TA,TA,CBlock,Gd,TA,No,Unf,0.0,Unf,0.0,1495.0,1495.0,GasA,Ex,Y,SBrkr,1495,0,0,1495,0.0,0.0,2,0,3,1,TA,8,Typ,1,TA,Attchd,1989.0,Unf,2.0,438.0,TA,TA,Y,252,0,192,0,0,0,,,,0,7,2008,WD ,Normal,150000,100.33444816053512,mid,118.02171527935909,8,1,19,19,2990.0,2.0,30
1580,1581,916402115,20,RL,47.0,12416,Pave,,IR1,Lvl,AllPub,Inside,Gtl,Timber,Norm,Norm,1Fam,1Story,6,5,1986,1986,Gable,CompShg,VinylSd,Plywood,Stone,132.0,TA,TA,CBlock,Gd,Fa,No,ALQ,1398.0,LwQ,208.0,0.0,1606.0,GasA,TA,Y,SBrkr,1651,0,0,1651,1.0,0.0,2,0,3,1,TA,7,Min2,1,TA,Attchd,1986.0,Fin,2.0,616.0,TA,TA,Y,192,0,0,0,0,0,,,,0,11,2008,WD ,Normal,184000,111.44760751059964,mid,118.02171527935909,8,0,22,22,3257.0,3.0,30
1581,1582,916402215,20,RL,93.0,18265,Pave,,Reg,Lvl,AllPub,Corner,Gtl,Timber,Norm,Norm,1Fam,1Story,6,5,1986,1986,Gable,CompShg,Plywood,HdBoard,BrkFace,228.0,Gd,Gd,CBlock,Gd,Gd,Av,GLQ,920.0,Rec,60.0,276.0,1256.0,GasA,Ex,Y,SBrkr,1256,0,0,1256,0.0,0.0,2,0,3,1,Gd,6,Typ,1,Fa,Attchd,1986.0,Unf,2.0,578.0,TA,TA,Y,282,0,0,0,0,0,,,,0,3,2008,WD ,Normal,180000,143.31210191082803,mid,118.02171527935909,8,0,22,22,2512.0,2.0,30
1582,1583,916403230,80,RL,85.0,10200,Pave,,Reg,Lvl,AllPub,Inside,Gtl,Timber,Norm,Norm,1Fam,SLvl,6,5,1988,1989,Gable,CompShg,HdBoard,HdBoard,BrkFace,219.0,Gd,TA,CBlock,Gd,TA,Av,GLQ,783.0,Unf,0.0,678.0,1461.0,GasA,Ex,Y,SBrkr,1509,0,0,1509,1.0,0.0,2,0,3,1,Gd,5,Typ,1,Fa,Attchd,1988.0,RFn,2.0,600.0,TA,TA,Y,224,0,0,0,0,0,,,,0,8,2008,WD ,Abnorml,175000,115.97084161696488,mid,118.02171527935909,8,0,20,19,2970.0,3.0,30
1583,1584,916455120,20,RL,82.0,11202,Pave,,IR1,Lvl,AllPub,Inside,Gtl,Timber,Norm,Norm,1Fam,1Story,8,5,2003,2003,Hip,CompShg,VinylSd,VinylSd,BrkFace,206.0,Gd,TA,PConc,Ex,TA,Av,GLQ,1029.0,Unf,0.0,403.0,1432.0,GasA,Ex,Y,SBrkr,1440,0,0,1440,1.0,0.0,2,0,3,1,Gd,7,Typ,1,TA,Attchd,2003.0,Fin,2.0,467.0,TA,TA,Y,185,95,0,0,0,0,,,,0,6,2008,WD ,Normal,232500,161.45833333333334,high,161.1755357539418,10,0,5,5,2872.0,3.0,40
1584,1585,916460060,20,RL,,7915,Pave,,IR1,Lvl,AllPub,Inside,Gtl,Timber,Norm,Norm,1Fam,1Story,6,5,1999,2000,Hip,CompShg,VinylSd,VinylSd,,0.0,Gd,TA,PConc,Ex,TA,Mn,GLQ,1223.0,Unf,0.0,443.0,1666.0,GasA,Ex,Y,SBrkr,1675,0,0,1675,1.0,0.0,2,0,3,1,Gd,6,Typ,0,,Attchd,1999.0,RFn,2.0,435.0,TA,TA,Y,165,52,0,0,0,0,,,,0,12,2008,WD ,Normal,195000,116.41791044776119,mid,118.02171527935909,8,0,9,8,3341.0,3.0,30
1585,1586,916477020,60,RL,85.0,12244,Pave,,Reg,Lvl,AllPub,Inside,Gtl,Timber,Norm,Norm,1Fam,2Story,8,5,2003,2003,Hip,CompShg,VinylSd,VinylSd,Stone,226.0,Gd,TA,PConc,Gd,TA,Gd,GLQ,871.0,Unf,0.0,611.0,1482.0,GasA,Ex,Y,SBrkr,1482,780,0,2262,1.0,0.0,2,1,4,1,Gd,10,Typ,2,Gd,Attchd,2003.0,Fin,3.0,749.0,TA,TA,Y,168,0,0,0,0,0,,,,0,8,2008,WD ,Normal,305000,134.83642793987622,high,161.1755357539418,10,1,5,5,3744.0,3.5,40
1586,1587,921126030,20,RL,79.0,11449,Pave,,IR1,HLS,AllPub,Inside,Gtl,Timber,Norm,Norm,1Fam,1Story,8,5,2007,2007,Gable,CompShg,VinylSd,VinylSd,,0.0,Gd,TA,PConc,Gd,TA,Av,GLQ,1011.0,Unf,0.0,873.0,1884.0,GasA,Ex,Y,SBrkr,1728,0,0,1728,1.0,0.0,2,0,3,1,Gd,7,Typ,1,Gd,Attchd,2007.0,Fin,2.0,520.0,TA,TA,Y,0,276,0,0,0,0,,,,0,1,2008,WD ,Normal,298751,172.8883101851852,high,161.1755357539418,10,0,1,1,3612.0,3.0,40
1587,1588,921201060,20,RL,85.0,11447,Pave,,IR1,Lvl,AllPub,Inside,Gtl,Timber,Norm,Norm,1Fam,1Story,8,5,2005,2006,Gable,CompShg,VinylSd,VinylSd,BrkFace,674.0,Gd,TA,PConc,Ex,TA,Av,GLQ,1571.0,Unf,0.0,393.0,1964.0,GasA,Ex,Y,SBrkr,1964,0,0,1964,1.0,0.0,2,1,3,1,Gd,7,Typ,1,Gd,Attchd,2005.0,Fin,3.0,892.0,TA,TA,Y,0,265,0,0,0,0,,,,0,6,2008,WD ,Normal,370000,188.3910386965377,high,161.1755357539418,10,0,3,2,3928.0,3.5,40
1588,1589,923202005,90,RM,97.0,8940,Pave,,IR1,Lvl,AllPub,Corner,Gtl,Mitchel,Norm,Norm,Duplex,SFoyer,7,5,1997,1998,Gable,CompShg,VinylSd,VinylSd,BrkFace,200.0,TA,Gd,PConc,Gd,Gd,Gd,GLQ,1309.0,Unf,0.0,35.0,1344.0,GasA,Ex,Y,SBrkr,1344,0,0,1344,2.0,0.0,2,0,2,2,TA,8,Typ,0,,Attchd,1997.0,Fin,4.0,784.0,TA,TA,Y,0,0,0,0,0,0,,,,0,11,2008,WD ,Alloca,209200,155.6547619047619,high,153.4970238095238,5,0,11,10,2688.0,4.0,35
1589,1590,923202015,90,RM,78.0,7060,Pave,,Reg,Lvl,AllPub,Inside,Gtl,Mitchel,Norm,Norm,Duplex,SFoyer,7,5,1997,1998,Gable,CompShg,VinylSd,VinylSd,BrkFace,200.0,TA,Gd,PConc,Gd,Gd,Gd,GLQ,1309.0,Unf,0.0,35.0,1344.0,GasA,Ex,Y,SBrkr,1344,0,0,1344,2.0,0.0,2,0,2,2,TA,8,Typ,0,,Attchd,1997.0,Fin,4.0,784.0,TA,TA,Y,0,0,0,0,0,0,,,,0,11,2008,WD ,Alloca,206300,153.4970238095238,high,153.4970238095238,5,0,11,10,2688.0,4.0,35
1590,1591,923202137,20,RL,77.0,9278,Pave,,Reg,Lvl,AllPub,FR2,Gtl,Mitchel,Feedr,Artery,1Fam,1Story,5,5,2007,2008,Gable,CompShg,VinylSd,VinylSd,,0.0,TA,TA,PConc,Gd,TA,No,Unf,0.0,Unf,0.0,1092.0,1092.0,GasA,Ex,Y,SBrkr,1092,0,0,1092,0.0,0.0,1,0,2,1,TA,5,Typ,0,,,,,0.0,0.0,,,Y,0,52,0,0,0,0,,,,0,2,2008,WD ,Abnorml,146000,133.6996336996337,mid,134.98738435660218,17,0,1,0,2184.0,1.0,25
1591,1592,923203140,120,RM,32.0,4500,Pave,,Reg,Lvl,AllPub,FR2,Gtl,Mitchel,Norm,Norm,TwnhsE,1Story,6,5,1997,1997,Hip,CompShg,VinylSd,VinylSd,BrkFace,197.0,TA,TA,PConc,Ex,TA,No,GLQ,864.0,Unf,0.0,325.0,1189.0,GasA,Ex,Y,SBrkr,1189,0,0,1189,1.0,0.0,2,0,2,1,TA,4,Typ,0,,Attchd,1997.0,RFn,2.0,392.0,TA,TA,Y,0,122,0,0,0,0,,,,0,4,2008,WD ,Normal,160500,134.98738435660218,mid,134.98738435660218,17,0,11,11,2378.0,3.0,30
1592,1593,923204040,85,RL,150.0,14137,Pave,,Reg,Lvl,AllPub,Corner,Gtl,Mitchel,Norm,Norm,1Fam,SFoyer,4,5,1964,1964,Gable,CompShg,HdBoard,HdBoard,BrkFace,98.0,TA,TA,CBlock,Gd,TA,Av,ALQ,865.0,LwQ,247.0,88.0,1200.0,GasA,Gd,Y,SBrkr,1200,0,0,1200,1.0,0.0,1,0,3,1,TA,6,Typ,0,,2Types,1964.0,Fin,3.0,850.0,TA,TA,Y,0,119,0,0,171,0,,,,0,11,2008,ConLD,Normal,173000,144.16666666666666,mid,134.98738435660218,17,0,44,44,2400.0,2.0,20
1593,1594,923225080,120,RM,,4224,Pave,,Reg,Lvl,AllPub,Inside,Gtl,MeadowV,Norm,Norm,TwnhsE,1Story,5,6,1975,1975,Gable,CompShg,CemntBd,CmentBd,,0.0,TA,TA,PConc,Gd,TA,No,GLQ,769.0,Unf,0.0,271.0,1040.0,GasA,Gd,Y,SBrkr,1040,0,0,1040,0.0,0.0,1,0,3,1,TA,6,Typ,0,,Attchd,1975.0,Unf,2.0,499.0,TA,TA,Y,0,100,0,0,0,0,,,,0,6,2008,WD ,Normal,124000,119.23076923076923,mid,96.05263157894737,7,0,33,33,2080.0,1.0,30
1594,1595,923225150,160,RM,,2665,Pave,,Reg,Lvl,AllPub,Inside,Gtl,MeadowV,Norm,Norm,TwnhsE,2Story,5,6,1976,1976,Gable,CompShg,CemntBd,CmentBd,,0.0,TA,TA,PConc,Gd,TA,Mn,Unf,0.0,Unf,0.0,264.0,264.0,GasA,TA,Y,SBrkr,616,688,0,1304,0.0,0.0,1,1,3,1,TA,4,Typ,1,Gd,BuiltIn,1976.0,Fin,1.0,336.0,TA,TA,Y,141,24,0,0,0,0,,,,0,6,2008,WD ,Normal,115000,88.19018404907976,mid,96.05263157894737,7,0,32,32,1568.0,1.5,30
1595,1596,923225200,160,RM,41.0,2665,Pave,,Reg,Lvl,AllPub,Inside,Gtl,MeadowV,Norm,Norm,TwnhsE,2Story,5,7,1976,1976,Gable,CompShg,CemntBd,CmentBd,,0.0,TA,TA,PConc,Gd,TA,No,ALQ,318.0,Unf,0.0,232.0,550.0,GasA,TA,Y,SBrkr,925,550,0,1475,0.0,0.0,2,0,4,1,TA,6,Typ,1,TA,Attchd,1976.0,Unf,1.0,336.0,TA,TA,Y,92,26,0,0,0,0,,,,0,5,2008,WD ,Normal,129500,87.79661016949153,mid,96.05263157894737,7,0,32,32,2025.0,2.0,35
1596,1597,923225310,180,RM,21.0,1974,Pave,,Reg,Lvl,AllPub,Inside,Gtl,MeadowV,Norm,Norm,Twnhs,SFoyer,4,7,1973,2006,Gable,CompShg,CemntBd,CmentBd,,0.0,TA,Gd,CBlock,Gd,TA,Av,GLQ,501.0,Unf,0.0,25.0,526.0,GasA,Gd,Y,SBrkr,526,462,0,988,1.0,0.0,1,0,2,1,TA,5,Typ,0,,BuiltIn,1973.0,RFn,1.0,297.0,TA,TA,Y,120,101,0,0,0,0,,,,0,6,2008,WD ,Normal,105000,106.2753036437247,mid,96.05263157894737,7,0,35,2,1514.0,2.0,28
1597,1598,923225370,180,RM,21.0,1596,Pave,,Reg,Lvl,AllPub,Inside,Gtl,MeadowV,Norm,Norm,Twnhs,SLvl,4,6,1973,1973,Gable,CompShg,CemntBd,CmentBd,,0.0,TA,TA,CBlock,Gd,TA,Gd,GLQ,437.0,Unf,0.0,25.0,462.0,GasA,TA,Y,SBrkr,526,462,0,988,1.0,0.0,1,0,1,1,TA,4,Typ,1,Po,BuiltIn,1973.0,RFn,1.0,297.0,TA,TA,Y,0,101,0,120,0,0,,GdWo,,0,7,2008,WD ,Normal,94900,96.05263157894737,mid,96.05263157894737,7,0,35,35,1450.0,2.0,24
1598,1599,923227030,20,RL,,17979,Pave,,IR1,Lvl,AllPub,Corner,Gtl,Mitchel,Norm,Norm,1Fam,1Story,5,6,1968,1968,Gable,CompShg,Plywood,Plywood,,0.0,TA,Gd,CBlock,TA,TA,No,ALQ,785.0,Unf,0.0,328.0,1113.0,GasA,Ex,Y,SBrkr,1160,0,0,1160,1.0,0.0,1,0,3,1,Gd,6,Typ,0,,Attchd,1968.0,Unf,1.0,257.0,TA,TA,Y,81,0,0,0,0,0,,GdWo,Shed,500,2,2008,WD ,Normal,152500,131.4655172413793,mid,134.98738435660218,17,0,40,40,2273.0,2.0,30
1599,1600,923228080,160,RM,21.0,1477,Pave,,Reg,Lvl,AllPub,Inside,Gtl,MeadowV,Norm,Norm,Twnhs,2Story,6,9,1970,2007,Gable,CompShg,CemntBd,CmentBd,,0.0,TA,Gd,CBlock,TA,TA,No,GLQ,358.0,Unf,0.0,188.0,546.0,GasA,Ex,Y,SBrkr,546,546,0,1092,0.0,0.0,2,1,3,1,TA,6,Typ,0,,,,,0.0,0.0,,,Y,187,0,0,0,0,0,,,,0,3,2008,WD ,Normal,98000,89.74358974358974,mid,96.05263157894737,7,0,38,1,1638.0,2.5,54
1600,1601,923228420,180,RM,21.0,1890,Pave,,Reg,Lvl,AllPub,Inside,Gtl,MeadowV,Norm,Norm,Twnhs,SFoyer,4,7,1972,1972,Gable,CompShg,CemntBd,CmentBd,,0.0,TA,Gd,CBlock,Gd,TA,Av,ALQ,495.0,Unf,0.0,135.0,630.0,GasA,Gd,Y,SBrkr,630,0,0,630,1.0,0.0,1,0,1,1,TA,3,Typ,0,,,,,0.0,0.0,,,Y,88,0,0,0,0,0,,,,0,6,2008,WD ,Normal,81000,128.57142857142858,mid,96.05263157894737,7,0,36,36,1260.0,2.0,28
1601,1602,923250210,20,RL,100.0,21750,Pave,,Reg,HLS,AllPub,Inside,Mod,Mitchel,Artery,Norm,1Fam,1Story,5,5,1954,1954,Hip,CompShg,HdBoard,HdBoard,,0.0,TA,TA,CBlock,TA,TA,No,Unf,0.0,Unf,0.0,988.0,988.0,GasA,Ex,Y,FuseA,988,0,0,988,0.0,0.0,1,0,2,1,TA,4,Typ,0,,Attchd,1954.0,RFn,2.0,520.0,TA,TA,N,0,0,0,0,0,0,,,,0,2,2008,WD ,Normal,113000,114.37246963562752,mid,134.98738435660218,17,1,54,54,1976.0,1.0,25
1602,1603,923252100,20,RL,59.0,6490,Pave,,Reg,Lvl,AllPub,Inside,Gtl,Mitchel,Norm,Norm,1Fam,1Story,5,7,1983,1983,Gable,CompShg,VinylSd,VinylSd,,0.0,TA,Gd,CBlock,TA,TA,No,GLQ,534.0,Unf,0.0,282.0,816.0,GasA,Ex,Y,SBrkr,816,0,0,816,0.0,1.0,1,0,2,1,TA,4,Typ,0,,Attchd,1983.0,Unf,1.0,264.0,TA,TA,Y,315,0,0,0,0,0,,GdWo,,0,4,2008,WD ,Normal,128500,157.47549019607843,mid,134.98738435660218,17,0,25,25,1632.0,1.5,35
1603,1604,923275090,20,RL,37.0,6951,Pave,,IR1,Lvl,AllPub,CulDSac,Gtl,Mitchel,Norm,Norm,1Fam,1Story,5,5,1984,1985,Gable,CompShg,HdBoard,Plywood,,0.0,TA,TA,CBlock,TA,TA,No,ALQ,658.0,Unf,0.0,218.0,876.0,GasA,TA,Y,SBrkr,923,0,0,923,1.0,0.0,1,0,3,1,TA,5,Typ,0,,Attchd,1984.0,Unf,1.0,264.0,TA,TA,Y,362,0,0,0,0,0,,MnPrv,,0,10,2008,WD ,Normal,119500,129.4691224268689,mid,134.98738435660218,17,0,24,23,1799.0,2.0,25
1604,1605,923277030,20,RL,60.0,6600,Pave,,Reg,Lvl,AllPub,Inside,Gtl,Mitchel,Norm,Norm,1Fam,1Story,5,9,1982,2008,Gable,CompShg,VinylSd,VinylSd,,0.0,Gd,Gd,CBlock,TA,TA,No,ALQ,641.0,Unf,0.0,175.0,816.0,GasA,Ex,Y,SBrkr,816,0,0,816,0.0,1.0,1,0,3,1,Gd,5,Typ,1,Ex,Attchd,1982.0,Unf,1.0,264.0,TA,TA,Y,0,0,0,0,0,0,,MnPrv,,0,10,2008,WD ,Normal,130500,159.9264705882353,mid,134.98738435660218,17,0,26,0,1632.0,1.5,45
1605,1606,923277040,20,RL,60.0,6600,Pave,,Reg,Lvl,AllPub,Inside,Gtl,Mitchel,Norm,Norm,1Fam,1Story,5,8,1982,2003,Gable,CompShg,HdBoard,HdBoard,,0.0,TA,Gd,PConc,TA,Gd,No,GLQ,816.0,Unf,0.0,0.0,816.0,GasA,Ex,Y,SBrkr,816,0,0,816,1.0,0.0,1,0,2,1,TA,4,Typ,0,,Detchd,1985.0,Fin,2.0,816.0,TA,TA,Y,0,0,0,0,0,0,,,,0,6,2008,WD ,Normal,138000,169.11764705882354,mid,134.98738435660218,17,0,26,5,1632.0,2.0,40
1606,1607,923277080,20,RL,60.0,6600,Pave,,Reg,Lvl,AllPub,Inside,Gtl,Mitchel,Norm,Norm,1Fam,1Story,5,6,1982,2005,Gable,CompShg,HdBoard,Plywood,,0.0,TA,TA,CBlock,TA,TA,No,GLQ,638.0,Unf,0.0,207.0,845.0,GasA,Gd,Y,SBrkr,845,0,0,845,0.0,0.0,1,0,3,1,Gd,6,Typ,0,,Attchd,1982.0,Unf,1.0,264.0,TA,TA,Y,0,0,0,0,0,0,,,,0,7,2008,WD ,Normal,134500,159.1715976331361,mid,134.98738435660218,17,0,26,3,1690.0,1.0,30
1607,1608,923400040,50,RL,75.0,12508,Pave,,IR1,Lvl,AllPub,Inside,Gtl,Mitchel,Norm,Norm,1Fam,1.5Fin,6,7,1940,1985,Gable,CompShg,VinylSd,VinylSd,,0.0,TA,TA,CBlock,Gd,TA,Mn,ALQ,660.0,Unf,0.0,323.0,983.0,GasA,Ex,Y,SBrkr,983,767,0,1750,1.0,0.0,2,0,4,1,TA,7,Mod,0,,Attchd,1989.0,Unf,1.0,423.0,TA,TA,Y,245,0,156,0,0,0,,,Shed,1300,7,2008,WD ,Normal,160000,91.42857142857143,mid,134.98738435660218,17,1,68,23,2733.0,3.0,42
1608,1609,923426010,20,RL,74.0,12395,Pave,,Reg,Lvl,AllPub,Corner,Gtl,Mitchel,Norm,Norm,1Fam,1Story,5,6,1984,1984,Gable,CompShg,HdBoard,Plywood,,0.0,TA,TA,CBlock,TA,TA,No,ALQ,647.0,Unf,0.0,217.0,864.0,GasA,TA,Y,SBrkr,889,0,0,889,0.0,0.0,1,0,3,1,TA,6,Typ,0,,Attchd,1984.0,Unf,2.0,484.0,TA,TA,Y,0,0,0,0,0,0,,,,0,4,2008,WD ,Normal,137500,154.6681664791901,mid,134.98738435660218,17,0,24,24,1753.0,1.0,30
1609,1610,924100020,60,RL,,11075,Pave,,IR1,Lvl,AllPub,Inside,Mod,Mitchel,Norm,Norm,1Fam,2Story,5,4,1969,1969,Gable,CompShg,HdBoard,HdBoard,BrkFace,232.0,TA,TA,CBlock,TA,TA,Av,ALQ,562.0,LwQ,193.0,29.0,784.0,GasA,Ex,Y,SBrkr,1168,800,0,1968,0.0,1.0,2,1,4,1,TA,7,Min2,1,Po,Attchd,1969.0,RFn,2.0,530.0,TA,TA,Y,305,189,0,0,0,0,,MnPrv,Shed,400,9,2008,WD ,Normal,172000,87.39837398373983,mid,134.98738435660218,17,1,39,39,2752.0,3.0,20
1610,1611,1007100110,70,I (all),,56600,Pave,,IR1,Low,AllPub,Inside,Gtl,IDOTRR,Norm,Norm,1Fam,2.5Unf,5,1,1900,1950,Hip,CompShg,Wd Sdng,Wd Sdng,,0.0,TA,TA,BrkTil,TA,TA,No,Unf,0.0,Unf,0.0,686.0,686.0,GasA,Ex,Y,SBrkr,1150,686,0,1836,0.0,0.0,2,0,4,1,TA,7,Maj1,0,,Detchd,1900.0,Unf,1.0,288.0,TA,Fa,N,0,0,0,0,0,0,,,,0,1,2008,WD ,Normal,103000,56.10021786492375,mid,91.74311926605505,23,1,108,58,2522.0,2.0,5
1611,1612,526352080,20,RL,85.0,10667,Pave,,Reg,Lvl,AllPub,Inside,Gtl,NAmes,Norm,Norm,1Fam,1Story,6,6,1971,1971,Gable,CompShg,MetalSd,MetalSd,BrkFace,302.0,TA,TA,CBlock,TA,TA,No,BLQ,838.0,Unf,0.0,749.0,1587.0,GasA,TA,Y,SBrkr,1587,0,0,1587,0.0,0.0,2,0,3,1,TA,7,Typ,1,Gd,Attchd,1971.0,Unf,2.0,525.0,TA,TA,Y,0,44,0,0,0,0,,,,0,3,2007,WD ,Normal,167300,105.41902961562697,mid,120.90683731119566,98,1,36,36,3174.0,2.0,36
1612,1613,526352090,20,RL,85.0,10628,Pave,,Reg,Lvl,AllPub,Inside,Gtl,NAmes,Norm,Norm,1Fam,1Story,7,5,1970,1970,Flat,Tar&Grv,Plywood,Plywood,,0.0,TA,Gd,CBlock,TA,Gd,Gd,GLQ,778.0,Unf,0.0,499.0,1277.0,GasA,TA,Y,SBrkr,1277,0,0,1277,1.0,0.0,1,0,2,1,TA,5,Typ,1,Po,Attchd,1970.0,Unf,2.0,526.0,TA,TA,Y,0,0,0,0,176,0,,GdWo,,0,4,2007,WD ,Normal,167000,130.7752545027408,high,124.40838404327248,7,0,37,37,2554.0,2.0,35
1613,1614,526355170,20,RL,95.0,13651,Pave,,IR1,Lvl,AllPub,Inside,Gtl,NAmes,Norm,Norm,1Fam,1Story,7,6,1973,1973,Gable,CompShg,Plywood,Plywood,BrkFace,1115.0,TA,Gd,CBlock,Gd,TA,Gd,ALQ,1880.0,Unf,0.0,343.0,2223.0,GasA,Ex,Y,SBrkr,2223,0,0,2223,1.0,0.0,2,0,3,1,TA,8,Typ,2,Gd,Attchd,1973.0,Fin,2.0,516.0,TA,TA,Y,300,0,0,0,0,0,,,,0,2,2007,WD ,Normal,244000,109.76158344579397,high,124.40838404327248,7,1,34,34,4446.0,3.0,42
1614,1615,526355190,20,RL,95.0,15865,Pave,,IR1,Lvl,AllPub,Inside,Mod,NAmes,Norm,Norm,1Fam,1Story,8,6,1970,1970,Flat,Tar&Grv,Wd Sdng,Wd Sdng,,0.0,Gd,Gd,PConc,TA,Gd,Gd,ALQ,351.0,Rec,823.0,1043.0,2217.0,GasA,Ex,Y,SBrkr,2217,0,0,2217,1.0,0.0,2,0,4,1,Gd,8,Typ,1,TA,Attchd,1970.0,Unf,2.0,621.0,TA,TA,Y,81,207,0,0,224,0,,,,0,10,2007,WD ,Normal,268000,120.88407758231845,high,124.40838404327248,7,0,37,37,4434.0,3.0,48
1615,1616,527105140,60,RL,,12394,Pave,,IR1,Lvl,AllPub,Corner,Gtl,Gilbert,Norm,Norm,1Fam,2Story,7,5,2003,2003,Gable,CompShg,VinylSd,VinylSd,,0.0,Gd,TA,PConc,Gd,TA,Gd,Unf,0.0,Unf,0.0,847.0,847.0,GasA,Ex,Y,SBrkr,847,886,0,1733,0.0,0.0,2,1,3,1,Gd,7,Typ,1,Gd,BuiltIn,2003.0,Fin,2.0,433.0,TA,TA,Y,100,48,0,0,0,0,,,,0,10,2007,WD ,Family,225000,129.8326601269475,high,122.72727272727273,23,0,4,4,2580.0,2.5,35
1616,1617,527107040,60,RL,,10364,Pave,,IR1,Lvl,AllPub,Inside,Gtl,Gilbert,Norm,Norm,1Fam,2Story,6,5,1995,1996,Gable,CompShg,MetalSd,MetalSd,,0.0,TA,TA,PConc,Gd,TA,No,Unf,0.0,Unf,0.0,806.0,806.0,GasA,Gd,Y,SBrkr,806,766,0,1572,0.0,0.0,2,1,3,1,TA,7,Typ,1,TA,BuiltIn,1995.0,Fin,2.0,373.0,TA,TA,Y,0,40,0,0,0,0,,,,0,5,2007,WD ,Normal,168000,106.87022900763358,mid,110.8962653167273,22,0,12,11,2378.0,2.5,30
1617,1618,527110080,60,RL,,13869,Pave,,IR2,Lvl,AllPub,Corner,Gtl,Gilbert,Norm,Norm,1Fam,2Story,6,6,1997,1997,Gable,CompShg,VinylSd,VinylSd,,0.0,TA,TA,PConc,Gd,TA,Av,GLQ,182.0,Unf,0.0,612.0,794.0,GasA,Gd,Y,SBrkr,794,676,0,1470,0.0,1.0,2,0,3,1,TA,6,Typ,0,,Attchd,1997.0,Fin,2.0,388.0,TA,TA,Y,0,75,0,0,0,0,,,,0,7,2007,WD ,Normal,177000,120.40816326530613,mid,110.8962653167273,22,0,10,10,2264.0,2.5,36
1618,1619,527110120,60,RL,57.0,8773,Pave,,IR1,HLS,AllPub,Inside,Gtl,Gilbert,Norm,Norm,1Fam,2Story,6,5,1997,1997,Gable,CompShg,VinylSd,VinylSd,,0.0,TA,TA,PConc,Gd,TA,Av,Unf,0.0,Unf,0.0,916.0,916.0,GasA,Gd,Y,SBrkr,916,684,0,1600,0.0,0.0,2,1,3,1,TA,7,Typ,1,TA,Attchd,1997.0,Fin,2.0,460.0,TA,TA,Y,100,38,0,0,0,0,,,,0,8,2007,WD ,Normal,169000,105.625,mid,110.8962653167273,22,0,10,10,2516.0,2.5,30
1619,1620,527110130,80,RL,56.0,8872,Pave,,IR1,HLS,AllPub,Inside,Gtl,Gilbert,Norm,Norm,1Fam,SLvl,6,5,1997,1997,Gable,CompShg,VinylSd,VinylSd,,0.0,TA,TA,PConc,Gd,TA,No,Unf,0.0,Unf,0.0,384.0,384.0,GasA,Gd,Y,SBrkr,754,630,0,1384,0.0,0.0,2,1,3,1,TA,7,Typ,1,TA,BuiltIn,1997.0,Fin,2.0,390.0,TA,TA,Y,0,0,0,0,0,0,,,,0,3,2007,WD ,Normal,161500,116.6907514450867,mid,110.8962653167273,22,0,10,10,1768.0,2.5,30
1620,1621,527126030,120,RL,41.0,5330,Pave,,Reg,Lvl,AllPub,Inside,Gtl,StoneBr,Norm,Norm,TwnhsE,1Story,8,5,2000,2000,Gable,CompShg,CemntBd,CmentBd,,0.0,Gd,TA,PConc,Gd,TA,Av,GLQ,1196.0,Unf,0.0,298.0,1494.0,GasA,Ex,Y,SBrkr,1652,0,0,1652,1.0,0.0,2,0,2,1,Ex,6,Typ,0,,Attchd,2000.0,RFn,2.0,499.0,TA,TA,Y,96,48,0,0,0,0,,,,0,8,2007,WD ,Normal,251000,151.9370460048426,high,178.4279847433715,12,1,7,7,3146.0,3.0,40
1621,1622,527158090,80,RL,,10147,Pave,,IR1,Lvl,AllPub,CulDSac,Gtl,Gilbert,Norm,Norm,1Fam,SLvl,6,5,1994,1994,Gable,CompShg,HdBoard,HdBoard,BrkFace,32.0,TA,TA,PConc,Gd,TA,No,LwQ,186.0,Unf,0.0,206.0,392.0,GasA,Gd,Y,SBrkr,924,770,0,1694,0.0,0.0,2,1,3,1,TA,7,Typ,1,TA,BuiltIn,1994.0,Fin,2.0,398.0,TA,TA,Y,256,64,0,0,0,0,,MnPrv,,0,3,2007,WD ,Normal,160000,94.45100354191263,mid,110.8962653167273,22,1,13,13,2086.0,2.5,30
1622,1623,527161090,60,RL,,8637,Pave,,IR1,Lvl,AllPub,Inside,Gtl,Gilbert,Norm,Norm,1Fam,2Story,6,5,1999,2000,Gable,CompShg,VinylSd,VinylSd,,0.0,TA,TA,PConc,Gd,TA,No,ALQ,871.0,Unf,0.0,52.0,923.0,GasA,Gd,Y,SBrkr,947,767,0,1714,1.0,0.0,2,1,3,1,TA,7,Typ,1,TA,Attchd,2000.0,Fin,2.0,451.0,TA,TA,Y,256,48,0,0,0,0,,,,0,4,2007,WD ,Abnorml,180000,105.01750291715285,mid,110.8962653167273,22,0,8,7,2637.0,3.5,30
1623,1624,527162080,60,RL,63.0,7875,Pave,,Reg,Lvl,AllPub,Inside,Gtl,Gilbert,Norm,Norm,1Fam,2Story,7,5,1996,1996,Gable,CompShg,HdBoard,HdBoard,,0.0,Gd,TA,PConc,Gd,TA,No,Rec,414.0,Unf,0.0,277.0,691.0,GasA,Gd,Y,SBrkr,691,862,0,1553,0.0,0.0,2,1,3,1,Gd,6,Typ,0,,Attchd,1996.0,Fin,2.0,420.0,TA,TA,Y,0,44,0,0,0,0,,,,0,8,2007,WD ,Normal,178750,115.09980682549903,high,122.72727272727273,23,0,11,11,2244.0,2.5,35
1624,1625,527162090,20,RL,63.0,7875,Pave,,Reg,Lvl,AllPub,Inside,Gtl,Gilbert,Norm,Norm,1Fam,1Story,7,5,1995,1996,Gable,CompShg,HdBoard,HdBoard,BrkFace,38.0,TA,TA,PConc,Gd,Gd,No,Unf,0.0,Unf,0.0,1237.0,1237.0,GasA,Gd,Y,SBrkr,1253,0,0,1253,0.0,0.0,2,0,3,1,TA,6,Typ,1,TA,Attchd,1995.0,Fin,2.0,402.0,TA,TA,Y,220,21,0,0,0,0,,,,0,6,2007,WD ,Normal,176000,140.46288906624102,high,122.72727272727273,23,0,12,11,2490.0,2.0,35
1625,1626,527162140,60,RL,60.0,7500,Pave,,Reg,Lvl,AllPub,Inside,Gtl,Gilbert,Norm,Norm,1Fam,2Story,6,5,1999,2003,Gable,CompShg,VinylSd,VinylSd,,0.0,TA,TA,PConc,Gd,TA,No,Unf,0.0,Unf,0.0,938.0,938.0,GasA,Ex,Y,SBrkr,957,1342,0,2299,0.0,0.0,3,1,5,1,TA,7,Typ,1,TA,Attchd,1999.0,Fin,2.0,482.0,TA,TA,Y,188,30,0,0,0,0,,,,0,8,2007,WD ,Normal,204000,88.73423227490213,mid,110.8962653167273,22,1,8,4,3237.0,3.5,30
1626,1627,527163080,20,RL,,9556,Pave,,IR1,Lvl,AllPub,Corner,Gtl,Gilbert,Norm,Norm,1Fam,1Story,7,5,1992,1993,Gable,CompShg,HdBoard,HdBoard,BrkFace,52.0,TA,TA,PConc,Gd,TA,No,Unf,0.0,Unf,0.0,1168.0,1168.0,GasA,Gd,Y,SBrkr,1187,0,0,1187,0.0,0.0,2,0,3,1,Gd,6,Typ,0,,Attchd,1992.0,RFn,2.0,420.0,TA,TA,Y,0,21,0,0,0,0,,,,0,8,2007,WD ,Normal,160000,134.79359730412804,high,122.72727272727273,23,0,15,14,2355.0,2.0,35
1627,1628,527165020,80,RL,,10784,Pave,,IR1,Lvl,AllPub,FR2,Gtl,Gilbert,Norm,Norm,1Fam,SLvl,7,5,1991,1992,Gable,CompShg,HdBoard,HdBoard,BrkFace,76.0,Gd,TA,PConc,Gd,TA,No,Unf,0.0,Unf,0.0,384.0,384.0,GasA,Gd,Y,SBrkr,802,670,0,1472,0.0,0.0,2,1,3,1,Gd,7,Typ,1,TA,Attchd,1991.0,RFn,2.0,402.0,TA,TA,Y,164,0,0,0,0,0,,,,0,5,2007,WD ,Normal,160000,108.69565217391305,high,122.72727272727273,23,1,16,15,1856.0,2.5,35
1628,1629,527165100,80,RL,,9125,Pave,,IR1,Lvl,AllPub,Inside,Gtl,Gilbert,Norm,Norm,1Fam,SLvl,7,5,1992,1992,Gable,CompShg,HdBoard,HdBoard,BrkFace,170.0,TA,TA,PConc,Gd,TA,No,Unf,0.0,Unf,0.0,384.0,384.0,GasA,Gd,Y,SBrkr,812,670,0,1482,0.0,0.0,2,1,3,1,Gd,7,Typ,1,TA,Attchd,1992.0,Fin,2.0,392.0,TA,TA,Y,100,25,0,0,0,0,,,,0,7,2007,WD ,Normal,163900,110.59379217273954,high,122.72727272727273,23,0,15,15,1866.0,2.5,35
1629,1630,527165170,60,RL,,7655,Pave,,IR1,Lvl,AllPub,CulDSac,Gtl,Gilbert,Norm,Norm,1Fam,2Story,6,5,1993,1994,Gable,CompShg,HdBoard,HdBoard,,0.0,TA,TA,PConc,Gd,TA,No,Unf,0.0,Unf,0.0,903.0,903.0,GasA,Gd,Y,SBrkr,910,732,0,1642,0.0,0.0,2,1,3,1,TA,7,Typ,1,TA,Attchd,1993.0,RFn,2.0,392.0,TA,TA,Y,290,84,0,0,0,0,,,,0,7,2007,WD ,Normal,168000,102.3142509135201,mid,110.8962653167273,22,0,14,13,2545.0,2.5,30
1630,1631,527175130,20,RL,160.0,18160,Grvl,,Reg,Lvl,AllPub,Inside,Gtl,Gilbert,Norm,Norm,1Fam,1Story,6,6,1964,1964,Gable,CompShg,HdBoard,HdBoard,BrkCmn,138.0,TA,TA,CBlock,TA,TA,Av,BLQ,550.0,Unf,0.0,752.0,1302.0,GasA,Fa,Y,SBrkr,1128,0,0,1128,1.0,0.0,1,0,3,1,TA,6,Typ,1,TA,Attchd,1964.0,Unf,2.0,480.0,TA,TA,P,0,108,246,0,0,0,,MnPrv,,0,3,2007,WD ,Alloca,154204,136.70567375886526,mid,110.8962653167273,22,0,43,43,2430.0,2.0,36
1631,1632,527182040,120,RL,,3696,Pave,,Reg,Lvl,AllPub,Inside,Gtl,StoneBr,Norm,Norm,TwnhsE,1Story,8,5,1986,1986,Gable,CompShg,HdBoard,HdBoard,,0.0,Gd,TA,CBlock,Gd,TA,No,Unf,0.0,Unf,0.0,1074.0,1074.0,GasA,Ex,Y,SBrkr,1088,0,0,1088,0.0,0.0,1,1,2,1,Gd,5,Typ,0,,Attchd,1987.0,RFn,2.0,461.0,TA,TA,Y,0,74,137,0,0,0,,,,0,10,2007,WD ,Normal,170000,156.25,high,178.4279847433715,12,1,21,21,2162.0,1.5,40
1632,1633,527182170,160,RL,,5062,Pave,,IR1,Lvl,AllPub,CulDSac,Gtl,StoneBr,Norm,Norm,TwnhsE,2Story,7,5,1984,1984,Gable,CompShg,HdBoard,HdBoard,,0.0,Gd,TA,CBlock,Gd,TA,Mn,GLQ,828.0,LwQ,182.0,180.0,1190.0,GasA,Gd,Y,SBrkr,1190,900,0,2090,1.0,0.0,2,0,3,1,Gd,6,Min1,1,TA,Attchd,1984.0,Fin,2.0,577.0,TA,TA,Y,219,0,0,0,0,0,,,,0,9,2007,WD ,Normal,207500,99.2822966507177,high,178.4279847433715,12,1,23,23,3280.0,3.0,35
1633,1634,527184020,120,RL,38.0,4740,Pave,,IR1,Lvl,AllPub,Inside,Gtl,StoneBr,Norm,Norm,TwnhsE,1Story,8,5,1988,1988,Gable,CompShg,CemntBd,CmentBd,,0.0,Gd,TA,CBlock,Gd,TA,Gd,GLQ,248.0,Unf,0.0,918.0,1166.0,GasA,Gd,Y,SBrkr,1179,0,0,1179,1.0,0.0,2,0,2,1,TA,5,Typ,0,,Attchd,1988.0,RFn,2.0,480.0,TA,TA,Y,0,108,0,0,135,0,,,,0,10,2007,WD ,Normal,182000,154.36810856658184,high,178.4279847433715,12,1,19,19,2345.0,3.0,40
1634,1635,527184110,120,RL,35.0,5118,Pave,,IR1,HLS,AllPub,Inside,Gtl,StoneBr,Norm,Norm,TwnhsE,1Story,8,5,1990,1990,Gable,CompShg,CemntBd,CmentBd,,0.0,Gd,TA,PConc,Gd,TA,Gd,GLQ,926.0,Unf,0.0,386.0,1312.0,GasA,Gd,Y,SBrkr,1321,0,0,1321,1.0,0.0,1,0,1,1,Gd,4,Typ,1,TA,Attchd,1990.0,RFn,2.0,484.0,TA,TA,Y,0,64,140,0,0,0,,,,0,8,2007,WD ,Normal,212000,160.48448145344437,high,178.4279847433715,12,1,17,17,2633.0,2.0,40
1635,1636,527210060,20,RL,86.0,14157,Pave,,IR1,HLS,AllPub,Corner,Gtl,StoneBr,Norm,Norm,1Fam,1Story,9,5,2005,2006,Hip,CompShg,VinylSd,VinylSd,Stone,200.0,Gd,TA,PConc,Ex,TA,Gd,GLQ,1249.0,Unf,0.0,673.0,1922.0,GasA,Ex,Y,SBrkr,1922,0,0,1922,1.0,0.0,2,0,3,1,Gd,8,Typ,1,Gd,Attchd,2005.0,Fin,3.0,676.0,TA,TA,Y,178,51,0,0,0,0,,,,0,7,2007,WD ,Normal,377426,196.37148803329865,high,178.4279847433715,12,0,2,1,3844.0,3.0,45
1636,1637,527212060,60,RL,98.0,12328,Pave,,IR1,Lvl,AllPub,Inside,Gtl,StoneBr,Norm,Norm,1Fam,2Story,8,5,2005,2005,Hip,CompShg,VinylSd,VinylSd,Stone,146.0,Gd,TA,PConc,Ex,TA,Mn,GLQ,986.0,Unf,0.0,163.0,1149.0,GasA,Ex,Y,SBrkr,1164,1377,0,2541,1.0,0.0,3,1,4,1,Ex,10,Typ,1,Gd,BuiltIn,2005.0,Fin,3.0,729.0,TA,TA,Y,120,32,0,0,0,0,,,,0,7,2007,WD ,Normal,349265,137.45179063360882,high,178.4279847433715,12,1,2,2,3690.0,4.5,40
1637,1638,527216080,20,RL,52.0,51974,Pave,,IR1,Lvl,AllPub,CulDSac,Gtl,StoneBr,PosN,Norm,1Fam,1Story,9,5,2006,2007,Hip,CompShg,VinylSd,VinylSd,BrkFace,710.0,Ex,TA,PConc,Ex,TA,Av,GLQ,1101.0,Unf,0.0,1559.0,2660.0,GasA,Ex,Y,SBrkr,2338,0,0,2338,1.0,0.0,2,1,4,1,Gd,8,Typ,2,Gd,Attchd,2005.0,Fin,3.0,1110.0,Gd,TA,Y,0,135,0,0,322,0,,,,0,6,2007,New,Partial,591587,253.03122326775022,high,178.4279847433715,12,0,1,0,4998.0,3.5,45
1638,1639,527226040,190,RL,195.0,41600,Pave,,IR1,Lvl,AllPub,FR2,Gtl,Gilbert,Norm,Norm,2fmCon,1Story,5,5,1969,1990,Gable,CompShg,HdBoard,HdBoard,,0.0,TA,TA,CBlock,Gd,TA,Gd,ALQ,1047.0,Unf,0.0,53.0,1100.0,GasW,TA,Y,SBrkr,1424,0,0,1424,1.0,0.0,1,1,3,1,TA,7,Mod,0,,2Types,1969.0,Unf,3.0,828.0,TA,TA,N,144,0,0,0,0,0,,,,0,11,2007,WD ,Normal,155000,108.84831460674157,mid,110.8962653167273,22,0,38,17,2524.0,2.5,25
1639,1640,527252050,120,RL,61.0,8035,Pave,,IR1,HLS,AllPub,Inside,Gtl,StoneBr,Norm,Norm,TwnhsE,1Story,9,5,2006,2006,Gable,CompShg,MetalSd,MetalSd,BrkFace,165.0,Gd,TA,PConc,Ex,TA,Gd,GLQ,797.0,Unf,0.0,815.0,1612.0,GasA,Ex,Y,SBrkr,1612,0,0,1612,1.0,0.0,2,0,2,1,Ex,6,Typ,1,Gd,Attchd,2006.0,Fin,2.0,556.0,TA,TA,Y,0,164,0,0,0,0,,,,0,3,2007,WD ,Normal,319900,198.44913151364764,high,178.4279847433715,12,0,1,1,3224.0,3.0,45
1640,1641,527252070,20,RL,60.0,8089,Pave,,Reg,HLS,AllPub,Inside,Gtl,StoneBr,Norm,Norm,1Fam,1Story,8,6,2007,2007,Gable,CompShg,MetalSd,MetalSd,BrkFace,0.0,Gd,TA,PConc,Gd,TA,Av,GLQ,945.0,Unf,0.0,474.0,1419.0,GasA,Ex,Y,SBrkr,1419,0,0,1419,1.0,0.0,2,0,2,1,Gd,7,Typ,1,Gd,Attchd,2007.0,RFn,2.0,567.0,TA,TA,Y,140,0,0,0,0,0,,,,0,10,2007,New,Partial,392000,276.2508809020437,high,178.4279847433715,12,0,0,0,2838.0,3.0,48
1641,1642,527256030,20,RL,85.0,14082,Pave,,IR1,HLS,AllPub,Inside,Gtl,StoneBr,Norm,Norm,1Fam,1Story,8,5,2006,2006,Hip,CompShg,VinylSd,VinylSd,BrkFace,945.0,Gd,TA,PConc,Ex,Gd,Gd,GLQ,1558.0,Unf,0.0,662.0,2220.0,GasA,Ex,Y,SBrkr,2234,0,0,2234,1.0,0.0,1,1,1,1,Gd,7,Typ,1,Gd,Attchd,2006.0,RFn,2.0,724.0,TA,TA,Y,390,80,0,0,0,0,,,,0,1,2007,WD ,Normal,441929,197.819606087735,high,178.4279847433715,12,0,1,1,4454.0,2.5,40
1642,1643,527256040,20,RL,81.0,13870,Pave,,IR1,HLS,AllPub,Inside,Gtl,StoneBr,PosA,PosA,1Fam,1Story,10,5,2006,2007,Hip,CompShg,CemntBd,CmentBd,BrkFace,250.0,Ex,TA,PConc,Ex,TA,Gd,GLQ,1152.0,Unf,0.0,590.0,1742.0,GasA,Ex,Y,SBrkr,2042,0,0,2042,1.0,0.0,2,0,3,1,Ex,8,Typ,1,Gd,Attchd,2007.0,Fin,3.0,724.0,TA,TA,Y,240,52,0,0,174,0,,,,0,10,2007,New,Partial,455000,222.82076395690498,high,178.4279847433715,12,0,1,0,3784.0,3.0,50
1643,1644,527301080,20,RL,,12546,Pave,,IR1,Lvl,AllPub,Corner,Gtl,NWAmes,Norm,Norm,1Fam,1Story,6,7,1981,1981,Gable,CompShg,MetalSd,MetalSd,BrkFace,310.0,Gd,Gd,CBlock,Gd,TA,No,BLQ,678.0,Unf,0.0,762.0,1440.0,GasA,Ex,Y,SBrkr,1440,0,0,1440,0.0,0.0,2,0,3,1,Gd,7,Typ,1,TA,Attchd,1981.0,Fin,2.0,467.0,TA,TA,Y,0,0,99,0,0,0,,,,0,4,2007,WD ,Normal,182900,127.01388888888889,mid,124.52256944444444,19,0,26,26,2880.0,2.0,42
1644,1645,527301280,20,RL,,10960,Pave,,IR1,Lvl,AllPub,Inside,Gtl,NWAmes,Norm,Norm,1Fam,1Story,6,5,1984,1984,Hip,CompShg,HdBoard,HdBoard,,0.0,TA,TA,CBlock,Gd,TA,No,GLQ,256.0,Unf,0.0,1028.0,1284.0,GasA,TA,Y,SBrkr,1284,0,0,1284,1.0,0.0,2,0,3,1,TA,5,Typ,0,,Attchd,1984.0,Unf,2.0,480.0,TA,TA,Y,0,0,192,0,0,0,,,,0,4,2007,COD,Abnorml,174000,135.51401869158877,mid,124.52256944444444,19,0,23,23,2568.0,3.0,30
1645,1646,527302020,80,RL,78.0,12090,Pave,,Reg,Lvl,AllPub,Inside,Gtl,NWAmes,Norm,Norm,1Fam,SLvl,6,7,1984,2003,Hip,CompShg,VinylSd,VinylSd,BrkFace,74.0,TA,TA,CBlock,Gd,TA,No,Unf,0.0,Unf,0.0,585.0,585.0,GasA,Ex,Y,SBrkr,1140,728,0,1868,0.0,0.0,3,1,3,1,TA,7,Typ,1,TA,BuiltIn,1984.0,Fin,2.0,477.0,TA,TA,Y,268,112,0,0,147,0,,,,0,1,2007,WD ,Abnorml,178000,95.28907922912205,mid,124.52256944444444,19,1,23,4,2453.0,3.5,42
1646,1647,527302060,60,RL,78.0,12090,Pave,,Reg,Lvl,AllPub,Inside,Gtl,NWAmes,Norm,Norm,1Fam,2Story,7,7,1981,2003,Gable,CompShg,MetalSd,MetalSd,BrkFace,306.0,Gd,TA,CBlock,Gd,TA,No,ALQ,321.0,Unf,0.0,404.0,725.0,GasA,Ex,Y,SBrkr,725,754,0,1479,0.0,0.0,2,1,3,1,Gd,6,Typ,1,TA,Attchd,1981.0,RFn,2.0,484.0,TA,TA,Y,167,72,0,0,0,0,,,,0,3,2007,WD ,Normal,176000,118.99932386747803,high,118.25595984943538,11,0,26,4,2204.0,2.5,49
1647,1648,527302090,20,RL,93.0,12299,Pave,,Reg,Lvl,AllPub,Inside,Gtl,NWAmes,Norm,Norm,1Fam,1Story,7,6,1978,1985,Gable,CompShg,Plywood,Plywood,Stone,67.0,TA,TA,CBlock,Gd,TA,No,GLQ,1328.0,Unf,0.0,201.0,1529.0,GasA,TA,Y,SBrkr,1664,0,0,1664,1.0,0.0,2,0,3,1,Gd,7,Typ,1,TA,Attchd,1978.0,Fin,2.0,663.0,TA,TA,Y,0,0,0,0,0,0,,,,0,9,2007,WD ,Normal,213000,128.00480769230768,high,118.25595984943538,11,0,29,22,3193.0,3.0,42
1648,1649,527325090,60,RL,61.0,11339,Pave,,IR1,Lvl,AllPub,Inside,Gtl,NWAmes,PosA,Norm,1Fam,2Story,7,5,1979,1979,Hip,WdShake,HdBoard,Plywood,BrkFace,549.0,TA,TA,CBlock,Gd,TA,No,ALQ,758.0,Unf,0.0,22.0,780.0,GasA,TA,Y,SBrkr,1085,845,0,1930,1.0,0.0,2,1,4,1,Gd,9,Typ,1,TA,Attchd,1979.0,Fin,2.0,481.0,TA,TA,Y,192,72,0,0,0,0,,,,0,3,2007,WD ,Normal,192000,99.48186528497409,high,118.25595984943538,11,1,28,28,2710.0,3.5,35
1649,1650,527325110,60,RL,92.0,11952,Pave,,Reg,Lvl,AllPub,Inside,Gtl,NWAmes,PosA,Norm,1Fam,2Story,7,6,1977,1977,Mansard,WdShake,WdShing,Plywood,,0.0,TA,TA,CBlock,Gd,TA,No,Unf,0.0,Unf,0.0,808.0,808.0,GasA,TA,Y,SBrkr,1161,808,0,1969,0.0,0.0,2,1,3,1,TA,8,Typ,1,Gd,Attchd,1977.0,RFn,2.0,534.0,TA,TA,Y,0,0,0,0,276,0,,,,0,11,2007,WD ,Normal,190000,96.49568308786186,high,118.25595984943538,11,1,30,30,2777.0,2.5,42
1650,1651,527327050,60,RL,,12046,Pave,,IR1,Lvl,AllPub,Inside,Gtl,NWAmes,Norm,Norm,1Fam,2Story,6,6,1976,1976,Gable,CompShg,Plywood,Plywood,BrkFace,298.0,TA,TA,CBlock,TA,TA,No,LwQ,156.0,Unf,0.0,692.0,848.0,GasA,TA,Y,SBrkr,1118,912,0,2030,0.0,0.0,2,1,4,1,Gd,8,Typ,1,TA,Attchd,1976.0,Fin,2.0,551.0,TA,TA,Y,0,224,0,0,0,0,,,,0,6,2007,WD ,Normal,195000,96.05911330049261,mid,124.52256944444444,19,1,31,31,2878.0,2.5,36
1651,1652,527328020,80,RL,,10395,Pave,,IR1,Lvl,AllPub,FR2,Gtl,NWAmes,Norm,Norm,1Fam,SLvl,6,6,1978,1978,Gable,CompShg,HdBoard,HdBoard,BrkFace,233.0,TA,TA,CBlock,Gd,TA,Av,ALQ,605.0,Unf,0.0,427.0,1032.0,GasA,TA,Y,SBrkr,1032,0,0,1032,0.0,1.0,2,0,3,1,TA,6,Typ,1,TA,Attchd,1978.0,Unf,2.0,564.0,TA,TA,Y,0,0,0,0,0,0,,MnPrv,Shed,500,7,2007,WD ,Normal,148000,143.4108527131783,mid,124.52256944444444,19,0,29,29,2064.0,2.5,36
1652,1653,527328050,20,RL,79.0,11850,Pave,,Reg,Lvl,AllPub,FR2,Gtl,NWAmes,Norm,Norm,1Fam,1Story,6,6,1984,1984,Gable,CompShg,Plywood,Plywood,BrkFace,98.0,TA,TA,CBlock,Gd,TA,No,ALQ,781.0,Unf,0.0,372.0,1153.0,GasA,TA,Y,SBrkr,1177,0,0,1177,0.0,0.0,2,0,3,1,Gd,6,Typ,0,,Attchd,1984.0,Fin,2.0,495.0,TA,TA,Y,204,103,0,0,0,0,,MnPrv,,0,8,2007,WD ,Normal,151500,128.71707731520814,mid,124.52256944444444,19,0,23,23,2330.0,2.0,36
1653,1654,527353080,60,RL,80.0,11584,Pave,,Reg,Lvl,AllPub,Inside,Gtl,NWAmes,Norm,Norm,1Fam,SLvl,7,6,1979,1979,Hip,CompShg,HdBoard,HdBoard,BrkFace,96.0,TA,TA,CBlock,TA,TA,No,GLQ,315.0,Rec,110.0,114.0,539.0,GasA,TA,Y,SBrkr,1040,685,0,1725,0.0,0.0,2,1,3,1,TA,6,Typ,1,TA,Attchd,1979.0,RFn,2.0,550.0,TA,TA,Y,0,88,216,0,0,0,,,,0,11,2007,WD ,Normal,197000,114.20289855072464,high,118.25595984943538,11,0,28,28,2264.0,2.5,42
1654,1655,527354050,20,RL,80.0,10400,Pave,,Reg,Lvl,AllPub,Inside,Gtl,NWAmes,Norm,Norm,1Fam,1Story,6,5,1979,1999,Gable,CompShg,MetalSd,MetalSd,BrkFace,253.0,TA,TA,CBlock,Gd,TA,No,GLQ,903.0,Unf,0.0,356.0,1259.0,GasA,Ex,Y,SBrkr,1353,0,0,1353,1.0,0.0,2,0,2,1,TA,5,Typ,1,TA,Attchd,1979.0,RFn,2.0,478.0,TA,TA,Y,240,141,0,0,0,0,,,,0,8,2007,WD ,Normal,192350,142.16555801921655,mid,124.52256944444444,19,0,28,8,2612.0,3.0,30
1655,1656,527356050,60,RL,80.0,10793,Pave,,Reg,Lvl,AllPub,Inside,Gtl,NWAmes,RRAn,Norm,1Fam,2Story,5,5,1969,1969,Mansard,CompShg,WdShing,HdBoard,BrkFace,263.0,TA,TA,CBlock,TA,TA,No,Rec,493.0,BLQ,287.0,0.0,780.0,GasA,Ex,Y,SBrkr,780,840,0,1620,0.0,0.0,2,1,4,1,TA,7,Min1,0,,Attchd,1969.0,Fin,2.0,462.0,TA,TA,Y,208,0,0,0,0,0,,GdWo,,0,4,2007,WD ,Normal,152000,93.82716049382717,mid,124.52256944444444,19,1,38,38,2400.0,2.5,25
1656,1657,527357020,20,RL,128.0,13001,Pave,,IR1,Lvl,AllPub,Inside,Gtl,NWAmes,PosN,Norm,1Fam,1Story,6,5,1971,1971,Hip,CompShg,HdBoard,HdBoard,BrkFace,176.0,TA,TA,CBlock,TA,TA,Mn,ALQ,492.0,BLQ,121.0,1012.0,1625.0,GasA,TA,Y,SBrkr,1220,0,0,1220,0.0,1.0,2,0,2,1,TA,6,Typ,1,TA,Attchd,1971.0,Unf,2.0,944.0,TA,TA,Y,0,0,249,0,0,0,,,,0,9,2007,WD ,Normal,170000,139.34426229508196,mid,124.52256944444444,19,0,36,36,2845.0,2.5,30
1657,1658,527358060,20,RL,70.0,12243,Pave,,IR1,Lvl,AllPub,Inside,Gtl,NWAmes,Norm,Norm,1Fam,1Story,5,6,1971,1971,Gable,CompShg,Plywood,Plywood,,0.0,TA,TA,CBlock,Gd,TA,Av,ALQ,998.0,Unf,0.0,486.0,1484.0,GasA,Gd,Y,SBrkr,1484,0,0,1484,0.0,0.0,2,0,3,1,TA,7,Typ,1,TA,Attchd,1971.0,Unf,2.0,487.0,TA,TA,Y,224,0,0,0,180,0,,,,0,2,2007,WD ,Normal,175000,117.9245283018868,mid,124.52256944444444,19,0,36,36,2968.0,2.0,30
1658,1659,527359010,60,RL,90.0,11700,Pave,,Reg,Lvl,AllPub,Inside,Gtl,NWAmes,Norm,Norm,1Fam,2Story,6,6,1968,1968,Mansard,CompShg,HdBoard,AsphShn,BrkFace,365.0,Gd,TA,CBlock,TA,TA,No,ALQ,384.0,Rec,175.0,143.0,702.0,GasA,Gd,Y,SBrkr,1041,702,0,1743,0.0,1.0,1,2,3,1,TA,7,Typ,1,Gd,Attchd,1968.0,Unf,2.0,539.0,TA,TA,Y,224,0,0,0,0,0,,,,0,6,2007,WD ,Normal,175000,100.40160642570281,mid,124.52256944444444,19,1,39,39,2445.0,2.5,36
1659,1660,527359080,60,RL,,12384,Pave,,Reg,Lvl,AllPub,CulDSac,Gtl,NWAmes,Norm,Norm,1Fam,2Story,7,7,1976,1976,Gable,CompShg,Plywood,Plywood,BrkFace,233.0,TA,TA,CBlock,Gd,TA,No,Unf,0.0,Unf,0.0,793.0,793.0,GasA,TA,Y,SBrkr,1142,793,0,1935,0.0,0.0,2,1,3,1,TA,7,Typ,1,TA,Attchd,1976.0,RFn,2.0,550.0,TA,TA,Y,0,113,252,0,0,0,,,,0,11,2007,WD ,Normal,197900,102.27390180878552,high,118.25595984943538,11,1,31,31,2728.0,2.5,49
1660,1661,527359160,80,RL,64.0,8991,Pave,,IR1,Lvl,AllPub,CulDSac,Gtl,NWAmes,PosN,Norm,1Fam,SLvl,7,6,1976,1976,Gable,CompShg,Plywood,Plywood,Stone,130.0,TA,TA,CBlock,Gd,TA,Gd,GLQ,624.0,Rec,604.0,0.0,1228.0,GasA,TA,Y,SBrkr,1324,0,0,1324,0.0,1.0,2,0,3,1,Gd,5,Typ,1,Fa,Attchd,1976.0,Fin,2.0,585.0,TA,TA,Y,407,36,0,0,0,0,,,,0,2,2007,WD ,Normal,174000,131.4199395770393,high,118.25595984943538,11,0,31,31,2552.0,2.5,42
1661,1662,527377110,60,RL,80.0,8000,Pave,,Reg,Lvl,AllPub,Inside,Gtl,NWAmes,PosN,Norm,1Fam,2Story,6,6,1974,1974,Gable,CompShg,HdBoard,HdBoard,,0.0,TA,TA,CBlock,TA,TA,No,ALQ,931.0,LwQ,153.0,0.0,1084.0,GasA,TA,Y,SBrkr,1084,793,0,1877,1.0,0.0,2,1,4,1,TA,8,Typ,1,TA,Attchd,1974.0,Unf,2.0,488.0,TA,TA,Y,0,96,0,0,0,0,,,,0,11,2007,WD ,Normal,178900,95.31166755460842,mid,124.52256944444444,19,1,33,33,2961.0,3.5,36
1662,1663,527402090,80,RL,70.0,10500,Pave,,Reg,Lvl,AllPub,FR2,Gtl,NAmes,Norm,Norm,1Fam,SLvl,5,7,1971,2005,Gambrel,CompShg,MetalSd,AsphShn,BrkFace,82.0,TA,TA,CBlock,TA,TA,Av,ALQ,349.0,Unf,0.0,23.0,372.0,GasA,TA,Y,SBrkr,576,533,0,1109,0.0,1.0,1,0,3,1,TA,5,Typ,0,,BuiltIn,1971.0,Unf,1.0,288.0,TA,TA,Y,35,0,0,0,0,0,,GdWo,,0,12,2007,WD ,Normal,139000,125.33814247069432,mid,120.90683731119566,98,0,36,2,1481.0,1.5,35
1663,1664,527402150,20,RL,,10530,Pave,,IR1,Lvl,AllPub,Corner,Gtl,NAmes,Norm,Norm,1Fam,1Story,6,5,1971,1971,Hip,CompShg,Plywood,Plywood,,0.0,TA,TA,CBlock,TA,TA,No,ALQ,282.0,LwQ,35.0,664.0,981.0,GasA,TA,Y,SBrkr,981,0,0,981,1.0,0.0,1,1,3,1,TA,5,Typ,0,,Detchd,1979.0,Unf,2.0,576.0,TA,TA,Y,0,312,40,0,0,0,,,,0,3,2007,WD ,Normal,143250,146.0244648318043,mid,120.90683731119566,98,0,36,36,1962.0,2.5,30
1664,1665,527402240,60,RL,,7472,Pave,,IR1,Lvl,AllPub,CulDSac,Gtl,NAmes,Norm,Norm,1Fam,2Story,7,9,1972,2004,Gable,CompShg,HdBoard,HdBoard,BrkFace,138.0,TA,TA,CBlock,TA,TA,No,ALQ,626.0,Unf,0.0,99.0,725.0,GasA,Gd,Y,SBrkr,725,754,0,1479,1.0,0.0,1,1,4,1,Gd,7,Typ,0,,Attchd,1972.0,Fin,2.0,484.0,TA,TA,Y,0,32,0,0,0,0,,,,0,6,2007,WD ,Normal,184000,124.40838404327248,high,124.40838404327248,7,0,35,3,2204.0,2.5,63
1665,1666,527403310,20,RL,63.0,9457,Pave,,Reg,Lvl,AllPub,Inside,Gtl,NAmes,Norm,Norm,1Fam,1Story,5,6,1970,1990,Gable,CompShg,MetalSd,MetalSd,,0.0,TA,TA,CBlock,TA,TA,No,ALQ,566.0,Unf,0.0,359.0,925.0,GasA,TA,Y,SBrkr,1422,0,0,1422,1.0,0.0,1,0,3,1,TA,7,Min2,0,,Detchd,1988.0,Unf,2.0,576.0,TA,TA,Y,252,0,0,0,0,0,,GdWo,,0,9,2007,WD ,Normal,155000,109.0014064697609,mid,120.90683731119566,98,0,37,17,2347.0,2.0,30
1666,1667,527404050,20,RL,66.0,7920,Pave,,Reg,Lvl,AllPub,Inside,Gtl,NAmes,Norm,Norm,1Fam,1Story,5,5,1970,2002,Gable,CompShg,HdBoard,HdBoard,BrkFace,32.0,TA,TA,CBlock,TA,TA,No,ALQ,81.0,GLQ,619.0,214.0,914.0,GasA,Ex,Y,SBrkr,914,0,0,914,0.0,0.0,1,0,3,1,Ex,5,Typ,0,,Attchd,1970.0,RFn,1.0,368.0,TA,Gd,Y,120,0,0,0,0,0,,,,0,10,2007,WD ,Normal,133000,145.51422319474835,mid,120.90683731119566,98,0,37,5,1828.0,1.0,25
1667,1668,527404100,20,RL,61.0,9758,Pave,,IR1,Lvl,AllPub,Inside,Gtl,NAmes,Norm,Norm,1Fam,1Story,5,5,1971,1971,Gable,CompShg,HdBoard,MetalSd,,0.0,TA,TA,CBlock,TA,TA,No,BLQ,412.0,LwQ,287.0,251.0,950.0,GasA,TA,Y,SBrkr,950,0,0,950,0.0,0.0,1,0,3,1,TA,5,Typ,0,,Detchd,1981.0,Unf,1.0,280.0,TA,TA,Y,0,0,0,0,0,0,,,,0,7,2007,WD ,Normal,119500,125.78947368421052,mid,120.90683731119566,98,0,36,36,1900.0,1.0,25
1668,1669,527404140,20,RL,70.0,8294,Pave,,Reg,Lvl,AllPub,Inside,Gtl,NAmes,Norm,Norm,1Fam,1Story,4,5,1971,1971,Gable,CompShg,MetalSd,MetalSd,,0.0,TA,TA,CBlock,TA,TA,No,Unf,0.0,Unf,0.0,858.0,858.0,GasA,TA,Y,SBrkr,872,0,0,872,0.0,0.0,1,0,3,1,TA,5,Typ,0,,Detchd,1974.0,Unf,4.0,480.0,TA,TA,Y,0,0,0,0,0,0,,GdWo,,0,6,2007,WD ,Normal,123000,141.05504587155963,mid,120.90683731119566,98,0,36,36,1730.0,1.0,20
1669,1670,527404150,20,RL,,7340,Pave,,IR1,Lvl,AllPub,Inside,Gtl,NAmes,Norm,Norm,1Fam,1Story,4,6,1971,1971,Gable,CompShg,HdBoard,HdBoard,,0.0,TA,TA,CBlock,TA,TA,No,ALQ,322.0,Unf,0.0,536.0,858.0,GasA,TA,Y,SBrkr,858,0,0,858,0.0,0.0,1,0,2,1,TA,4,Typ,0,,Detchd,1979.0,Unf,1.0,684.0,TA,TA,Y,0,0,0,0,0,0,,,,0,6,2007,WD ,Normal,110000,128.2051282051282,mid,120.90683731119566,98,0,36,36,1716.0,1.0,24
1670,1671,527425025,20,RL,,17199,Pave,,Reg,Lvl,AllPub,FR2,Gtl,NAmes,Norm,Norm,1Fam,1Story,4,7,1961,1961,Gable,CompShg,MetalSd,MetalSd,,0.0,TA,Gd,BrkTil,TA,TA,No,ALQ,314.0,Unf,0.0,600.0,914.0,GasA,Ex,Y,SBrkr,914,0,0,914,0.0,0.0,1,0,2,1,TA,4,Typ,0,,Basment,1961.0,Unf,1.0,270.0,Fa,TA,Y,140,0,0,0,0,0,,GdWo,,0,7,2007,WD ,Normal,128000,140.04376367614879,mid,120.90683731119566,98,0,46,46,1828.0,1.0,28
1671,1672,527425140,20,RL,60.0,9000,Pave,,Reg,Lvl,AllPub,FR2,Gtl,NAmes,Norm,Norm,1Fam,1Story,4,6,1971,1971,Gable,CompShg,HdBoard,HdBoard,,0.0,TA,TA,PConc,TA,TA,No,ALQ,616.0,Unf,0.0,248.0,864.0,GasA,TA,Y,SBrkr,864,0,0,864,0.0,0.0,1,0,3,1,TA,5,Typ,0,,Detchd,1974.0,Unf,2.0,528.0,TA,TA,Y,0,0,0,0,0,0,,GdWo,,0,5,2007,WD ,Normal,120500,139.46759259259258,mid,120.90683731119566,98,0,36,36,1728.0,1.0,24
1672,1673,527427090,120,RH,34.0,4058,Pave,,Reg,Lvl,AllPub,Inside,Gtl,NAmes,Norm,Norm,TwnhsE,SFoyer,7,5,1998,1998,Gable,CompShg,MetalSd,MetalSd,BrkFace,182.0,TA,TA,PConc,Gd,TA,Av,GLQ,584.0,LwQ,139.0,0.0,723.0,GasA,Ex,Y,SBrkr,767,0,0,767,1.0,0.0,1,0,1,1,TA,4,Typ,0,,Attchd,1998.0,Fin,1.0,367.0,TA,TA,Y,120,40,0,0,0,0,,,,0,6,2007,WD ,Normal,133000,173.40286831812256,high,124.40838404327248,7,0,9,9,1490.0,2.0,35
1673,1674,527427160,120,RH,33.0,4113,Pave,,IR1,Lvl,AllPub,Inside,Gtl,NAmes,Norm,Norm,TwnhsE,1Story,6,5,2001,2001,Gable,CompShg,MetalSd,MetalSd,,0.0,Gd,TA,PConc,Gd,TA,Mn,Unf,0.0,Unf,0.0,1337.0,1337.0,GasA,Ex,Y,SBrkr,1337,0,0,1337,0.0,0.0,2,0,2,1,Gd,5,Typ,1,TA,Attchd,2001.0,Fin,2.0,511.0,TA,TA,Y,136,68,0,0,0,0,,,,0,7,2007,WD ,Normal,155000,115.93118922961855,mid,120.90683731119566,98,0,6,6,2674.0,2.0,30
1674,1675,527427200,120,RH,26.0,10943,Pave,,IR2,Lvl,AllPub,FR2,Gtl,NAmes,Norm,Norm,TwnhsE,1Story,6,5,1997,1998,Gable,CompShg,MetalSd,MetalSd,,0.0,Gd,TA,PConc,Gd,TA,No,GLQ,930.0,Unf,0.0,475.0,1405.0,GasA,Ex,Y,SBrkr,1337,0,0,1337,1.0,0.0,2,0,2,1,Gd,5,Typ,1,TA,Attchd,1997.0,Fin,2.0,522.0,TA,TA,Y,0,68,0,0,0,0,,,,0,10,2007,WD ,Normal,177000,132.38593866866117,mid,120.90683731119566,98,0,10,9,2742.0,3.0,30
1675,1676,527450030,160,RM,21.0,2205,Pave,,Reg,Lvl,AllPub,Inside,Gtl,BrDale,Norm,Norm,Twnhs,2Story,6,6,1973,1973,Gable,CompShg,HdBoard,HdBoard,BrkFace,567.0,TA,TA,CBlock,TA,TA,No,ALQ,312.0,Unf,0.0,213.0,525.0,GasA,TA,Y,SBrkr,525,567,0,1092,0.0,0.0,1,1,3,1,TA,6,Typ,0,,Detchd,1973.0,Unf,1.0,264.0,TA,TA,Y,144,0,0,0,0,0,,,,0,2,2007,WD ,Normal,113500,103.93772893772893,mid,92.77504105090313,5,0,34,34,1617.0,1.5,36
1676,1677,527450150,160,RM,21.0,1890,Pave,,Reg,Lvl,AllPub,Inside,Gtl,BrDale,Norm,Norm,Twnhs,2Story,6,5,1973,1973,Gable,CompShg,HdBoard,HdBoard,BrkFace,285.0,TA,TA,CBlock,TA,TA,No,BLQ,356.0,Unf,0.0,316.0,672.0,GasA,TA,Y,SBrkr,672,546,0,1218,0.0,0.0,1,1,3,1,TA,7,Typ,0,,Detchd,1973.0,Unf,1.0,264.0,TA,TA,Y,144,28,0,0,0,0,,,,0,5,2007,WD ,Normal,113000,92.77504105090313,mid,92.77504105090313,5,0,34,34,1890.0,1.5,30
1677,1678,527450220,160,RM,21.0,2058,Pave,,Reg,Lvl,AllPub,Inside,Gtl,BrDale,Norm,Norm,Twnhs,2Story,6,5,1973,1973,Gable,CompShg,HdBoard,HdBoard,BrkFace,265.0,TA,TA,CBlock,TA,TA,No,Unf,0.0,Unf,0.0,672.0,672.0,GasA,Ex,Y,SBrkr,672,546,0,1218,0.0,0.0,1,1,4,1,Ex,7,Typ,0,,Detchd,1973.0,Unf,1.0,264.0,TA,TA,Y,0,28,0,0,0,0,,,,0,12,2007,WD ,Normal,113700,93.34975369458128,mid,92.77504105090313,5,0,34,34,1890.0,1.5,30
1678,1679,527451020,160,RM,24.0,2016,Pave,,Reg,Lvl,AllPub,Inside,Gtl,BrDale,Norm,Norm,TwnhsE,2Story,5,5,1970,1970,Gable,CompShg,HdBoard,HdBoard,BrkFace,304.0,TA,TA,CBlock,TA,TA,No,Unf,0.0,Unf,0.0,630.0,630.0,GasA,TA,Y,SBrkr,630,672,0,1302,0.0,0.0,2,1,3,1,TA,6,Typ,0,,Detchd,1970.0,Unf,2.0,440.0,TA,TA,Y,0,0,0,0,0,0,,,,0,4,2007,WD ,Normal,106000,81.41321044546851,mid,92.77504105090313,5,1,37,37,1932.0,2.5,25
1679,1680,527451170,160,RM,24.0,1920,Pave,,Reg,Lvl,AllPub,Inside,Gtl,BrDale,Norm,Norm,TwnhsE,2Story,5,5,1971,1971,Gable,CompShg,HdBoard,HdBoard,BrkFace,376.0,TA,TA,CBlock,TA,TA,No,ALQ,471.0,Unf,0.0,294.0,765.0,GasA,Ex,Y,SBrkr,765,600,0,1365,1.0,0.0,1,1,2,1,TA,6,Min1,0,,Detchd,1971.0,Unf,2.0,440.0,TA,TA,Y,240,36,0,0,0,0,,,,0,8,2007,WD ,Normal,122500,89.74358974358974,mid,92.77504105090313,5,0,36,36,2130.0,2.5,25
1680,1681,527452100,120,RL,,4928,Pave,,IR1,Lvl,AllPub,Inside,Gtl,NPkVill,Norm,Norm,TwnhsE,1Story,6,5,1976,1976,Gable,CompShg,Plywood,Plywood,,0.0,TA,TA,CBlock,Gd,TA,No,ALQ,120.0,Unf,0.0,958.0,1078.0,GasA,TA,Y,SBrkr,958,0,0,958,0.0,0.0,2,0,2,1,TA,5,Typ,1,TA,Attchd,1977.0,RFn,2.0,440.0,TA,TA,Y,0,205,0,0,0,0,,,,0,2,2007,WD ,Normal,128000,133.61169102296452,mid,116.8704449946864,2,0,31,31,2036.0,2.0,30
1681,1682,527453010,160,RL,24.0,2308,Pave,,Reg,Lvl,AllPub,Corner,Gtl,NPkVill,Norm,Norm,TwnhsE,2Story,6,6,1976,1976,Gable,CompShg,Plywood,Brk Cmn,,0.0,TA,TA,CBlock,Gd,TA,No,ALQ,556.0,Unf,0.0,248.0,804.0,GasA,TA,Y,SBrkr,804,744,0,1548,1.0,0.0,2,1,3,1,Gd,7,Typ,1,TA,Detchd,1976.0,Unf,2.0,440.0,TA,TA,Y,48,0,0,0,0,0,,,,0,7,2007,WD ,Normal,155000,100.12919896640827,mid,116.8704449946864,2,1,31,31,2352.0,3.5,36
1682,1683,527455030,120,RL,24.0,2304,Pave,,Reg,Lvl,AllPub,Inside,Gtl,NPkVill,Norm,Norm,Twnhs,1Story,7,7,1978,1978,Gable,CompShg,Plywood,Brk Cmn,,0.0,TA,TA,CBlock,Gd,TA,No,GLQ,632.0,Unf,6.0,423.0,1061.0,GasA,TA,Y,SBrkr,1055,0,0,1055,0.0,0.0,2,0,2,1,TA,4,Typ,0,,Attchd,1978.0,Unf,1.0,319.0,TA,TA,Y,108,32,0,0,0,0,,,,0,4,2007,WD ,Normal,142500,135.07109004739337,high,135.07109004739337,1,0,29,29,2116.0,2.0,49
1683,1684,527455250,20,RL,65.0,7150,Pave,,Reg,Lvl,AllPub,Inside,Gtl,NAmes,Norm,Norm,1Fam,1Story,5,6,1966,1966,Hip,CompShg,HdBoard,HdBoard,BrkFace,52.0,TA,TA,CBlock,TA,TA,No,BLQ,725.0,Unf,0.0,263.0,988.0,GasA,TA,Y,SBrkr,988,0,0,988,1.0,0.0,1,0,3,1,TA,5,Typ,0,,Detchd,1974.0,Unf,1.0,360.0,TA,TA,Y,0,0,0,0,0,0,,,,0,11,2007,WD ,Normal,129250,130.81983805668017,mid,120.90683731119566,98,0,41,41,1976.0,2.0,30
1684,1685,528102050,20,RL,96.0,12469,Pave,,Reg,Lvl,AllPub,FR2,Gtl,NridgHt,Norm,Norm,1Fam,1Story,9,5,2006,2007,Hip,CompShg,VinylSd,VinylSd,Stone,378.0,Ex,TA,PConc,Ex,TA,Gd,GLQ,1151.0,Unf,0.0,639.0,1790.0,GasA,Ex,Y,SBrkr,1816,0,0,1816,1.0,0.0,2,0,3,1,Ex,7,Typ,1,Gd,Attchd,2007.0,Fin,3.0,730.0,TA,TA,Y,186,36,0,0,0,0,,,,0,8,2007,New,Partial,356000,196.0352422907489,high,152.99877600979192,39,0,1,0,3606.0,3.0,45
1685,1686,528102090,20,RL,90.0,11694,Pave,,Reg,Lvl,AllPub,Inside,Gtl,NridgHt,Norm,Norm,1Fam,1Story,9,5,2007,2007,Hip,CompShg,CemntBd,CmentBd,BrkFace,452.0,Ex,TA,PConc,Ex,TA,Av,GLQ,48.0,Unf,0.0,1774.0,1822.0,GasA,Ex,Y,SBrkr,1828,0,0,1828,0.0,0.0,2,0,3,1,Gd,9,Typ,1,Gd,Attchd,2007.0,Unf,3.0,774.0,TA,TA,Y,0,108,0,0,260,0,,,,0,7,2007,New,Partial,314813,172.2171772428884,high,152.99877600979192,39,0,0,0,3650.0,2.0,45
1686,1687,528102100,20,RL,93.0,12030,Pave,,Reg,Lvl,AllPub,Inside,Gtl,NridgHt,Norm,Norm,1Fam,1Story,8,5,2007,2007,Hip,CompShg,VinylSd,VinylSd,BrkFace,254.0,Ex,TA,PConc,Ex,TA,No,Unf,0.0,Unf,0.0,1694.0,1694.0,GasA,Ex,Y,SBrkr,1694,0,0,1694,0.0,0.0,2,0,3,1,Gd,7,Typ,0,,Attchd,2007.0,Fin,3.0,818.0,TA,TA,Y,168,228,0,0,0,0,,,,0,12,2007,New,Partial,318000,187.72136953955135,high,152.99877600979192,39,0,0,0,3388.0,2.0,40
1687,1688,528102120,20,RL,91.0,11825,Pave,,Reg,Lvl,AllPub,Inside,Gtl,NridgHt,Norm,Norm,1Fam,1Story,8,5,2006,2007,Gable,CompShg,CemntBd,CmentBd,Stone,302.0,Gd,TA,PConc,Ex,TA,Mn,Unf,0.0,Unf,0.0,1694.0,1694.0,GasA,Ex,Y,SBrkr,1694,0,0,1694,0.0,0.0,2,0,3,1,Gd,7,Typ,1,Gd,Attchd,2006.0,RFn,3.0,856.0,TA,TA,Y,0,112,0,0,0,0,,,,0,6,2007,New,Partial,322400,190.31877213695395,high,152.99877600979192,39,0,1,0,3388.0,2.0,40
1688,1689,528102130,20,RL,93.0,12085,Pave,,Reg,Lvl,AllPub,Inside,Gtl,NridgHt,Norm,Norm,1Fam,1Story,8,5,2007,2007,Hip,CompShg,VinylSd,VinylSd,Stone,328.0,Gd,TA,PConc,Ex,TA,No,GLQ,1004.0,Unf,0.0,730.0,1734.0,GasA,Ex,Y,SBrkr,1734,0,0,1734,1.0,0.0,2,0,3,1,Ex,7,Typ,1,Gd,Attchd,2007.0,RFn,3.0,928.0,TA,TA,Y,0,0,0,0,0,0,,,,0,11,2007,New,Partial,318000,183.3910034602076,high,152.99877600979192,39,0,0,0,3468.0,3.0,40
1689,1690,528104010,20,RL,110.0,14333,Pave,,Reg,Lvl,AllPub,Corner,Gtl,NridgHt,Norm,Norm,1Fam,1Story,8,5,2007,2007,Gable,CompShg,VinylSd,VinylSd,,0.0,Gd,TA,PConc,Gd,TA,Gd,GLQ,1518.0,Unf,0.0,590.0,2108.0,GasA,Ex,Y,SBrkr,2122,0,0,2122,1.0,0.0,2,1,2,1,Gd,7,Typ,1,Ex,Attchd,2007.0,Fin,3.0,938.0,TA,TA,Y,130,142,0,0,0,0,,,,0,11,2007,New,Partial,345474,162.80584354382657,high,152.99877600979192,39,0,0,0,4230.0,3.5,40
1690,1691,528106040,20,RL,107.0,14450,Pave,,Reg,Lvl,AllPub,Inside,Gtl,NridgHt,Norm,Norm,1Fam,1Story,9,5,2006,2007,Gable,CompShg,CemntBd,CmentBd,BrkFace,315.0,Ex,TA,PConc,Ex,TA,Gd,Unf,0.0,Unf,0.0,2121.0,2121.0,GasA,Ex,Y,SBrkr,2121,0,0,2121,0.0,0.0,2,1,3,1,Ex,8,Typ,1,Ex,Attchd,2007.0,Fin,3.0,732.0,TA,TA,Y,124,98,0,0,142,0,,,,0,5,2007,New,Partial,415298,195.8029231494578,high,152.99877600979192,39,0,1,0,4242.0,2.5,45
1691,1692,528106050,60,RL,107.0,13641,Pave,,Reg,Lvl,AllPub,Inside,Gtl,NridgHt,Norm,Norm,1Fam,2Story,9,5,2007,2007,Hip,CompShg,CemntBd,CmentBd,BrkFace,456.0,Ex,TA,PConc,Ex,TA,Gd,GLQ,1304.0,Unf,0.0,630.0,1934.0,GasA,Ex,Y,SBrkr,1943,713,0,2656,1.0,0.0,2,1,3,1,Ex,8,Typ,1,Gd,Attchd,2007.0,RFn,3.0,1040.0,TA,TA,Y,268,58,0,0,0,0,,,,0,12,2007,New,Partial,492000,185.24096385542168,high,152.99877600979192,39,0,0,0,4590.0,3.5,45
1692,1693,528106060,60,RL,110.0,13440,Pave,,Reg,Lvl,AllPub,Inside,Gtl,NridgHt,Norm,Norm,1Fam,2Story,8,5,2006,2007,Hip,CompShg,VinylSd,VinylSd,BrkFace,190.0,Gd,TA,PConc,Ex,TA,No,Unf,0.0,Unf,0.0,1108.0,1108.0,GasA,Ex,Y,SBrkr,1148,1402,0,2550,0.0,0.0,2,1,4,1,Ex,11,Typ,1,Gd,BuiltIn,2006.0,Fin,3.0,670.0,TA,TA,Y,120,39,0,0,0,0,,,,0,3,2007,New,Partial,338931,132.91411764705882,high,152.99877600979192,39,1,1,0,3658.0,2.5,40
1693,1694,528106110,20,RL,105.0,15431,Pave,,Reg,Lvl,AllPub,Inside,Gtl,NridgHt,Norm,Norm,1Fam,1Story,10,5,2005,2006,Hip,CompShg,VinylSd,VinylSd,BrkFace,400.0,Ex,TA,PConc,Ex,TA,Gd,GLQ,1430.0,Unf,0.0,564.0,1994.0,GasA,Ex,Y,SBrkr,2046,0,0,2046,1.0,0.0,2,1,2,1,Ex,7,Typ,2,Gd,Attchd,2005.0,Fin,3.0,878.0,TA,TA,Y,188,65,0,0,175,0,,,,0,8,2007,WD ,Normal,450000,219.94134897360703,high,152.99877600979192,39,0,2,1,4040.0,3.5,50
1694,1695,528108160,60,RL,109.0,14154,Pave,,Reg,Lvl,AllPub,Corner,Gtl,NridgHt,Norm,Norm,1Fam,2Story,7,5,2006,2006,Gable,CompShg,VinylSd,VinylSd,BrkFace,350.0,Gd,TA,PConc,Ex,Gd,No,Unf,0.0,Unf,0.0,1063.0,1063.0,GasA,Ex,Y,SBrkr,1071,1101,0,2172,0.0,0.0,2,1,3,1,Gd,9,Typ,1,Gd,Attchd,2006.0,RFn,3.0,947.0,TA,TA,Y,192,62,0,0,0,0,,,,0,8,2007,New,Partial,280000,128.9134438305709,high,152.99877600979192,39,1,1,1,3235.0,2.5,35
1695,1696,528110040,20,RL,107.0,13891,Pave,,Reg,Lvl,AllPub,Inside,Gtl,NridgHt,Norm,Norm,1Fam,1Story,9,5,2007,2007,Hip,CompShg,VinylSd,VinylSd,Stone,456.0,Ex,TA,PConc,Ex,TA,Gd,GLQ,1812.0,Unf,0.0,740.0,2552.0,GasA,Ex,Y,SBrkr,2552,0,0,2552,1.0,0.0,2,0,3,1,Ex,8,Typ,2,Ex,Attchd,2007.0,Fin,3.0,932.0,TA,TA,Y,130,28,0,0,0,0,,,,0,10,2007,New,Partial,479069,187.72296238244513,high,152.99877600979192,39,0,0,0,5104.0,3.0,45
1696,1697,528110070,20,RL,110.0,14226,Pave,,Reg,Lvl,AllPub,Corner,Gtl,NridgHt,Norm,Norm,1Fam,1Story,8,5,2006,2006,Hip,CompShg,VinylSd,VinylSd,BrkFace,375.0,Gd,TA,PConc,Gd,TA,Av,Unf,0.0,Unf,0.0,1935.0,1935.0,GasA,Gd,Y,SBrkr,1973,0,0,1973,0.0,0.0,2,0,3,1,Gd,9,Typ,1,Gd,Attchd,2006.0,Fin,3.0,895.0,TA,TA,Y,315,45,0,0,0,0,,,,0,7,2007,New,Partial,395000,200.20273694880893,high,152.99877600979192,39,0,1,1,3908.0,2.0,40
1697,1698,528110100,60,RL,105.0,13693,Pave,,Reg,Lvl,AllPub,Inside,Gtl,NridgHt,Norm,Norm,1Fam,2Story,9,5,2006,2006,Hip,CompShg,VinylSd,VinylSd,BrkFace,772.0,Ex,TA,PConc,Gd,TA,Av,Unf,0.0,Unf,0.0,2153.0,2153.0,GasA,Ex,Y,SBrkr,2069,574,0,2643,0.0,0.0,2,1,3,1,Ex,9,Typ,1,Gd,BuiltIn,2006.0,Fin,3.0,694.0,TA,TA,Y,414,84,0,0,0,0,,,,0,3,2007,WD ,Normal,380000,143.77601210745365,high,152.99877600979192,39,0,1,1,4796.0,2.5,45
1698,1699,528112150,20,RL,98.0,11428,Pave,,IR1,Lvl,AllPub,Inside,Gtl,NridgHt,Norm,Norm,1Fam,1Story,8,5,2006,2006,Gable,CompShg,VinylSd,VinylSd,Stone,248.0,Gd,TA,PConc,Gd,TA,No,Unf,0.0,Unf,0.0,1626.0,1626.0,GasA,Ex,Y,SBrkr,1634,0,0,1634,0.0,0.0,2,0,3,1,Gd,7,Typ,1,Gd,Attchd,2006.0,RFn,3.0,866.0,TA,TA,Y,0,44,0,0,0,0,,,,0,5,2007,WD ,Normal,250000,152.99877600979192,high,152.99877600979192,39,0,1,1,3260.0,2.0,40
1699,1700,528114050,20,RL,110.0,14977,Pave,,IR1,Lvl,AllPub,Inside,Gtl,NridgHt,Norm,Norm,1Fam,1Story,8,5,2006,2007,Gable,CompShg,VinylSd,VinylSd,BrkFace,304.0,Gd,TA,PConc,Ex,TA,Gd,GLQ,1350.0,Unf,0.0,626.0,1976.0,GasA,Ex,Y,SBrkr,1976,0,0,1976,1.0,0.0,2,0,2,1,Gd,7,Typ,1,Ex,Attchd,2006.0,RFn,3.0,908.0,TA,TA,Y,250,63,0,0,0,0,,,,0,7,2007,New,Partial,440000,222.67206477732793,high,152.99877600979192,39,0,1,0,3952.0,3.0,40
1700,1701,528118040,60,RL,118.0,13654,Pave,,IR1,Lvl,AllPub,CulDSac,Gtl,NridgHt,Norm,Norm,1Fam,2Story,9,5,2005,2006,Gable,CompShg,MetalSd,MetalSd,BrkFace,365.0,Gd,TA,PConc,Ex,TA,Gd,Unf,0.0,Unf,0.0,1704.0,1704.0,GasA,Ex,Y,SBrkr,1722,1036,0,2758,0.0,0.0,2,1,4,1,Ex,9,Typ,1,Ex,BuiltIn,2005.0,Fin,3.0,814.0,TA,TA,Y,282,55,0,0,0,0,,,,0,5,2007,WD ,Normal,418000,151.5591007976795,high,152.99877600979192,39,0,2,1,4462.0,2.5,45
1701,1702,528118050,20,RL,59.0,17169,Pave,,IR2,Lvl,AllPub,CulDSac,Gtl,NridgHt,Norm,Norm,1Fam,1Story,10,5,2007,2007,Hip,CompShg,CemntBd,CmentBd,BrkFace,970.0,Ex,TA,PConc,Ex,TA,Av,GLQ,1684.0,Unf,0.0,636.0,2320.0,GasA,Ex,Y,SBrkr,2290,0,0,2290,2.0,0.0,2,1,2,1,Ex,7,Typ,1,Gd,Attchd,2007.0,Fin,3.0,1174.0,TA,TA,Y,192,30,0,0,0,0,,,,0,8,2007,New,Partial,500067,218.3698689956332,high,152.99877600979192,39,0,0,0,4610.0,4.5,50
1702,1703,528120010,60,RL,134.0,16659,Pave,,IR1,Lvl,AllPub,Corner,Gtl,NridgHt,Norm,Norm,1Fam,2Story,8,5,2007,2008,Gable,CompShg,VinylSd,VinylSd,,0.0,Gd,TA,PConc,Gd,TA,No,Unf,0.0,Unf,0.0,1582.0,1582.0,GasA,Ex,Y,SBrkr,1582,570,0,2152,0.0,0.0,2,1,3,1,Gd,7,Typ,1,Gd,Detchd,2007.0,Unf,2.0,728.0,TA,TA,Y,0,368,0,0,0,0,,,,0,6,2007,New,Partial,260116,120.87174721189591,high,152.99877600979192,39,1,0,-1,3734.0,2.5,40
1703,1704,528120150,60,RL,76.0,9591,Pave,,Reg,Lvl,AllPub,Inside,Gtl,NridgHt,Norm,Norm,1Fam,2Story,8,5,2004,2005,Gable,CompShg,VinylSd,VinylSd,BrkFace,344.0,Gd,TA,PConc,Ex,TA,Av,Unf,0.0,Unf,0.0,1143.0,1143.0,GasA,Ex,Y,SBrkr,1143,1330,0,2473,0.0,0.0,2,1,4,1,Gd,9,Typ,1,Gd,BuiltIn,2004.0,RFn,3.0,852.0,TA,TA,Y,192,151,0,0,0,0,,,,0,10,2007,WD ,Normal,317000,128.1843914274161,high,152.99877600979192,39,1,3,2,3616.0,2.5,40
1704,1705,528142050,60,RL,82.0,9709,Pave,,IR1,Lvl,AllPub,Inside,Gtl,NridgHt,Norm,Norm,1Fam,2Story,8,5,2007,2007,Gable,CompShg,VinylSd,VinylSd,Stone,120.0,Ex,TA,PConc,Ex,TA,Gd,GLQ,778.0,Unf,0.0,140.0,918.0,GasA,Ex,Y,SBrkr,958,1142,0,2100,1.0,0.0,2,1,3,1,Ex,8,Typ,2,Gd,BuiltIn,2007.0,Fin,3.0,786.0,TA,TA,Y,172,104,0,0,0,0,,,,0,9,2007,New,Partial,319500,152.14285714285714,high,152.99877600979192,39,0,0,0,3018.0,3.5,40
1705,1706,528144050,60,RL,86.0,10562,Pave,,Reg,Lvl,AllPub,Inside,Gtl,NridgHt,Norm,Norm,1Fam,2Story,8,5,2007,2007,Gable,CompShg,VinylSd,VinylSd,Stone,300.0,Gd,TA,PConc,Ex,TA,No,GLQ,1288.0,Unf,0.0,294.0,1582.0,GasA,Ex,Y,SBrkr,1610,551,0,2161,1.0,0.0,1,1,3,1,Ex,8,Typ,1,Gd,Attchd,2007.0,Fin,3.0,789.0,TA,TA,Y,178,120,0,0,0,0,,,,0,11,2007,New,Partial,325624,150.68209162424805,high,152.99877600979192,39,0,0,0,3743.0,2.5,40
1706,1707,528150040,20,RL,94.0,13615,Pave,,IR1,HLS,AllPub,Corner,Mod,NridgHt,Norm,Norm,1Fam,1Story,9,5,2006,2006,Hip,CompShg,MetalSd,MetalSd,Stone,510.0,Ex,TA,PConc,Ex,TA,Gd,Unf,0.0,Unf,0.0,1802.0,1802.0,GasA,Ex,Y,SBrkr,1802,0,0,1802,0.0,0.0,2,1,3,1,Ex,7,Typ,1,Gd,Attchd,2006.0,Fin,3.0,843.0,TA,TA,Y,158,105,0,0,0,0,,,,0,6,2007,WD ,Normal,372000,206.43729189789124,high,152.99877600979192,39,0,1,1,3604.0,2.5,45
1707,1708,528150110,60,RL,99.0,13069,Pave,,IR1,Lvl,AllPub,Inside,Gtl,NridgHt,Norm,Norm,1Fam,2Story,8,5,2004,2004,Gable,CompShg,VinylSd,VinylSd,BrkFace,502.0,Gd,TA,PConc,Gd,TA,Av,Unf,0.0,Unf,0.0,1706.0,1706.0,GasA,Ex,Y,SBrkr,1718,1238,0,2956,0.0,0.0,2,1,5,1,Ex,11,Typ,1,Ex,BuiltIn,2004.0,RFn,3.0,916.0,TA,TA,Y,194,50,0,0,0,0,,,,0,8,2007,WD ,Normal,342000,115.69688768606224,high,152.99877600979192,39,1,3,3,4662.0,2.5,40
1708,1709,528150120,60,RL,99.0,12099,Pave,,IR1,Lvl,AllPub,Inside,Gtl,NridgHt,Norm,Norm,1Fam,2Story,8,5,2004,2004,Gable,CompShg,VinylSd,VinylSd,BrkFace,388.0,Gd,TA,PConc,Ex,TA,Av,GLQ,970.0,Unf,0.0,166.0,1136.0,GasA,Ex,Y,SBrkr,1136,1332,0,2468,1.0,0.0,2,1,4,1,Gd,10,Typ,1,Gd,BuiltIn,2004.0,Fin,3.0,872.0,TA,TA,Y,184,154,0,0,0,0,,,,0,6,2007,WD ,Normal,354000,143.4359805510535,high,152.99877600979192,39,0,3,3,3604.0,3.5,40
1709,1710,528166150,60,RL,110.0,14277,Pave,,Reg,Lvl,AllPub,Inside,Gtl,NridgHt,Norm,Norm,1Fam,2Story,8,5,2003,2003,Gable,CompShg,VinylSd,VinylSd,BrkFace,280.0,Gd,TA,PConc,Ex,TA,Mn,GLQ,938.0,Unf,0.0,379.0,1317.0,GasA,Ex,Y,SBrkr,1217,1168,0,2385,1.0,0.0,2,1,3,1,Gd,7,Typ,1,Gd,Attchd,2003.0,Fin,3.0,818.0,TA,TA,Y,192,228,0,0,0,0,,,,0,1,2007,WD ,Normal,350000,146.75052410901466,high,152.99877600979192,39,0,4,4,3702.0,3.5,40
1710,1711,528168040,60,RL,93.0,11999,Pave,,Reg,Lvl,AllPub,Inside,Gtl,NridgHt,Norm,Norm,1Fam,2Story,8,5,2003,2004,Hip,CompShg,VinylSd,VinylSd,BrkFace,340.0,Gd,TA,PConc,Gd,TA,No,Unf,0.0,Unf,0.0,1181.0,1181.0,GasA,Ex,Y,SBrkr,1234,1140,0,2374,0.0,0.0,2,1,4,1,Ex,10,Typ,1,Gd,BuiltIn,2003.0,Fin,3.0,656.0,TA,TA,Y,104,100,0,0,0,0,,,,0,5,2007,WD ,Normal,285000,120.05054759898904,high,152.99877600979192,39,1,4,3,3555.0,2.5,40
1711,1712,528172030,60,RL,,12568,Pave,,Reg,Lvl,AllPub,Inside,Gtl,NridgHt,Norm,Norm,1Fam,2Story,8,5,2007,2007,Hip,CompShg,VinylSd,VinylSd,Stone,246.0,Gd,TA,PConc,Ex,TA,Av,GLQ,669.0,Unf,0.0,226.0,895.0,GasA,Ex,Y,SBrkr,895,923,0,1818,1.0,0.0,2,1,3,1,Ex,8,Typ,1,Gd,Attchd,2007.0,Fin,3.0,774.0,TA,TA,Y,196,104,0,0,0,0,,,,0,8,2007,New,Partial,281500,154.84048404840485,high,152.99877600979192,39,0,0,0,2713.0,3.5,40
1712,1713,528172050,20,RL,70.0,9926,Pave,,IR1,Lvl,AllPub,Inside,Gtl,NridgHt,Norm,Norm,1Fam,1Story,7,5,2005,2006,Gable,CompShg,VinylSd,VinylSd,BrkFace,210.0,Gd,TA,PConc,Gd,TA,Mn,GLQ,1178.0,Unf,0.0,436.0,1614.0,GasA,Ex,Y,SBrkr,1614,0,0,1614,1.0,0.0,2,0,3,1,Gd,7,Typ,0,,Attchd,2005.0,RFn,3.0,878.0,TA,TA,Y,100,38,0,0,0,0,,,,0,5,2007,WD ,Normal,245700,152.23048327137548,high,152.99877600979192,39,0,2,1,3228.0,3.0,35
1713,1714,528172070,20,RL,71.0,9254,Pave,,IR1,Lvl,AllPub,Inside,Gtl,NridgHt,Norm,Norm,1Fam,1Story,8,5,2005,2005,Gable,CompShg,VinylSd,VinylSd,BrkFace,210.0,Gd,TA,PConc,Gd,TA,No,GLQ,119.0,Unf,0.0,1602.0,1721.0,GasA,Ex,Y,SBrkr,1721,0,0,1721,1.0,0.0,2,0,3,1,Gd,7,Typ,0,,Attchd,2005.0,RFn,2.0,554.0,TA,TA,Y,168,27,0,0,0,0,,,,0,1,2007,WD ,Normal,232698,135.21092388146425,high,152.99877600979192,39,1,2,2,3442.0,3.0,40
1714,1715,528172075,60,RL,92.0,10732,Pave,,IR1,Lvl,AllPub,Corner,Gtl,NridgHt,Norm,Norm,1Fam,2Story,8,5,2006,2007,Gable,CompShg,VinylSd,VinylSd,,0.0,Gd,TA,PConc,Gd,TA,No,Unf,0.0,Unf,0.0,1298.0,1298.0,GasA,Ex,Y,SBrkr,1298,530,0,1828,0.0,0.0,2,1,3,1,Gd,7,Typ,0,,BuiltIn,2006.0,RFn,3.0,876.0,TA,TA,Y,0,40,0,0,0,0,,,,0,2,2007,New,Partial,250000,136.76148796498907,high,152.99877600979192,39,1,1,0,3126.0,2.5,40
1715,1716,528174010,120,RL,61.0,7577,Pave,,IR1,Lvl,AllPub,Corner,Gtl,NridgHt,Norm,Norm,TwnhsE,1Story,6,5,2005,2006,Gable,CompShg,VinylSd,VinylSd,Stone,256.0,Gd,TA,PConc,Gd,TA,Av,ALQ,20.0,Unf,0.0,1342.0,1362.0,GasA,Ex,Y,SBrkr,1362,0,0,1362,0.0,0.0,2,0,2,1,Gd,6,Typ,1,Gd,Attchd,2005.0,RFn,2.0,460.0,TA,TA,Y,192,28,0,0,0,0,,,,0,6,2007,WD ,Normal,194700,142.95154185022025,mid,152.7961049419057,4,0,2,1,2724.0,2.0,30
1716,1717,528174020,120,RL,34.0,3901,Pave,,Reg,Lvl,AllPub,Inside,Gtl,NridgHt,Norm,Norm,Twnhs,1Story,6,5,2005,2006,Gable,CompShg,VinylSd,VinylSd,Stone,182.0,Gd,TA,PConc,Gd,TA,Av,ALQ,866.0,Unf,0.0,436.0,1302.0,GasA,Ex,Y,SBrkr,1302,0,0,1302,1.0,0.0,1,1,1,1,Gd,5,Typ,1,Gd,Attchd,2005.0,RFn,2.0,631.0,TA,TA,Y,110,50,0,0,0,0,,,,0,8,2007,New,Partial,204000,156.6820276497696,mid,152.7961049419057,4,0,2,1,2604.0,2.5,30
1717,1718,528174030,120,RL,34.0,3903,Pave,,Reg,Lvl,AllPub,Inside,Gtl,NridgHt,Norm,Norm,Twnhs,1Story,6,5,2005,2006,Gable,CompShg,VinylSd,VinylSd,Stone,182.0,Gd,TA,PConc,Gd,TA,Av,ALQ,1030.0,Unf,0.0,272.0,1302.0,GasA,Ex,Y,SBrkr,1302,0,0,1302,1.0,0.0,1,1,1,1,Gd,5,Typ,1,Gd,Attchd,2005.0,RFn,2.0,631.0,TA,TA,Y,110,50,0,0,0,0,,,,0,5,2007,WD ,Normal,200000,153.60983102918587,mid,152.7961049419057,4,0,2,1,2604.0,2.5,30
1718,1719,528174040,120,RL,41.0,6289,Pave,,IR1,Lvl,AllPub,Inside,Gtl,NridgHt,Norm,Norm,TwnhsE,1Story,6,5,2005,2006,Gable,CompShg,VinylSd,VinylSd,Stone,256.0,Gd,TA,PConc,Gd,TA,Av,ALQ,762.0,Unf,0.0,600.0,1362.0,GasA,Ex,Y,SBrkr,1362,0,0,1362,1.0,0.0,2,0,2,1,Gd,6,Typ,1,Gd,Attchd,2005.0,RFn,2.0,460.0,TA,TA,Y,192,28,0,0,0,0,,,,0,6,2007,WD ,Normal,207000,151.98237885462555,mid,152.7961049419057,4,0,2,1,2724.0,3.0,30
1719,1720,528181060,120,RL,34.0,4590,Pave,,Reg,Lvl,AllPub,Inside,Gtl,NridgHt,Norm,Norm,Twnhs,1Story,8,5,2006,2006,Gable,CompShg,VinylSd,VinylSd,Stone,108.0,Gd,TA,PConc,Gd,Gd,Mn,GLQ,24.0,Unf,0.0,1530.0,1554.0,GasA,Ex,Y,SBrkr,1554,0,0,1554,0.0,0.0,2,0,2,1,Gd,6,Typ,1,Gd,Attchd,2006.0,RFn,2.0,627.0,TA,TA,Y,156,73,0,0,0,0,,,,0,8,2007,WD ,Normal,209500,134.8133848133848,high,152.99877600979192,39,1,1,1,3108.0,2.0,40
1720,1721,528181070,120,RL,34.0,4590,Pave,,Reg,Lvl,AllPub,Inside,Gtl,NridgHt,Norm,Norm,Twnhs,1Story,8,5,2006,2006,Gable,CompShg,VinylSd,VinylSd,Stone,108.0,Gd,TA,PConc,Gd,Gd,Mn,GLQ,24.0,Unf,0.0,1530.0,1554.0,GasA,Ex,Y,SBrkr,1554,0,0,1554,0.0,0.0,2,0,2,1,Gd,6,Typ,1,Gd,Attchd,2006.0,RFn,2.0,627.0,TA,TA,Y,156,73,0,0,0,0,,,,0,5,2007,CWD,Normal,209500,134.8133848133848,high,152.99877600979192,39,1,1,1,3108.0,2.0,40
1721,1722,528181080,120,RL,44.0,6442,Pave,,IR1,Lvl,AllPub,Inside,Gtl,NridgHt,Norm,Norm,TwnhsE,1Story,8,5,2006,2006,Gable,CompShg,VinylSd,VinylSd,Stone,178.0,Gd,TA,PConc,Gd,Gd,Mn,GLQ,24.0,Unf,0.0,1346.0,1370.0,GasA,Ex,Y,SBrkr,1370,0,0,1370,0.0,0.0,2,0,2,1,Gd,6,Typ,1,Gd,Attchd,2006.0,RFn,2.0,484.0,TA,TA,Y,120,49,0,0,0,0,,,,0,10,2007,WD ,Normal,202500,147.8102189781022,high,152.99877600979192,39,0,1,1,2740.0,2.0,40
1722,1723,528186050,120,RL,48.0,7841,Pave,,IR1,Lvl,AllPub,Inside,Gtl,NridgHt,Norm,Norm,TwnhsE,1Story,9,5,2005,2005,Hip,CompShg,MetalSd,MetalSd,BrkFace,394.0,Ex,TA,PConc,Ex,TA,No,GLQ,848.0,Unf,0.0,729.0,1577.0,GasA,Ex,Y,SBrkr,1577,0,0,1577,1.0,0.0,2,0,2,1,Ex,6,Typ,1,Gd,Attchd,2005.0,RFn,2.0,564.0,TA,TA,Y,203,39,0,0,0,0,,,,0,5,2007,WD ,Normal,280000,177.55231452124286,high,152.99877600979192,39,0,2,2,3154.0,3.0,45
1723,1724,528186090,120,RL,60.0,7313,Pave,,Reg,Lvl,AllPub,Inside,Gtl,NridgHt,Norm,Norm,TwnhsE,1Story,9,5,2005,2005,Hip,CompShg,MetalSd,MetalSd,BrkFace,246.0,Ex,TA,PConc,Ex,TA,No,GLQ,1153.0,Unf,0.0,408.0,1561.0,GasA,Ex,Y,SBrkr,1561,0,0,1561,1.0,0.0,2,0,2,1,Ex,6,Typ,1,Gd,Attchd,2005.0,Fin,2.0,556.0,TA,TA,Y,203,47,0,0,0,0,,,,0,8,2007,WD ,Normal,277500,177.7706598334401,high,152.99877600979192,39,0,2,2,3122.0,3.0,45
1724,1725,528186120,120,RL,68.0,7820,Pave,,IR1,Lvl,AllPub,Inside,Gtl,NridgHt,Norm,Norm,TwnhsE,1Story,9,5,2007,2007,Hip,CompShg,MetalSd,MetalSd,BrkFace,362.0,Ex,TA,PConc,Ex,TA,No,Unf,0.0,Unf,0.0,1869.0,1869.0,GasA,Ex,Y,SBrkr,1869,0,0,1869,0.0,0.0,2,0,2,1,Ex,6,Typ,1,Gd,Attchd,2007.0,RFn,2.0,617.0,TA,TA,Y,210,54,0,0,0,0,,,,0,12,2007,New,Partial,318061,170.17710005350455,high,152.99877600979192,39,0,0,0,3738.0,2.0,45
1725,1726,528186190,120,RL,48.0,6240,Pave,,Reg,Lvl,AllPub,Inside,Gtl,NridgHt,Norm,Norm,TwnhsE,1Story,8,5,2006,2006,Hip,CompShg,MetalSd,MetalSd,BrkFace,176.0,Gd,TA,PConc,Gd,TA,No,GLQ,24.0,Unf,0.0,1300.0,1324.0,GasA,Ex,Y,SBrkr,1324,0,0,1324,0.0,0.0,2,0,2,1,Gd,6,Typ,1,Gd,Attchd,2006.0,Fin,2.0,550.0,TA,TA,Y,0,38,0,0,0,0,,,,0,9,2007,New,Partial,221370,167.1978851963746,high,152.99877600979192,39,0,1,1,2648.0,2.0,40
1726,1727,528188160,120,RL,48.0,3242,Pave,,Reg,Lvl,AllPub,Inside,Gtl,NridgHt,Norm,Norm,TwnhsE,1Story,7,5,2003,2003,Gable,CompShg,VinylSd,Wd Shng,Stone,235.0,Gd,TA,PConc,Gd,TA,No,GLQ,1000.0,Unf,0.0,405.0,1405.0,GasA,Ex,Y,SBrkr,1405,0,0,1405,1.0,0.0,2,0,2,1,Gd,6,Typ,1,Gd,Attchd,2003.0,RFn,2.0,478.0,TA,TA,Y,136,36,0,0,0,0,,,,0,3,2007,WD ,Normal,200000,142.34875444839858,high,152.99877600979192,39,0,4,4,2810.0,3.0,35
1727,1728,528218010,60,RL,59.0,15810,Pave,,IR1,Lvl,AllPub,Inside,Gtl,Gilbert,RRAn,Norm,1Fam,2Story,6,5,2007,2007,Gable,CompShg,VinylSd,VinylSd,,,Gd,TA,CBlock,Gd,TA,No,Unf,0.0,Unf,0.0,768.0,768.0,GasA,Ex,Y,SBrkr,768,728,0,1496,0.0,0.0,3,0,3,1,Gd,7,Typ,0,,Attchd,2007.0,Unf,2.0,572.0,TA,TA,Y,100,0,0,0,0,0,,,,0,5,2007,New,Partial,181755,121.49398395721926,mid,110.8962653167273,22,0,0,0,2264.0,3.0,30
1728,1729,528218020,60,RL,65.0,10237,Pave,,Reg,Lvl,AllPub,Inside,Gtl,Gilbert,RRAn,Norm,1Fam,2Story,6,5,2005,2006,Gable,CompShg,VinylSd,VinylSd,,0.0,Gd,TA,PConc,Gd,TA,No,Unf,0.0,Unf,0.0,768.0,768.0,GasA,Ex,Y,SBrkr,768,768,0,1536,0.0,0.0,2,1,3,1,Gd,6,Typ,1,Gd,Attchd,2005.0,Fin,2.0,400.0,TA,TA,Y,100,38,0,0,0,0,,,,0,6,2007,WD ,Normal,176000,114.58333333333333,mid,110.8962653167273,22,0,2,1,2304.0,2.5,30
1729,1730,528218050,60,RL,65.0,10237,Pave,,Reg,Lvl,AllPub,Inside,Gtl,Gilbert,RRAn,Norm,1Fam,2Story,6,5,2005,2007,Gable,CompShg,VinylSd,VinylSd,,0.0,Gd,TA,PConc,Gd,TA,No,Unf,0.0,Unf,0.0,783.0,783.0,GasA,Ex,Y,SBrkr,783,701,0,1484,0.0,0.0,2,1,3,1,Gd,8,Typ,1,Gd,Attchd,2005.0,Fin,2.0,393.0,TA,TA,Y,0,72,0,0,0,0,,,,0,7,2007,New,Partial,178900,120.55256064690028,mid,110.8962653167273,22,0,2,0,2267.0,2.5,30
1730,1731,528218100,60,RL,58.0,13204,Pave,,IR1,Lvl,AllPub,Inside,Gtl,Gilbert,RRAn,Norm,1Fam,2Story,7,5,2006,2007,Gable,CompShg,VinylSd,VinylSd,Stone,44.0,TA,TA,PConc,Gd,TA,No,Unf,0.0,Unf,0.0,608.0,608.0,GasA,Ex,Y,SBrkr,608,850,0,1458,0.0,0.0,2,0,3,1,Gd,6,Typ,0,,BuiltIn,2007.0,Fin,2.0,454.0,TA,TA,Y,100,33,0,0,0,0,,,,0,5,2007,New,Partial,168165,115.3395061728395,high,122.72727272727273,23,0,1,0,2066.0,2.0,35
1731,1732,528221030,60,RL,62.0,8857,Pave,,IR1,Lvl,AllPub,Inside,Gtl,Gilbert,Norm,Norm,1Fam,2Story,6,5,2006,2006,Gable,CompShg,VinylSd,VinylSd,,0.0,Gd,TA,PConc,Gd,TA,No,Unf,0.0,Unf,0.0,738.0,738.0,GasA,Ex,Y,SBrkr,738,757,0,1495,0.0,0.0,2,1,3,1,Gd,7,Typ,1,Gd,Attchd,2006.0,RFn,2.0,440.0,TA,TA,Y,100,30,0,0,0,0,,,,0,3,2007,New,Partial,171925,115.0,mid,110.8962653167273,22,0,1,1,2233.0,2.5,30
1732,1733,528221040,60,RL,63.0,9729,Pave,,IR1,Lvl,AllPub,Inside,Gtl,Gilbert,Norm,Norm,1Fam,2Story,6,5,2006,2007,Gable,CompShg,VinylSd,VinylSd,,0.0,Gd,TA,PConc,Gd,TA,No,Unf,0.0,Unf,0.0,698.0,698.0,GasA,Ex,Y,SBrkr,698,1048,0,1746,1.0,0.0,2,1,3,1,Gd,6,Typ,1,Gd,BuiltIn,2007.0,Unf,3.0,350.0,TA,TA,Y,0,34,0,0,0,0,,,,0,6,2007,New,Partial,198444,113.65635738831615,mid,110.8962653167273,22,0,1,0,2444.0,3.5,30
1733,1734,528221050,20,RL,88.0,12216,Pave,,IR1,Lvl,AllPub,Corner,Gtl,Gilbert,Norm,Norm,1Fam,1Story,6,5,2005,2005,Gable,CompShg,VinylSd,VinylSd,,0.0,TA,TA,PConc,Gd,TA,Av,GLQ,918.0,Unf,0.0,408.0,1326.0,GasA,Ex,Y,SBrkr,1326,0,0,1326,1.0,0.0,2,0,3,1,Gd,6,Typ,0,,Attchd,2005.0,Fin,2.0,388.0,TA,TA,Y,120,23,0,0,0,0,,,Shed,2000,6,2007,WD ,Normal,203000,153.0920060331825,mid,110.8962653167273,22,0,2,2,2652.0,3.0,30
1734,1735,528221090,60,RL,65.0,9018,Pave,,IR1,Lvl,AllPub,Inside,Gtl,Gilbert,Norm,Norm,1Fam,2Story,7,5,2007,2007,Hip,CompShg,VinylSd,VinylSd,,0.0,Gd,TA,PConc,Gd,TA,Av,Unf,0.0,Unf,0.0,728.0,728.0,GasA,Ex,Y,SBrkr,728,728,0,1456,0.0,0.0,2,1,3,1,Gd,8,Typ,1,Gd,Attchd,2007.0,Fin,2.0,400.0,TA,TA,Y,100,24,0,0,0,0,,,,0,7,2007,New,Partial,179540,123.31043956043956,high,122.72727272727273,23,0,0,0,2184.0,2.5,35
1735,1736,528222030,20,RL,73.0,8993,Pave,,IR1,Lvl,AllPub,Inside,Gtl,Gilbert,Norm,Norm,1Fam,1Story,7,5,2007,2007,Gable,CompShg,VinylSd,VinylSd,,0.0,Gd,TA,PConc,Gd,TA,Av,Unf,0.0,Unf,0.0,1302.0,1302.0,GasA,Ex,Y,SBrkr,1302,0,0,1302,0.0,0.0,2,0,3,1,Gd,6,Typ,0,,Attchd,2007.0,Fin,2.0,436.0,TA,TA,Y,0,22,0,0,0,0,,,,0,8,2007,New,Partial,176485,135.54915514592935,high,122.72727272727273,23,0,0,0,2604.0,2.0,35
1736,1737,528222040,20,RL,73.0,8899,Pave,,IR1,Lvl,AllPub,Inside,Gtl,Gilbert,Norm,Norm,1Fam,1Story,7,5,2007,2007,Gable,CompShg,VinylSd,VinylSd,,0.0,Gd,TA,PConc,Gd,TA,Av,GLQ,24.0,Unf,0.0,1316.0,1340.0,GasA,Ex,Y,SBrkr,1340,0,0,1340,0.0,0.0,2,0,3,1,Gd,6,Typ,0,,Attchd,2007.0,Fin,2.0,396.0,TA,TA,Y,100,30,0,0,0,0,,,,0,8,2007,New,Partial,181134,135.17462686567166,high,122.72727272727273,23,0,0,0,2680.0,2.0,35
1737,1738,528222050,60,RL,73.0,8499,Pave,,IR1,Lvl,AllPub,Inside,Gtl,Gilbert,Norm,Norm,1Fam,2Story,6,5,2006,2007,Gable,CompShg,VinylSd,VinylSd,,0.0,TA,TA,PConc,Gd,TA,No,Unf,0.0,Unf,0.0,616.0,616.0,GasA,Ex,Y,SBrkr,616,796,0,1412,0.0,0.0,2,1,3,1,Gd,6,Typ,1,Gd,BuiltIn,2007.0,Fin,2.0,432.0,TA,TA,Y,0,36,0,0,0,0,,,,0,3,2007,New,Partial,156932,111.14164305949008,mid,110.8962653167273,22,0,1,0,2028.0,2.5,30
1738,1739,528222060,60,RL,72.0,8229,Pave,,IR1,Lvl,AllPub,Inside,Gtl,Gilbert,Norm,Norm,1Fam,2Story,6,5,2007,2007,Gable,CompShg,VinylSd,VinylSd,Stone,22.0,Gd,TA,PConc,Gd,TA,Av,Unf,0.0,Unf,0.0,752.0,752.0,GasA,Ex,Y,SBrkr,752,752,0,1504,0.0,0.0,2,1,3,1,Gd,6,Typ,0,,Attchd,2007.0,Fin,2.0,440.0,TA,TA,Y,100,32,0,0,0,0,,,,0,12,2007,New,Partial,166000,110.37234042553192,mid,110.8962653167273,22,0,0,0,2256.0,2.5,30
1739,1740,528222080,60,RL,64.0,7713,Pave,,Reg,Lvl,AllPub,Inside,Gtl,Gilbert,Norm,Norm,1Fam,2Story,7,5,2007,2007,Gable,CompShg,VinylSd,VinylSd,Stone,16.0,Gd,TA,PConc,Gd,TA,No,Unf,0.0,Unf,0.0,728.0,728.0,GasA,Ex,Y,SBrkr,728,728,0,1456,0.0,0.0,2,1,3,1,Gd,7,Typ,0,,Attchd,2007.0,Fin,2.0,400.0,TA,TA,Y,100,24,0,0,0,0,,,,0,7,2007,New,Partial,177594,121.9739010989011,high,122.72727272727273,23,0,0,0,2184.0,2.5,35
1740,1741,528222090,20,RL,64.0,7697,Pave,,Reg,Lvl,AllPub,Inside,Gtl,Gilbert,Norm,Norm,1Fam,1Story,7,6,2007,2007,Gable,CompShg,VinylSd,VinylSd,BrkFace,0.0,Gd,TA,PConc,Gd,TA,No,Unf,0.0,Unf,0.0,1246.0,1246.0,GasA,Ex,Y,SBrkr,1258,0,0,1258,0.0,0.0,2,0,3,1,Gd,6,Typ,0,,Attchd,2007.0,RFn,2.0,462.0,TA,TA,Y,0,0,0,0,0,0,,,,0,8,2007,New,Partial,173500,137.91732909379968,high,122.72727272727273,23,0,0,0,2504.0,2.0,42
1741,1742,528228270,120,RL,53.0,3922,Pave,,Reg,Lvl,AllPub,Inside,Gtl,Blmngtn,Norm,Norm,TwnhsE,1Story,7,5,2006,2007,Gable,CompShg,WdShing,Wd Shng,BrkFace,72.0,Gd,TA,PConc,Ex,TA,Av,Unf,0.0,Unf,0.0,1258.0,1258.0,GasA,Ex,Y,SBrkr,1258,0,0,1258,0.0,0.0,2,0,2,1,Gd,6,Typ,1,Gd,Attchd,2007.0,Fin,3.0,648.0,TA,TA,Y,144,16,0,0,0,0,,,,0,6,2007,New,Partial,172500,137.12241653418124,high,140.52979897458363,4,0,1,0,2516.0,2.0,35
1742,1743,528228275,120,RL,53.0,3922,Pave,,Reg,Lvl,AllPub,Inside,Gtl,Blmngtn,Norm,Norm,TwnhsE,1Story,7,5,2006,2007,Gable,CompShg,VinylSd,VinylSd,BrkFace,72.0,Gd,TA,PConc,Ex,TA,Av,Unf,0.0,Unf,0.0,1258.0,1258.0,GasA,Ex,Y,SBrkr,1402,0,0,1402,0.0,2.0,0,2,2,1,Gd,7,Typ,1,Gd,Attchd,2006.0,Fin,3.0,648.0,TA,TA,Y,120,16,0,0,0,0,,,,0,2,2007,New,Partial,194201,138.51711840228245,high,140.52979897458363,4,0,1,0,2660.0,2.0,35
1743,1744,528228375,120,RL,,3621,Pave,,Reg,Lvl,AllPub,Inside,Gtl,Blmngtn,Norm,Norm,TwnhsE,1Story,8,5,2003,2003,Hip,CompShg,VinylSd,VinylSd,BrkFace,72.0,Gd,TA,PConc,Gd,TA,Gd,GLQ,1084.0,Unf,0.0,322.0,1406.0,GasA,Ex,Y,SBrkr,1589,0,0,1589,1.0,0.0,2,0,2,1,Gd,7,Typ,1,TA,Attchd,2003.0,Fin,3.0,630.0,TA,TA,Y,143,20,0,0,0,0,,,,0,11,2007,WD ,Normal,226500,142.54247954688483,high,140.52979897458363,4,0,4,4,2995.0,3.0,40
1744,1745,528228555,20,RL,53.0,3710,Pave,,Reg,Lvl,AllPub,Inside,Gtl,Blmngtn,Norm,Norm,1Fam,1Story,7,5,2007,2007,Gable,CompShg,VinylSd,VinylSd,BrkFace,16.0,Gd,TA,PConc,Gd,TA,Av,Unf,0.0,Unf,0.0,1266.0,1266.0,GasA,Ex,Y,SBrkr,1266,0,0,1266,0.0,0.0,2,0,2,1,Gd,6,Typ,1,Gd,Attchd,2007.0,Fin,2.0,388.0,TA,TA,Y,100,16,0,0,0,0,,,,0,8,2007,New,Partial,185485,146.5126382306477,high,140.52979897458363,4,0,0,0,2532.0,2.0,35
1745,1746,528231010,20,RL,182.0,14572,Pave,,IR3,Lvl,AllPub,Corner,Gtl,Gilbert,Norm,Norm,1Fam,1Story,7,5,2004,2004,Hip,CompShg,VinylSd,VinylSd,,0.0,Gd,TA,PConc,Gd,TA,Av,GLQ,1300.0,Unf,0.0,230.0,1530.0,GasA,Ex,Y,SBrkr,1530,0,0,1530,1.0,0.0,2,0,3,1,Gd,7,Typ,1,Gd,Attchd,2004.0,Fin,3.0,630.0,TA,TA,Y,144,36,0,0,0,0,,,,0,11,2007,WD ,Family,259000,169.281045751634,high,122.72727272727273,23,0,3,3,3060.0,3.0,35
1746,1747,528231030,80,RL,65.0,16219,Pave,,IR2,Lvl,AllPub,Inside,Gtl,Gilbert,Norm,Norm,1Fam,SLvl,7,5,2004,2005,Gable,CompShg,VinylSd,VinylSd,,0.0,Gd,TA,PConc,Gd,TA,Gd,GLQ,779.0,Unf,0.0,56.0,835.0,GasA,Ex,Y,SBrkr,1119,0,0,1119,1.0,0.0,2,0,2,1,Gd,5,Typ,0,,Attchd,2004.0,Fin,2.0,437.0,TA,TA,Y,100,24,0,0,0,0,,,,0,4,2007,WD ,Normal,188500,168.45397676496873,high,122.72727272727273,23,0,3,2,1954.0,3.0,35
1747,1748,528235000,80,RL,87.0,11084,Pave,,IR1,Lvl,AllPub,Corner,Gtl,Gilbert,Norm,Norm,1Fam,SLvl,7,5,2004,2004,Gable,CompShg,VinylSd,VinylSd,,0.0,Gd,TA,PConc,Gd,TA,No,GLQ,192.0,Unf,0.0,192.0,384.0,GasA,Ex,Y,SBrkr,744,630,0,1374,1.0,0.0,2,1,3,1,Gd,8,Typ,1,Gd,BuiltIn,2004.0,Fin,2.0,400.0,TA,TA,Y,100,0,0,0,0,0,,,,0,6,2007,WD ,Family,175000,127.36535662299855,high,122.72727272727273,23,0,3,3,1758.0,3.5,35
1748,1749,528235160,60,RL,59.0,11796,Pave,,IR1,Lvl,AllPub,Inside,Gtl,Gilbert,Norm,Norm,1Fam,2Story,7,5,2004,2005,Gable,CompShg,VinylSd,VinylSd,,0.0,Gd,TA,PConc,Gd,TA,Av,Unf,0.0,Unf,0.0,847.0,847.0,GasA,Ex,Y,SBrkr,847,1112,0,1959,0.0,0.0,2,1,4,1,Gd,8,Typ,1,Gd,BuiltIn,2004.0,Fin,2.0,434.0,TA,TA,Y,100,48,0,0,0,0,,,,0,7,2007,WD ,Normal,215000,109.74987238386932,high,122.72727272727273,23,1,3,2,2806.0,2.5,35
1749,1750,528235170,20,RL,59.0,10936,Pave,,IR1,Lvl,AllPub,Inside,Gtl,Gilbert,Norm,Norm,1Fam,1Story,7,5,2006,2006,Gable,CompShg,VinylSd,VinylSd,,0.0,Gd,TA,PConc,Gd,TA,Av,Unf,0.0,Unf,0.0,1510.0,1510.0,GasA,Ex,Y,SBrkr,1525,0,0,1525,0.0,0.0,2,1,3,1,Gd,6,Typ,1,Gd,Attchd,2006.0,RFn,2.0,534.0,TA,TA,Y,100,18,0,0,0,0,,,,0,4,2007,New,Partial,206580,135.46229508196723,high,122.72727272727273,23,0,1,1,3035.0,2.5,35
1750,1751,528240020,60,RL,62.0,8244,Pave,,IR1,Lvl,AllPub,Inside,Gtl,Gilbert,Norm,Norm,1Fam,2Story,7,5,2004,2004,Gable,CompShg,VinylSd,VinylSd,,0.0,Gd,TA,PConc,Gd,TA,No,Unf,0.0,Unf,0.0,840.0,840.0,GasA,Ex,Y,SBrkr,840,880,0,1720,0.0,0.0,2,1,3,1,Gd,7,Typ,1,Gd,Attchd,2004.0,Fin,2.0,440.0,TA,TA,Y,100,48,0,0,0,0,,,,0,5,2007,WD ,Normal,183500,106.68604651162791,high,122.72727272727273,23,1,3,3,2560.0,2.5,35
1751,1752,528250010,80,RL,,11950,Pave,,IR1,Lvl,AllPub,Corner,Gtl,Gilbert,Norm,Norm,1Fam,SLvl,7,5,2003,2003,Gable,CompShg,VinylSd,VinylSd,,,Gd,TA,PConc,Gd,TA,No,Unf,0.0,Unf,0.0,384.0,384.0,GasA,Ex,Y,SBrkr,754,640,0,1394,0.0,0.0,2,1,3,1,Gd,7,Typ,1,TA,BuiltIn,2003.0,Fin,2.0,400.0,TA,TA,Y,100,0,0,0,0,0,,,,0,10,2007,WD ,Normal,165500,118.72309899569584,high,122.72727272727273,23,0,4,4,1778.0,2.5,35
1752,1753,528250070,60,RL,63.0,7875,Pave,,Reg,Lvl,AllPub,Inside,Gtl,Gilbert,Norm,Norm,1Fam,2Story,7,5,2003,2003,Gable,CompShg,VinylSd,VinylSd,BrkFace,16.0,Gd,TA,PConc,Gd,TA,No,Unf,0.0,Unf,0.0,847.0,847.0,GasA,Ex,Y,SBrkr,847,1101,0,1948,0.0,0.0,2,1,4,1,Gd,8,Typ,1,Gd,BuiltIn,2003.0,Fin,2.0,434.0,TA,TA,Y,0,48,0,0,0,0,,,,0,7,2007,WD ,Normal,211000,108.31622176591375,high,122.72727272727273,23,1,4,4,2795.0,2.5,35
1753,1754,528275035,60,RL,,8063,Pave,,Reg,Lvl,AllPub,Inside,Gtl,Gilbert,Norm,Norm,1Fam,2Story,6,5,2000,2000,Gable,CompShg,VinylSd,VinylSd,,0.0,TA,TA,PConc,Gd,TA,No,Unf,0.0,Unf,0.0,924.0,924.0,GasA,Ex,Y,SBrkr,948,742,0,1690,0.0,0.0,2,1,3,1,TA,7,Typ,1,TA,Attchd,2000.0,RFn,2.0,463.0,TA,TA,Y,100,48,0,0,0,0,,,,0,11,2007,WD ,Abnorml,181000,107.10059171597634,mid,110.8962653167273,22,0,7,7,2614.0,2.5,30
1754,1755,528275110,60,RL,,8740,Pave,,IR1,Lvl,AllPub,Inside,Gtl,Gilbert,Norm,Norm,1Fam,2Story,7,5,2002,2002,Gable,CompShg,VinylSd,VinylSd,,0.0,Gd,TA,PConc,Gd,TA,No,GLQ,574.0,Unf,0.0,280.0,854.0,GasA,Ex,Y,SBrkr,864,1131,0,1995,0.0,0.0,2,1,4,1,Gd,8,Typ,1,Gd,BuiltIn,2002.0,Fin,2.0,435.0,TA,TA,Y,264,48,0,0,0,0,,,,0,7,2007,WD ,Normal,219500,110.02506265664161,high,122.72727272727273,23,1,5,5,2849.0,2.5,35
1755,1756,528280110,60,RL,62.0,7917,Pave,,Reg,Lvl,AllPub,Inside,Gtl,Gilbert,Norm,Norm,1Fam,2Story,6,5,1999,2000,Gable,CompShg,VinylSd,VinylSd,,0.0,TA,TA,PConc,Gd,TA,No,Unf,0.0,Unf,0.0,953.0,953.0,GasA,Ex,Y,SBrkr,953,694,0,1647,0.0,0.0,2,1,3,1,TA,7,Typ,1,TA,Attchd,1999.0,RFn,2.0,460.0,TA,TA,Y,0,40,0,0,0,0,,,,0,8,2007,WD ,Normal,175000,106.25379477838494,mid,110.8962653167273,22,0,8,7,2600.0,2.5,30
1756,1757,528280150,80,RL,76.0,9967,Pave,,IR1,Lvl,AllPub,Inside,Gtl,Gilbert,Norm,Norm,1Fam,SLvl,7,5,2000,2000,Gable,CompShg,VinylSd,VinylSd,,0.0,TA,TA,PConc,Gd,TA,No,Unf,0.0,Unf,0.0,384.0,384.0,GasA,Ex,Y,SBrkr,774,656,0,1430,0.0,0.0,2,1,3,1,TA,8,Typ,1,TA,BuiltIn,2000.0,RFn,2.0,400.0,TA,TA,Y,100,0,0,0,0,0,,,,0,12,2007,WD ,Normal,170000,118.88111888111888,high,122.72727272727273,23,0,7,7,1814.0,2.5,35
1757,1758,528290060,60,RL,,7750,Pave,,Reg,Lvl,AllPub,Inside,Gtl,Gilbert,RRAn,Norm,1Fam,2Story,7,5,2003,2003,Gable,CompShg,VinylSd,VinylSd,,0.0,Gd,TA,PConc,Gd,TA,No,Unf,0.0,Unf,0.0,660.0,660.0,GasA,Ex,Y,SBrkr,660,660,0,1320,0.0,0.0,2,1,3,1,Gd,6,Typ,0,,Attchd,2003.0,Fin,2.0,400.0,TA,TA,Y,0,48,0,0,0,0,,,,0,8,2007,WD ,Normal,162000,122.72727272727273,high,122.72727272727273,23,0,4,4,1980.0,2.5,35
1758,1759,528290170,60,RL,58.0,9487,Pave,,IR1,Lvl,AllPub,Inside,Gtl,Gilbert,Norm,Norm,1Fam,2Story,6,5,2000,2000,Gable,CompShg,VinylSd,VinylSd,,0.0,TA,TA,PConc,Gd,TA,No,GLQ,520.0,Unf,0.0,395.0,915.0,GasA,Ex,Y,SBrkr,940,750,0,1690,1.0,0.0,2,1,3,1,TA,7,Typ,1,TA,Attchd,2000.0,RFn,2.0,442.0,TA,TA,Y,0,50,0,0,0,0,,,,0,6,2007,WD ,Normal,187000,110.6508875739645,mid,110.8962653167273,22,0,7,7,2605.0,3.5,30
1759,1760,528294010,60,RL,59.0,9649,Pave,,IR1,Lvl,AllPub,Inside,Gtl,Gilbert,Norm,Norm,1Fam,2Story,6,5,1999,2000,Gable,CompShg,VinylSd,VinylSd,,0.0,TA,TA,PConc,Gd,TA,No,Unf,0.0,Unf,0.0,941.0,941.0,GasA,Ex,Y,SBrkr,961,683,0,1644,0.0,0.0,2,1,3,1,TA,7,Typ,1,TA,Attchd,1999.0,RFn,2.0,460.0,TA,TA,Y,460,42,0,0,0,0,,,,0,5,2007,WD ,Normal,185000,112.53041362530413,mid,110.8962653167273,22,0,8,7,2585.0,2.5,30
1760,1761,528320050,60,RL,160.0,15623,Pave,,IR1,Lvl,AllPub,Corner,Gtl,NoRidge,Norm,Norm,1Fam,2Story,10,5,1996,1996,Hip,CompShg,Wd Sdng,ImStucc,,0.0,Gd,TA,PConc,Ex,TA,Av,GLQ,2096.0,Unf,0.0,300.0,2396.0,GasA,Ex,Y,SBrkr,2411,2065,0,4476,1.0,0.0,3,1,4,1,Ex,10,Typ,2,TA,Attchd,1996.0,Fin,3.0,813.0,TA,TA,Y,171,78,0,0,0,555,Ex,MnPrv,,0,7,2007,WD ,Abnorml,745000,166.4432529043789,high,130.02364066193854,17,0,11,11,6872.0,4.5,50
1761,1762,528322020,60,RL,100.0,12191,Pave,,IR1,Lvl,AllPub,Inside,Gtl,NoRidge,Norm,Norm,1Fam,2Story,8,5,1997,1998,Hip,CompShg,VinylSd,VinylSd,BrkFace,515.0,Gd,TA,PConc,Gd,TA,Av,GLQ,1181.0,Unf,0.0,598.0,1779.0,GasA,Ex,Y,SBrkr,1779,772,0,2551,1.0,0.0,2,1,4,1,Gd,8,Typ,2,TA,Attchd,1998.0,Fin,3.0,925.0,TA,TA,Y,76,61,0,0,0,0,,,,0,6,2007,WD ,Normal,384500,150.7252058016464,high,130.02364066193854,17,0,10,9,4330.0,3.5,40
1762,1763,528326060,60,RL,,11000,Pave,,Reg,Lvl,AllPub,FR2,Gtl,NoRidge,Norm,Norm,1Fam,2Story,8,5,2000,2000,Gable,CompShg,VinylSd,VinylSd,BrkFace,72.0,Gd,TA,PConc,Gd,TA,No,Unf,0.0,Unf,0.0,969.0,969.0,GasA,Ex,Y,SBrkr,997,1288,0,2285,0.0,0.0,2,1,4,1,Gd,8,Typ,1,TA,BuiltIn,2000.0,Fin,3.0,648.0,TA,TA,Y,0,56,0,0,0,0,,,,0,6,2007,WD ,Normal,248000,108.53391684901531,high,130.02364066193854,17,1,7,7,3254.0,2.5,40
1763,1764,528327060,20,RL,,11400,Pave,,Reg,Lvl,AllPub,Inside,Gtl,NoRidge,Norm,Norm,1Fam,1Story,10,5,2001,2002,Hip,CompShg,VinylSd,VinylSd,BrkFace,705.0,Ex,TA,PConc,Ex,TA,Gd,GLQ,1282.0,Unf,0.0,1351.0,2633.0,GasA,Ex,Y,SBrkr,2633,0,0,2633,1.0,0.0,2,1,2,1,Ex,8,Typ,2,Gd,Attchd,2001.0,RFn,3.0,804.0,TA,TA,Y,314,140,0,0,0,0,,,,0,3,2007,WD ,Normal,466500,177.17432586403342,high,130.02364066193854,17,0,6,5,5266.0,3.5,50
1764,1765,528340030,60,RL,89.0,10557,Pave,,IR1,Lvl,AllPub,Inside,Gtl,NoRidge,Norm,Norm,1Fam,2Story,9,5,1998,1998,Gable,CompShg,MetalSd,MetalSd,BrkFace,422.0,Gd,TA,PConc,Ex,TA,Gd,GLQ,672.0,Unf,0.0,736.0,1408.0,GasA,Ex,Y,SBrkr,1671,1407,0,3078,1.0,0.0,2,1,4,1,Gd,9,Typ,1,TA,Attchd,1998.0,Fin,3.0,806.0,TA,TA,Y,108,87,0,0,0,0,,,,0,7,2007,WD ,Normal,410000,133.2033788174139,high,130.02364066193854,17,0,9,9,4486.0,3.5,45
1765,1766,528344020,60,RL,74.0,11002,Pave,,IR1,Lvl,AllPub,Inside,Gtl,NoRidge,Norm,Norm,1Fam,2Story,8,5,1998,1999,Gable,CompShg,VinylSd,VinylSd,,0.0,Gd,TA,PConc,Gd,TA,No,GLQ,1048.0,Unf,0.0,341.0,1389.0,GasA,Ex,Y,SBrkr,1411,1171,0,2582,1.0,0.0,2,1,4,1,Gd,9,Typ,1,TA,Attchd,1998.0,Fin,3.0,758.0,TA,TA,Y,286,60,0,0,0,0,,,,0,1,2007,WD ,Normal,322500,124.90317583268784,high,130.02364066193854,17,0,9,8,3971.0,3.5,40
1766,1767,528348030,60,RL,83.0,10790,Pave,,Reg,Lvl,AllPub,Inside,Gtl,NoRidge,Norm,Norm,1Fam,2Story,7,5,1998,1998,Gable,CompShg,VinylSd,VinylSd,BrkFace,275.0,Gd,TA,PConc,Gd,TA,No,Unf,0.0,Unf,0.0,1066.0,1066.0,GasA,Ex,Y,SBrkr,1108,1277,0,2385,0.0,0.0,2,1,4,1,Gd,8,Typ,1,TA,BuiltIn,1998.0,Fin,3.0,600.0,TA,TA,Y,120,38,0,0,0,0,,,,0,5,2007,WD ,Normal,252000,105.66037735849056,high,130.02364066193854,17,1,9,9,3451.0,2.5,35
1767,1768,528351010,60,RL,104.0,21535,Pave,,IR1,Lvl,AllPub,Corner,Gtl,NoRidge,Norm,Norm,1Fam,2Story,10,6,1994,1995,Gable,WdShngl,HdBoard,HdBoard,BrkFace,1170.0,Ex,TA,PConc,Ex,TA,Gd,GLQ,1455.0,Unf,0.0,989.0,2444.0,GasA,Ex,Y,SBrkr,2444,1872,0,4316,0.0,1.0,3,1,4,1,Ex,10,Typ,2,Ex,Attchd,1994.0,Fin,3.0,832.0,TA,TA,Y,382,50,0,0,0,0,,,,0,1,2007,WD ,Normal,755000,174.93049119555144,high,130.02364066193854,17,0,13,12,6760.0,4.0,60
1768,1769,528354060,60,RL,92.0,9920,Pave,,IR1,Lvl,AllPub,CulDSac,Gtl,NoRidge,Norm,Norm,1Fam,2Story,7,5,1996,1997,Gable,CompShg,MetalSd,MetalSd,,0.0,Gd,TA,PConc,Gd,TA,Av,GLQ,862.0,Unf,0.0,255.0,1117.0,GasA,Ex,Y,SBrkr,1127,886,0,2013,1.0,0.0,2,1,3,1,TA,8,Typ,1,TA,Attchd,1997.0,Unf,2.0,455.0,TA,TA,Y,180,130,0,0,0,0,,,,0,6,2007,WD ,Normal,269790,134.02384500745157,high,130.02364066193854,17,0,11,10,3130.0,3.5,35
1769,1770,528354110,60,RL,95.0,11787,Pave,,IR1,Lvl,AllPub,Inside,Gtl,NoRidge,Norm,Norm,1Fam,2Story,7,5,1996,1997,Gable,CompShg,VinylSd,VinylSd,BrkFace,594.0,Gd,TA,PConc,Gd,TA,No,GLQ,719.0,Unf,0.0,660.0,1379.0,GasA,Ex,Y,SBrkr,1383,1015,0,2398,1.0,0.0,2,1,3,1,Gd,8,Typ,1,TA,Attchd,1996.0,Fin,3.0,834.0,TA,TA,Y,239,60,0,0,0,0,,,,0,8,2007,WD ,Normal,315750,131.6722268557131,high,130.02364066193854,17,0,11,10,3777.0,3.5,35
1770,1771,528358040,60,RL,82.0,9950,Pave,,IR1,Lvl,AllPub,Inside,Gtl,NoRidge,Norm,Norm,1Fam,2Story,7,5,1995,1995,Gable,CompShg,VinylSd,VinylSd,BrkFace,290.0,Gd,TA,PConc,Gd,TA,No,GLQ,565.0,Unf,0.0,638.0,1203.0,GasA,Ex,Y,SBrkr,1214,1306,0,2520,0.0,0.0,2,1,4,1,Gd,9,Typ,1,TA,Attchd,1995.0,RFn,3.0,721.0,TA,TA,Y,224,114,0,0,0,0,,,,0,6,2007,WD ,Abnorml,290000,115.07936507936508,high,130.02364066193854,17,1,12,12,3723.0,2.5,35
1771,1772,528364110,60,RL,65.0,12257,Pave,,IR1,Lvl,AllPub,Inside,Gtl,NoRidge,Norm,Norm,1Fam,2Story,8,5,1995,1995,Gable,CompShg,VinylSd,VinylSd,BrkFace,513.0,Gd,TA,PConc,Gd,TA,Av,LwQ,56.0,ALQ,64.0,1198.0,1318.0,GasA,Ex,Y,SBrkr,1328,1203,0,2531,0.0,0.0,2,1,4,1,Gd,9,Typ,1,TA,Attchd,1995.0,RFn,3.0,752.0,TA,TA,Y,222,98,0,0,0,0,,,,0,11,2007,WD ,Normal,290000,114.57921770051364,high,130.02364066193854,17,1,12,12,3849.0,2.5,40
1772,1773,528366050,20,RL,,12692,Pave,,IR1,Lvl,AllPub,Inside,Gtl,NoRidge,Norm,Norm,1Fam,1Story,8,5,1992,1993,Hip,CompShg,BrkFace,BrkFace,,0.0,Gd,TA,PConc,Gd,TA,No,GLQ,1231.0,Unf,0.0,1969.0,3200.0,GasA,Ex,Y,SBrkr,3228,0,0,3228,1.0,0.0,3,0,4,1,Gd,10,Typ,1,Gd,Attchd,1992.0,RFn,2.0,546.0,TA,TA,Y,264,75,291,0,0,0,,,,0,5,2007,WD ,Normal,430000,133.20941759603468,high,130.02364066193854,17,0,15,14,6428.0,4.0,40
1773,1774,528366070,60,RL,88.0,11762,Pave,,Reg,Lvl,AllPub,Inside,Gtl,NoRidge,Norm,Norm,1Fam,2Story,8,5,1992,1993,Gable,CompShg,VinylSd,VinylSd,BrkFace,309.0,Gd,TA,PConc,Ex,TA,No,GLQ,335.0,Unf,0.0,770.0,1105.0,GasA,Ex,Y,SBrkr,1105,1097,0,2202,1.0,0.0,2,1,4,1,Gd,9,Typ,1,TA,Attchd,1992.0,RFn,2.0,517.0,TA,TA,Y,0,65,0,0,144,0,,,,0,9,2007,WD ,Normal,263000,119.43687556766575,high,130.02364066193854,17,0,15,14,3307.0,3.5,40
1774,1775,528376010,60,RL,82.0,9044,Pave,,IR1,Lvl,AllPub,Inside,Gtl,NoRidge,Norm,Norm,1Fam,2Story,8,5,1996,1997,Gable,CompShg,VinylSd,VinylSd,BrkFace,526.0,Gd,Gd,PConc,Gd,TA,No,GLQ,1225.0,Unf,0.0,100.0,1325.0,GasA,Ex,Y,SBrkr,1335,1203,0,2538,0.0,0.0,2,1,4,1,Gd,8,Typ,1,TA,Attchd,1996.0,RFn,3.0,933.0,TA,TA,Y,198,92,0,0,0,0,,,,0,5,2007,WD ,Normal,330000,130.02364066193854,high,130.02364066193854,17,0,11,10,3863.0,2.5,40
1775,1776,528427040,20,RL,75.0,9910,Pave,,Reg,Lvl,AllPub,Inside,Gtl,Somerst,Feedr,Norm,1Fam,1Story,7,6,2007,2007,Gable,CompShg,VinylSd,VinylSd,,0.0,Gd,TA,PConc,Gd,TA,No,Unf,0.0,Unf,0.0,1369.0,1369.0,GasA,Ex,Y,SBrkr,1369,0,0,1369,0.0,0.0,2,0,3,1,Gd,5,Typ,0,,Attchd,2007.0,Unf,2.0,605.0,TA,TA,Y,0,203,0,0,0,0,,,,0,9,2007,New,Partial,213133,155.68517165814464,high,148.58750546826823,44,0,0,0,2738.0,2.0,42
1776,1777,528427100,20,RL,91.0,11830,Pave,,Reg,Lvl,AllPub,Inside,Gtl,Somerst,Feedr,Norm,1Fam,1Story,8,5,2007,2007,Gable,CompShg,VinylSd,VinylSd,BrkFace,164.0,Gd,TA,PConc,Gd,TA,No,GLQ,1220.0,Unf,0.0,322.0,1542.0,GasA,Ex,Y,SBrkr,1542,0,0,1542,1.0,0.0,2,0,3,1,Gd,6,Typ,1,Gd,Attchd,2007.0,Unf,3.0,852.0,TA,TA,Y,168,110,0,0,0,0,,,,0,7,2007,New,Partial,260261,168.78145265888458,high,148.58750546826823,44,0,0,0,3084.0,3.0,40
1777,1778,528429090,20,RL,84.0,11670,Pave,,IR1,Lvl,AllPub,Corner,Gtl,Somerst,RRNn,Norm,1Fam,1Story,9,5,2006,2006,Hip,CompShg,VinylSd,ImStucc,Stone,302.0,Ex,TA,PConc,Ex,Gd,No,Unf,0.0,Unf,0.0,1905.0,1905.0,GasA,Ex,Y,SBrkr,1905,0,0,1905,0.0,0.0,2,0,3,1,Ex,8,Typ,1,Gd,Attchd,2006.0,Fin,3.0,788.0,TA,TA,Y,0,191,0,0,0,0,,,,0,3,2007,WD ,Normal,320000,167.97900262467192,high,148.58750546826823,44,0,1,1,3810.0,2.0,45
1778,1779,528429110,20,RL,49.0,15256,Pave,,IR1,Lvl,AllPub,CulDSac,Gtl,Somerst,RRAn,Norm,1Fam,1Story,8,5,2007,2007,Gable,CompShg,VinylSd,VinylSd,Stone,84.0,Gd,TA,PConc,Gd,TA,Gd,GLQ,929.0,Unf,0.0,556.0,1485.0,GasA,Ex,Y,SBrkr,1464,0,0,1464,1.0,0.0,2,0,3,1,Gd,6,Typ,0,,Attchd,2007.0,Unf,3.0,754.0,TA,TA,Y,168,160,0,0,0,0,,,,0,8,2007,WD ,Normal,282922,193.25273224043715,high,148.58750546826823,44,0,0,0,2949.0,3.0,40
1779,1780,528431030,20,RL,76.0,10612,Pave,,Reg,Lvl,AllPub,Inside,Gtl,Somerst,Norm,Norm,1Fam,1Story,8,5,2006,2006,Gable,CompShg,VinylSd,VinylSd,BrkFace,248.0,Gd,TA,PConc,Gd,TA,Mn,GLQ,28.0,Unf,0.0,1496.0,1524.0,GasA,Gd,Y,SBrkr,1534,0,0,1534,0.0,0.0,2,0,3,1,Gd,7,Typ,1,Gd,Attchd,2006.0,Fin,2.0,484.0,TA,TA,Y,168,46,0,0,0,0,,,,0,1,2007,WD ,Family,215000,140.15645371577574,high,148.58750546826823,44,0,1,1,3058.0,2.0,40
1780,1781,528431040,20,RL,98.0,12291,Pave,,IR1,Lvl,AllPub,Inside,Gtl,Somerst,Norm,Norm,1Fam,1Story,10,5,2007,2007,Hip,CompShg,CemntBd,CmentBd,BrkFace,754.0,Ex,TA,PConc,Ex,TA,Av,GLQ,1572.0,Unf,0.0,394.0,1966.0,GasA,Ex,Y,SBrkr,1966,0,0,1966,1.0,0.0,2,0,1,1,Ex,6,Typ,1,Gd,Attchd,2007.0,Fin,3.0,1092.0,TA,TA,Y,76,52,0,0,0,0,,,,0,10,2007,New,Partial,419005,213.12563580874874,high,148.58750546826823,44,0,0,0,3932.0,3.0,50
1781,1782,528431050,20,RL,116.0,13501,Pave,,IR1,Lvl,AllPub,Corner,Gtl,Somerst,Norm,Norm,1Fam,1Story,8,5,2006,2006,Gable,CompShg,VinylSd,VinylSd,Stone,208.0,Gd,TA,PConc,Gd,TA,No,GLQ,63.0,Unf,0.0,1560.0,1623.0,GasA,Ex,Y,SBrkr,1636,0,0,1636,1.0,0.0,2,0,3,1,Gd,8,Typ,1,Gd,Attchd,2006.0,RFn,3.0,865.0,TA,TA,Y,0,60,0,0,0,0,,,,0,6,2007,WD ,Normal,255000,155.8679706601467,high,148.58750546826823,44,0,1,1,3259.0,3.0,40
1782,1783,528431110,20,RL,75.0,9986,Pave,,Reg,Lvl,AllPub,Inside,Gtl,Somerst,Norm,Norm,1Fam,1Story,8,5,2006,2007,Gable,CompShg,VinylSd,VinylSd,BrkFace,428.0,Gd,TA,PConc,Ex,TA,Av,Unf,0.0,Unf,0.0,1795.0,1795.0,GasA,Ex,Y,SBrkr,1795,0,0,1795,0.0,0.0,2,0,2,1,Gd,7,Typ,1,Gd,Attchd,2007.0,RFn,3.0,895.0,TA,TA,Y,0,49,0,0,0,0,,,,0,2,2007,New,Partial,147000,81.8941504178273,high,148.58750546826823,44,1,1,0,3590.0,2.0,40
1783,1784,528435010,20,RL,85.0,9965,Pave,,Reg,Lvl,AllPub,FR2,Gtl,Somerst,Feedr,Norm,1Fam,1Story,7,5,2007,2007,Gable,CompShg,VinylSd,VinylSd,,,Gd,TA,PConc,Gd,TA,No,Unf,0.0,Unf,0.0,1528.0,1528.0,GasA,Ex,Y,SBrkr,1528,0,0,1528,0.0,0.0,3,2,3,1,Gd,6,Typ,1,TA,Attchd,2007.0,Unf,2.0,480.0,TA,TA,Y,0,228,0,0,0,0,,,,0,9,2007,New,Partial,235876,154.36910994764398,high,148.58750546826823,44,0,0,0,3056.0,4.0,35
1784,1785,528435040,20,RL,79.0,9416,Pave,,Reg,Lvl,AllPub,Inside,Gtl,Somerst,Norm,Norm,1Fam,1Story,7,5,2007,2007,Hip,CompShg,CemntBd,CmentBd,Stone,205.0,Ex,TA,PConc,Ex,TA,No,GLQ,1126.0,Unf,0.0,600.0,1726.0,GasA,Ex,Y,SBrkr,1726,0,0,1726,1.0,0.0,2,0,3,1,Ex,8,Typ,1,Gd,Attchd,2007.0,Fin,3.0,786.0,TA,TA,Y,171,138,0,0,266,0,,,,0,9,2007,New,Partial,311872,180.69061413673234,high,148.58750546826823,44,0,0,0,3452.0,3.0,35
1785,1786,528435060,20,RL,83.0,9849,Pave,,Reg,Lvl,AllPub,Inside,Gtl,Somerst,Norm,Norm,1Fam,1Story,7,6,2007,2007,Hip,CompShg,VinylSd,VinylSd,Stone,0.0,Gd,TA,PConc,Gd,TA,Av,Unf,0.0,Unf,0.0,1689.0,1689.0,GasA,Ex,Y,SBrkr,1689,0,0,1689,0.0,0.0,2,0,3,1,Gd,7,Typ,0,,Attchd,2007.0,RFn,3.0,954.0,TA,TA,Y,0,56,0,0,0,0,,,,0,6,2007,New,Partial,248328,147.02664298401422,high,148.58750546826823,44,0,0,0,3378.0,2.0,42
1786,1787,528435070,20,RL,85.0,10000,Pave,,Reg,Lvl,AllPub,Inside,Gtl,Somerst,Norm,Norm,1Fam,1Story,8,5,2006,2006,Hip,CompShg,VinylSd,VinylSd,Stone,410.0,Gd,TA,PConc,Gd,Gd,Av,Unf,0.0,Unf,0.0,1588.0,1588.0,GasA,Ex,Y,SBrkr,1588,0,0,1588,0.0,0.0,2,0,3,1,Gd,7,Typ,1,Gd,Attchd,2006.0,RFn,3.0,825.0,TA,TA,Y,144,45,0,0,0,0,,,,0,12,2007,WD ,Normal,227000,142.9471032745592,high,148.58750546826823,44,0,1,1,3176.0,2.0,40
1787,1788,528439040,20,RL,74.0,8847,Pave,,Reg,Lvl,AllPub,Inside,Gtl,Somerst,Norm,Norm,1Fam,1Story,8,5,2005,2005,Gable,CompShg,VinylSd,VinylSd,BrkFace,148.0,Gd,TA,PConc,Gd,TA,Av,GLQ,769.0,Unf,0.0,769.0,1538.0,GasA,Ex,Y,SBrkr,1538,0,0,1538,1.0,0.0,2,0,3,1,Gd,7,Typ,0,,Attchd,2005.0,RFn,2.0,484.0,TA,TA,Y,146,40,0,0,0,0,,,,0,12,2007,WD ,Normal,260000,169.05071521456438,high,148.58750546826823,44,0,2,2,3076.0,3.0,40
1788,1789,528439050,20,RL,76.0,9158,Pave,,Reg,Lvl,AllPub,Inside,Gtl,Somerst,Norm,Norm,1Fam,1Story,8,5,2007,2007,Gable,CompShg,CemntBd,CmentBd,Stone,140.0,Gd,TA,PConc,Gd,TA,Av,Unf,0.0,Unf,0.0,1496.0,1496.0,GasA,Ex,Y,SBrkr,1496,0,0,1496,0.0,0.0,2,0,3,1,Gd,7,Typ,0,,Attchd,2007.0,Fin,2.0,474.0,TA,TA,Y,168,130,0,0,0,0,,,,0,6,2007,New,Partial,225000,150.40106951871658,high,148.58750546826823,44,0,0,0,2992.0,2.0,40
1789,1790,528439080,20,RL,70.0,8251,Pave,,Reg,Lvl,AllPub,Inside,Gtl,Somerst,Norm,Norm,1Fam,1Story,7,5,2005,2006,Gable,CompShg,VinylSd,VinylSd,BrkFace,143.0,Gd,TA,PConc,Gd,Gd,Av,GLQ,778.0,Unf,0.0,716.0,1494.0,GasA,Ex,Y,SBrkr,1506,0,0,1506,1.0,0.0,2,0,3,1,Gd,7,Typ,1,Gd,Attchd,2005.0,RFn,2.0,672.0,TA,TA,Y,192,35,0,0,0,0,,,,0,4,2007,WD ,Normal,249000,165.3386454183267,high,148.58750546826823,44,0,2,1,3000.0,3.0,35
1790,1791,528441080,20,RL,75.0,10084,Pave,,Reg,Lvl,AllPub,Inside,Gtl,Somerst,Norm,Norm,1Fam,1Story,8,5,2004,2005,Gable,CompShg,VinylSd,VinylSd,Stone,186.0,Gd,TA,PConc,Ex,TA,Av,GLQ,1369.0,Unf,0.0,317.0,1686.0,GasA,Ex,Y,SBrkr,1694,0,0,1694,1.0,0.0,2,0,3,1,Gd,7,Typ,1,Gd,Attchd,2004.0,RFn,2.0,636.0,TA,TA,Y,255,57,0,0,0,0,,,,0,8,2007,WD ,Normal,307000,181.22786304604486,high,148.58750546826823,44,0,3,2,3380.0,3.0,40
1791,1792,528445020,60,RL,70.0,9605,Pave,,Reg,Lvl,AllPub,Inside,Gtl,Somerst,Norm,Norm,1Fam,2Story,7,5,2006,2006,Gable,CompShg,VinylSd,VinylSd,,0.0,Gd,TA,PConc,Gd,TA,No,Unf,0.0,Unf,0.0,982.0,982.0,GasA,Ex,Y,SBrkr,982,995,0,1977,0.0,0.0,2,1,3,1,Gd,7,Typ,0,,Attchd,2006.0,RFn,3.0,574.0,TA,TA,Y,240,53,0,0,0,0,,,,0,7,2007,WD ,Family,250000,126.45422357106727,high,148.58750546826823,44,1,1,1,2959.0,2.5,35
1792,1793,528445070,60,RL,75.0,8778,Pave,,Reg,Lvl,AllPub,Inside,Gtl,Somerst,Norm,Norm,1Fam,2Story,8,5,2006,2006,Gable,CompShg,VinylSd,VinylSd,,0.0,Gd,TA,PConc,Gd,TA,No,Unf,0.0,Unf,0.0,1302.0,1302.0,GasA,Ex,Y,SBrkr,1302,528,0,1830,0.0,0.0,2,1,3,1,Gd,7,Typ,0,,BuiltIn,2006.0,RFn,3.0,859.0,TA,TA,Y,0,40,0,0,0,0,,,,0,3,2007,WD ,Normal,221300,120.92896174863388,high,148.58750546826823,44,1,1,1,3132.0,2.5,40
1793,1794,528456190,20,FV,72.0,8640,Pave,,Reg,Lvl,AllPub,Inside,Gtl,Somerst,Norm,Norm,1Fam,1Story,8,5,2007,2007,Gable,CompShg,VinylSd,VinylSd,,0.0,Gd,TA,PConc,Gd,TA,No,GLQ,24.0,Unf,0.0,1314.0,1338.0,GasA,Ex,Y,SBrkr,1338,0,0,1338,0.0,0.0,2,0,3,1,Gd,6,Typ,0,,Attchd,2007.0,RFn,2.0,598.0,TA,TA,Y,0,141,0,0,0,0,,,,0,11,2007,New,Partial,208900,156.12855007473843,high,148.58750546826823,44,0,0,0,2676.0,2.0,40
1794,1795,528456230,20,FV,75.0,9000,Pave,,Reg,Lvl,AllPub,Inside,Gtl,Somerst,Norm,Norm,1Fam,1Story,7,5,2006,2007,Gable,CompShg,VinylSd,VinylSd,,0.0,Gd,TA,PConc,Gd,TA,No,Unf,0.0,Unf,0.0,1335.0,1335.0,GasA,Ex,Y,SBrkr,1335,0,0,1335,0.0,0.0,2,0,3,1,Gd,6,Typ,0,,Attchd,2007.0,RFn,2.0,575.0,TA,TA,Y,0,210,0,0,0,0,,,,0,6,2007,New,Partial,210400,157.60299625468164,high,148.58750546826823,44,0,1,0,2670.0,2.0,35
1795,1796,528458080,60,FV,72.0,8640,Pave,,Reg,Lvl,AllPub,Inside,Gtl,Somerst,Norm,Norm,1Fam,2Story,8,5,2007,2007,Gable,CompShg,VinylSd,VinylSd,,0.0,Gd,TA,PConc,Gd,TA,Av,GLQ,350.0,Unf,0.0,546.0,896.0,GasA,Ex,Y,SBrkr,896,896,0,1792,0.0,0.0,2,1,3,1,Gd,8,Typ,0,,Attchd,2007.0,Fin,2.0,590.0,TA,TA,Y,184,96,0,0,0,0,,,,0,11,2007,New,Partial,255000,142.29910714285714,high,148.58750546826823,44,0,0,0,2688.0,2.5,40
1796,1797,528458090,60,FV,81.0,10411,Pave,,Reg,Lvl,AllPub,Corner,Gtl,Somerst,Norm,Norm,1Fam,2Story,5,5,2007,2007,Gable,CompShg,VinylSd,VinylSd,,0.0,Gd,TA,CBlock,Gd,TA,,Unf,0.0,Unf,0.0,725.0,725.0,GasA,Ex,Y,SBrkr,725,863,0,1588,0.0,0.0,3,0,3,1,Gd,8,Typ,0,,Attchd,2007.0,Unf,2.0,561.0,TA,TA,Y,0,0,0,0,0,0,,,,0,7,2007,New,Partial,212109,133.5698992443325,mid,116.06557377049181,7,0,0,0,2313.0,3.0,25
1797,1798,528458120,60,FV,75.0,9000,Pave,,Reg,Lvl,AllPub,Inside,Gtl,Somerst,Norm,Norm,1Fam,2Story,8,5,2006,2006,Gable,CompShg,VinylSd,VinylSd,,0.0,Gd,TA,PConc,Gd,TA,Av,Unf,0.0,Unf,0.0,1088.0,1088.0,GasA,Ex,Y,SBrkr,1088,871,0,1959,0.0,0.0,2,1,3,1,Gd,8,Typ,1,Gd,Attchd,2006.0,RFn,3.0,1025.0,TA,TA,Y,208,46,0,0,0,0,,,,0,12,2007,WD ,Normal,270000,137.82542113323123,high,148.58750546826823,44,0,1,1,3047.0,2.5,40
1798,1799,528458130,60,FV,75.0,9000,Pave,,Reg,Lvl,AllPub,Inside,Gtl,Somerst,Norm,Norm,1Fam,2Story,8,5,2007,2007,Gable,CompShg,CemntBd,CmentBd,,0.0,Gd,TA,PConc,Gd,TA,Av,GLQ,64.0,Unf,0.0,1120.0,1184.0,GasA,Ex,Y,SBrkr,1184,1426,0,2610,0.0,0.0,2,1,4,1,Ex,11,Typ,1,Gd,BuiltIn,2007.0,Fin,2.0,550.0,TA,TA,Y,208,364,0,0,0,0,,,,0,8,2007,New,Partial,303477,116.27471264367816,high,148.58750546826823,44,1,0,0,3794.0,2.5,40
1799,1800,528458150,60,FV,112.0,12217,Pave,,IR1,Lvl,AllPub,Inside,Gtl,Somerst,Norm,Norm,1Fam,2Story,8,5,2007,2007,Hip,CompShg,WdShing,Wd Shng,,,Gd,TA,PConc,Ex,TA,Av,GLQ,745.0,Unf,0.0,210.0,955.0,GasA,Ex,Y,SBrkr,955,925,0,1880,1.0,0.0,2,1,3,1,Ex,8,Typ,1,Gd,Attchd,2007.0,Fin,3.0,880.0,TA,TA,Y,168,127,0,0,0,0,,,,0,12,2007,New,Partial,310013,164.9005319148936,high,148.58750546826823,44,0,0,0,2835.0,3.5,40
1800,1801,528477020,20,FV,84.0,11096,Pave,,Reg,Lvl,AllPub,Inside,Gtl,Somerst,Norm,Norm,1Fam,1Story,8,5,2006,2006,Gable,CompShg,VinylSd,VinylSd,,0.0,Gd,TA,PConc,Gd,TA,Av,GLQ,24.0,Unf,0.0,1632.0,1656.0,GasA,Ex,Y,SBrkr,1656,0,0,1656,0.0,0.0,2,0,3,1,Gd,7,Typ,0,,Attchd,2006.0,RFn,3.0,826.0,TA,TA,Y,0,146,0,0,0,0,,,,0,7,2007,WD ,Normal,249700,150.78502415458937,high,148.58750546826823,44,0,1,1,3312.0,2.0,40
1801,1802,528480020,60,FV,84.0,10207,Pave,,Reg,Lvl,AllPub,Inside,Gtl,Somerst,Norm,Norm,1Fam,2Story,7,6,2007,2007,Gable,CompShg,VinylSd,VinylSd,,0.0,Gd,TA,PConc,Gd,TA,No,Unf,0.0,Unf,0.0,874.0,874.0,GasA,Ex,Y,SBrkr,874,887,0,1761,0.0,0.0,3,0,3,1,Gd,7,Typ,0,,Attchd,2007.0,Fin,2.0,578.0,TA,TA,Y,144,105,0,0,0,0,,,,0,8,2007,New,Partial,227875,129.40090857467348,high,148.58750546826823,44,1,0,0,2635.0,3.0,42
1802,1803,528480180,20,FV,84.0,10440,Pave,,Reg,Lvl,AllPub,Corner,Gtl,Somerst,Norm,Norm,1Fam,1Story,8,5,2007,2007,Gable,CompShg,CemntBd,CmentBd,,0.0,Ex,TA,PConc,Gd,TA,Mn,Unf,0.0,Unf,0.0,1574.0,1574.0,GasA,Ex,Y,SBrkr,1584,0,0,1584,0.0,0.0,2,0,2,1,Ex,6,Typ,1,Gd,Attchd,2007.0,Fin,2.0,594.0,TA,TA,Y,0,256,0,0,0,0,,,,0,5,2007,New,Partial,261329,164.9804292929293,high,148.58750546826823,44,0,0,0,3158.0,2.0,40
1803,1804,528482010,20,FV,100.0,11824,Pave,,IR1,Lvl,AllPub,Corner,Gtl,Somerst,Norm,Norm,1Fam,1Story,8,5,2006,2006,Gable,CompShg,VinylSd,VinylSd,BrkFace,298.0,Gd,TA,PConc,Gd,TA,Av,Unf,0.0,Unf,0.0,1685.0,1685.0,GasA,Ex,Y,SBrkr,1685,0,0,1685,0.0,0.0,2,0,2,1,Gd,5,Typ,1,Gd,Attchd,2006.0,Fin,3.0,658.0,TA,TA,Y,112,63,0,0,0,0,,,,0,4,2007,WD ,Normal,253000,150.14836795252225,high,148.58750546826823,44,0,1,1,3370.0,2.0,40
1804,1805,528482030,60,FV,85.0,10625,Pave,,Reg,Lvl,AllPub,Inside,Gtl,Somerst,Norm,Norm,1Fam,2Story,6,5,2004,2004,Gable,CompShg,VinylSd,VinylSd,BrkFace,353.0,Gd,TA,PConc,Gd,TA,Av,Unf,0.0,Unf,0.0,1158.0,1158.0,GasA,Ex,Y,SBrkr,1158,1285,0,2443,0.0,0.0,2,1,4,1,Gd,9,Min2,1,Gd,BuiltIn,2004.0,RFn,3.0,744.0,TA,TA,Y,193,127,0,0,0,0,,,,0,6,2007,WD ,Normal,265000,108.47318870241506,mid,116.06557377049181,7,0,3,3,3601.0,2.5,30
1805,1806,528482090,60,FV,102.0,11143,Pave,,IR1,Lvl,AllPub,Corner,Gtl,Somerst,Norm,Norm,1Fam,2Story,8,5,2004,2005,Gable,CompShg,CemntBd,CmentBd,,0.0,Gd,TA,PConc,Gd,TA,No,Unf,0.0,Unf,0.0,1580.0,1580.0,GasA,Ex,Y,SBrkr,1580,886,0,2466,0.0,0.0,3,0,4,1,Gd,8,Typ,1,Gd,Attchd,2004.0,RFn,2.0,610.0,TA,TA,Y,159,214,0,0,0,0,,,,0,12,2007,WD ,Normal,340000,137.87510137875103,high,148.58750546826823,44,0,3,2,4046.0,3.0,40
1806,1807,531363020,20,RL,63.0,7500,Pave,,Reg,Lvl,AllPub,Inside,Gtl,SawyerW,Norm,Norm,1Fam,1Story,6,5,2006,2007,Gable,CompShg,VinylSd,VinylSd,,0.0,TA,TA,PConc,Gd,TA,No,Unf,0.0,Unf,0.0,1100.0,1100.0,GasA,Ex,Y,SBrkr,1100,0,0,1100,0.0,0.0,1,1,3,1,TA,6,Typ,0,,,,,0.0,0.0,,,Y,0,136,0,0,0,0,,,,0,6,2007,New,Partial,146000,132.72727272727272,mid,116.79256246368391,9,0,1,0,2200.0,1.5,30
1807,1808,531363040,20,RL,63.0,7500,Pave,,Reg,Lvl,AllPub,Inside,Gtl,SawyerW,Norm,Norm,1Fam,1Story,7,5,2006,2006,Gable,CompShg,VinylSd,VinylSd,,0.0,Gd,TA,PConc,Gd,Gd,No,Unf,0.0,Unf,0.0,1143.0,1143.0,GasA,Ex,Y,SBrkr,1143,0,0,1143,0.0,0.0,1,1,3,1,Gd,5,Typ,0,,,,,0.0,0.0,,,Y,0,55,0,0,0,0,,,,0,10,2007,WD ,Normal,147000,128.60892388451444,high,118.54554381085218,12,0,1,1,2286.0,1.5,35
1808,1809,531375140,20,RL,60.0,12450,Pave,,Reg,Lvl,AllPub,Inside,Gtl,SawyerW,RRAe,Norm,1Fam,1Story,5,5,2003,2004,Gable,CompShg,VinylSd,VinylSd,BrkFace,126.0,Gd,TA,PConc,Gd,TA,No,GLQ,729.0,Unf,0.0,365.0,1094.0,GasA,Ex,Y,SBrkr,1094,0,0,1094,1.0,0.0,1,0,3,1,Gd,6,Typ,0,,Detchd,2004.0,Unf,2.0,576.0,TA,TA,Y,0,0,0,0,0,0,,,,0,5,2007,WD ,Normal,149000,136.19744058500913,mid,116.79256246368391,9,0,4,3,2188.0,2.0,25
1809,1810,531376060,20,RL,65.0,7441,Pave,,IR1,Lvl,AllPub,Inside,Gtl,SawyerW,Norm,Norm,1Fam,1Story,7,5,2006,2006,Gable,CompShg,VinylSd,VinylSd,BrkFace,170.0,Gd,TA,PConc,Gd,TA,No,Unf,0.0,Unf,0.0,1461.0,1461.0,GasA,Ex,Y,SBrkr,1486,0,0,1486,0.0,0.0,2,0,3,1,Gd,7,Typ,0,,Attchd,2006.0,RFn,2.0,566.0,TA,TA,Y,0,32,0,0,0,0,,,,0,6,2007,WD ,Normal,181000,121.80349932705249,high,118.54554381085218,12,0,1,1,2947.0,2.0,35
1810,1811,531380110,60,RL,70.0,8462,Pave,,IR1,Lvl,AllPub,Inside,Gtl,SawyerW,Norm,Norm,1Fam,2Story,6,5,1994,1994,Gable,CompShg,HdBoard,HdBoard,BrkFace,105.0,Gd,Gd,PConc,Gd,Gd,No,GLQ,814.0,Unf,0.0,114.0,928.0,GasA,Ex,Y,SBrkr,936,785,0,1721,0.0,1.0,2,1,3,1,Gd,7,Typ,0,,Attchd,1994.0,RFn,2.0,471.0,TA,TA,Y,300,87,0,0,0,0,,,,0,7,2007,WD ,Normal,201000,116.79256246368391,mid,116.79256246368391,9,0,13,13,2649.0,3.0,30
1811,1812,531384070,60,RL,,11613,Pave,,IR2,Lvl,AllPub,Corner,Gtl,SawyerW,Norm,Norm,1Fam,2Story,6,5,1993,1997,Gable,CompShg,VinylSd,VinylSd,,0.0,Gd,TA,PConc,Gd,TA,No,ALQ,480.0,Unf,0.0,384.0,864.0,GasA,Ex,Y,SBrkr,920,900,0,1820,0.0,0.0,2,1,3,1,Gd,7,Typ,0,,Attchd,1993.0,RFn,2.0,492.0,TA,TA,Y,144,85,0,0,0,0,,GdPrv,,0,5,2007,WD ,Normal,191750,105.35714285714286,mid,116.79256246368391,9,0,14,10,2684.0,2.5,30
1812,1813,531385070,20,RL,65.0,8450,Pave,,Reg,Lvl,AllPub,Inside,Gtl,SawyerW,Norm,Norm,1Fam,1Story,7,5,2000,2001,Gable,CompShg,VinylSd,VinylSd,BrkFace,108.0,TA,TA,PConc,Gd,TA,No,Unf,0.0,Unf,0.0,1349.0,1349.0,GasA,Ex,Y,SBrkr,1349,0,0,1349,0.0,0.0,2,0,3,1,TA,6,Typ,0,,Attchd,2000.0,Unf,2.0,539.0,TA,TA,Y,120,55,0,0,0,0,,GdPrv,,0,12,2007,WD ,Normal,179000,132.69088213491474,high,118.54554381085218,12,0,7,6,2698.0,2.0,35
1813,1814,531385130,20,RL,,16196,Pave,,IR3,Low,AllPub,Inside,Gtl,SawyerW,Norm,Norm,1Fam,1Story,7,5,1998,1998,Gable,CompShg,VinylSd,VinylSd,,0.0,Gd,TA,PConc,Gd,TA,Gd,GLQ,1443.0,Unf,0.0,39.0,1482.0,GasA,Ex,Y,SBrkr,1494,0,0,1494,1.0,0.0,2,0,3,1,Gd,5,Typ,1,Fa,Attchd,1998.0,RFn,2.0,514.0,TA,TA,Y,402,25,0,0,0,0,,,,0,8,2007,WD ,Normal,215000,143.90896921017404,high,118.54554381085218,12,0,9,9,2976.0,3.0,35
1814,1815,531451030,120,RL,50.0,8012,Pave,,Reg,Lvl,AllPub,Inside,Gtl,SawyerW,Norm,Norm,TwnhsE,1Story,6,5,1992,1992,Gable,CompShg,Plywood,ImStucc,,0.0,Gd,TA,PConc,Gd,TA,No,GLQ,430.0,Unf,0.0,1145.0,1575.0,GasA,Gd,Y,SBrkr,1575,0,0,1575,1.0,0.0,2,0,2,1,Gd,5,Typ,0,,Attchd,1992.0,RFn,2.0,529.0,TA,TA,Y,0,0,52,0,0,0,,,,0,7,2007,WD ,Normal,179200,113.77777777777777,mid,116.79256246368391,9,0,15,15,3150.0,3.0,30
1815,1816,531451150,160,RL,50.0,8012,Pave,,Reg,Lvl,AllPub,Inside,Gtl,SawyerW,Norm,Norm,TwnhsE,2Story,6,5,1980,1980,Gable,CompShg,Plywood,Plywood,,0.0,TA,TA,CBlock,TA,TA,No,Unf,0.0,Unf,0.0,630.0,630.0,GasA,Ex,Y,SBrkr,630,636,0,1266,0.0,0.0,1,1,2,1,TA,5,Typ,2,TA,Attchd,1980.0,RFn,1.0,283.0,TA,TA,Y,340,0,0,0,0,0,,MnPrv,,0,7,2007,WD ,Normal,128000,101.10584518167457,mid,116.79256246368391,9,1,27,27,1896.0,1.5,30
1816,1817,531453140,85,RL,,9180,Pave,,IR1,Lvl,AllPub,CulDSac,Gtl,SawyerW,Norm,Norm,1Fam,SFoyer,5,7,1983,1983,Gable,CompShg,HdBoard,HdBoard,,0.0,TA,TA,CBlock,Gd,TA,Av,ALQ,747.0,LwQ,93.0,0.0,840.0,GasA,Gd,Y,SBrkr,884,0,0,884,1.0,0.0,1,0,2,1,Gd,5,Typ,0,,Attchd,1983.0,RFn,2.0,504.0,TA,Gd,Y,240,0,0,0,0,0,,MnPrv,,0,12,2007,WD ,Normal,144000,162.89592760180994,mid,116.79256246368391,9,0,24,24,1724.0,2.0,35
1817,1818,531477040,90,RH,60.0,8400,Pave,,Reg,Lvl,AllPub,Inside,Gtl,SawyerW,Feedr,Norm,Duplex,1Story,5,5,1977,1977,Gable,CompShg,Plywood,Plywood,BrkFace,320.0,TA,TA,Slab,,,,,0.0,,0.0,0.0,0.0,GasA,TA,Y,SBrkr,2020,0,0,2020,0.0,0.0,2,0,4,2,TA,10,Typ,2,TA,Detchd,1977.0,Unf,2.0,630.0,TA,TA,Y,0,0,0,0,0,0,,,,0,10,2007,WD ,Normal,144000,71.2871287128713,mid,116.79256246368391,9,1,30,30,2020.0,2.0,25
1818,1819,532353120,20,RL,64.0,6285,Pave,,Reg,Lvl,AllPub,Inside,Gtl,Sawyer,Norm,Norm,1Fam,1Story,5,5,1977,1977,Gable,CompShg,Plywood,Plywood,,0.0,TA,TA,CBlock,Gd,TA,No,LwQ,138.0,Rec,351.0,405.0,894.0,GasA,TA,Y,SBrkr,894,0,0,894,1.0,0.0,1,0,2,1,TA,5,Typ,0,,Detchd,1979.0,Unf,1.0,308.0,TA,TA,Y,192,0,0,0,0,0,,,,0,3,2007,WD ,Normal,120750,135.06711409395973,mid,128.2051282051282,35,0,30,30,1788.0,2.0,25
1819,1820,532354010,20,RL,80.0,8480,Pave,,Reg,Lvl,AllPub,Corner,Gtl,Sawyer,Norm,Norm,1Fam,1Story,5,6,1963,1963,Hip,CompShg,HdBoard,HdBoard,,0.0,TA,TA,CBlock,TA,TA,No,GLQ,630.0,Unf,0.0,340.0,970.0,GasA,TA,Y,SBrkr,970,0,0,970,1.0,0.0,1,0,2,1,TA,5,Typ,0,,Detchd,1996.0,Unf,2.0,624.0,TA,TA,Y,0,24,0,0,192,0,,,,0,7,2007,WD ,Normal,132500,136.5979381443299,mid,128.2051282051282,35,0,44,44,1940.0,2.0,30
1820,1821,532354060,20,RL,70.0,7420,Pave,,Reg,Lvl,AllPub,Inside,Gtl,Sawyer,Norm,Norm,1Fam,1Story,5,5,1962,1962,Hip,CompShg,MetalSd,MetalSd,,0.0,TA,TA,CBlock,TA,TA,No,Rec,417.0,Unf,0.0,640.0,1057.0,GasA,TA,Y,SBrkr,1057,0,0,1057,0.0,0.0,1,0,3,1,TA,6,Typ,0,,Detchd,1977.0,Fin,2.0,576.0,TA,TA,Y,0,0,0,0,0,0,,,,0,4,2007,WD ,Normal,132000,124.88174077578051,mid,128.2051282051282,35,0,45,45,2114.0,1.0,25
1821,1822,532354070,20,RL,,7758,Pave,,IR1,Lvl,AllPub,Corner,Gtl,Sawyer,Norm,Norm,1Fam,1Story,5,7,1962,2001,Gable,CompShg,HdBoard,Plywood,,0.0,TA,Gd,CBlock,TA,TA,No,ALQ,588.0,Unf,0.0,411.0,999.0,GasA,Gd,Y,SBrkr,999,0,0,999,1.0,0.0,1,0,3,1,Gd,6,Typ,0,,Detchd,1963.0,Unf,1.0,264.0,TA,TA,Y,0,132,0,0,0,0,,,,0,3,2007,WD ,Normal,132500,132.63263263263264,mid,128.2051282051282,35,0,45,6,1998.0,2.0,35
1822,1823,532376040,20,RL,85.0,6970,Pave,,Reg,Lvl,AllPub,Corner,Gtl,Sawyer,Feedr,Norm,1Fam,1Story,4,5,1961,1961,Gable,CompShg,VinylSd,VinylSd,,0.0,TA,TA,CBlock,TA,TA,No,ALQ,932.0,Unf,0.0,108.0,1040.0,GasA,TA,Y,SBrkr,1120,0,0,1120,1.0,0.0,1,1,3,1,Fa,5,Typ,0,,Attchd,1961.0,RFn,2.0,544.0,TA,TA,Y,168,0,0,0,0,0,,,Shed,400,5,2007,WD ,Normal,129000,115.17857142857143,mid,128.2051282051282,35,1,46,46,2160.0,2.5,20
1823,1824,532376090,20,RL,40.0,13673,Pave,,IR1,Lvl,AllPub,CulDSac,Gtl,Sawyer,RRAe,Norm,1Fam,1Story,5,5,1962,1962,Gable,CompShg,HdBoard,HdBoard,,0.0,TA,Gd,CBlock,TA,TA,No,Unf,0.0,Unf,0.0,1140.0,1140.0,GasA,TA,Y,SBrkr,1696,0,0,1696,0.0,0.0,1,1,3,1,TA,8,Min2,1,TA,Attchd,1962.0,RFn,1.0,349.0,TA,TA,Y,0,30,0,0,0,0,,,,0,3,2007,WD ,Normal,143900,84.84669811320755,mid,128.2051282051282,35,1,45,45,2836.0,1.5,25
1824,1825,532377050,20,RL,84.0,7476,Pave,,Reg,Lvl,AllPub,Corner,Gtl,Sawyer,Norm,Norm,1Fam,1Story,5,7,1968,1968,Gable,CompShg,HdBoard,HdBoard,,0.0,TA,TA,CBlock,TA,TA,No,Rec,812.0,Unf,0.0,228.0,1040.0,GasA,TA,Y,SBrkr,1040,0,0,1040,1.0,0.0,1,1,3,1,TA,5,Typ,0,,Detchd,1991.0,Fin,2.0,686.0,TA,TA,Y,188,0,0,0,0,0,,,,0,6,2007,WD ,Normal,145000,139.42307692307693,mid,128.2051282051282,35,0,39,39,2080.0,2.5,35
1825,1826,532377140,20,RL,,9945,Pave,,IR1,Lvl,AllPub,Inside,Gtl,Sawyer,Norm,Norm,1Fam,1Story,5,5,1961,1961,Hip,CompShg,Wd Sdng,Wd Sdng,BrkFace,57.0,TA,TA,CBlock,TA,TA,No,Rec,827.0,Unf,0.0,161.0,988.0,GasA,TA,Y,SBrkr,988,0,0,988,1.0,0.0,1,0,3,1,TA,5,Typ,0,,Detchd,1963.0,Unf,2.0,572.0,TA,TA,Y,0,0,0,0,0,0,,,,0,10,2007,WD ,Normal,128500,130.06072874493927,mid,128.2051282051282,35,0,46,46,1976.0,2.0,25
1826,1827,532378240,20,RL,,6173,Pave,,IR1,Lvl,AllPub,Inside,Gtl,Sawyer,Norm,Norm,1Fam,1Story,5,6,1967,1967,Gable,CompShg,HdBoard,Wd Sdng,BrkFace,75.0,TA,TA,CBlock,TA,TA,No,GLQ,599.0,Unf,0.0,277.0,876.0,GasA,TA,Y,SBrkr,902,0,0,902,0.0,0.0,1,0,3,1,TA,6,Typ,0,,Attchd,1967.0,Unf,1.0,288.0,TA,TA,Y,0,0,0,0,0,0,,MnPrv,,0,8,2007,WD ,Normal,125500,139.13525498891352,mid,128.2051282051282,35,0,40,40,1778.0,1.0,30
1827,1828,532476080,60,RL,,19522,Pave,,IR1,Bnk,AllPub,Inside,Gtl,Veenker,Norm,Norm,1Fam,2Story,7,5,1990,1990,Gable,CompShg,HdBoard,HdBoard,BrkFace,272.0,Gd,TA,PConc,Gd,TA,No,GLQ,727.0,Unf,0.0,496.0,1223.0,GasA,Gd,Y,SBrkr,1271,1232,0,2503,1.0,0.0,2,1,3,1,Gd,7,Typ,1,TA,Attchd,1990.0,RFn,2.0,564.0,TA,TA,Y,0,99,0,0,182,0,,,,0,2,2007,WD ,Normal,300000,119.85617259288854,high,135.67143516382095,5,1,17,17,3726.0,3.5,35
1828,1829,532477040,60,RL,,17542,Pave,,IR1,Lvl,AllPub,Inside,Gtl,Veenker,Norm,Norm,1Fam,2Story,7,7,1974,2003,Gable,CompShg,Wd Sdng,Wd Sdng,,0.0,Gd,TA,CBlock,TA,TA,Gd,LwQ,125.0,ALQ,1031.0,36.0,1192.0,GasA,TA,Y,SBrkr,1516,651,0,2167,1.0,0.0,2,1,3,1,Gd,9,Typ,2,Gd,Attchd,1974.0,RFn,2.0,518.0,TA,TA,Y,220,47,0,0,0,0,,MnPrv,,0,7,2007,WD ,Normal,294000,135.67143516382095,high,135.67143516382095,5,0,33,4,3359.0,3.5,49
1829,1830,532479050,20,RL,44.0,10751,Pave,,IR1,Lvl,AllPub,CulDSac,Gtl,Sawyer,RRAe,Norm,1Fam,1Story,5,5,1974,1974,Gable,CompShg,Plywood,Plywood,BrkFace,44.0,TA,TA,CBlock,Fa,TA,Gd,ALQ,787.0,Unf,0.0,250.0,1037.0,GasA,TA,Y,SBrkr,1037,0,0,1037,1.0,0.0,1,0,2,1,TA,5,Typ,0,,Attchd,1974.0,RFn,2.0,431.0,TA,TA,Y,136,47,0,0,0,0,,,,0,8,2007,WD ,Normal,129000,124.39729990356798,mid,128.2051282051282,35,0,33,33,2074.0,2.0,25
1830,1831,532479120,85,RL,,16647,Pave,,IR1,Lvl,AllPub,CulDSac,Gtl,Sawyer,RRAe,Norm,1Fam,SFoyer,5,5,1975,1981,Gable,CompShg,HdBoard,HdBoard,,0.0,TA,TA,CBlock,Gd,TA,Gd,ALQ,1390.0,Unf,0.0,0.0,1390.0,GasA,TA,Y,SBrkr,1701,0,0,1701,1.0,0.0,2,0,3,1,TA,6,Min2,2,TA,Basment,1975.0,Fin,2.0,611.0,TA,TA,Y,0,0,0,0,0,0,,,,0,1,2007,WD ,Normal,171000,100.52910052910053,mid,128.2051282051282,35,1,32,26,3091.0,3.0,25
1831,1832,532479140,20,RL,43.0,12712,Pave,,IR1,Lvl,AllPub,CulDSac,Gtl,Sawyer,RRAe,Norm,1Fam,1Story,6,7,1973,2006,Gable,CompShg,CemntBd,CmentBd,,0.0,TA,TA,CBlock,Gd,TA,Mn,ALQ,968.0,Unf,0.0,76.0,1044.0,GasA,TA,Y,SBrkr,1055,0,0,1055,1.0,0.0,1,0,2,1,Gd,5,Typ,1,TA,Attchd,1973.0,RFn,2.0,542.0,TA,TA,Y,455,0,0,0,0,0,,,,0,1,2007,WD ,Abnorml,147000,139.33649289099526,mid,128.2051282051282,35,0,34,1,2099.0,2.0,42
1832,1833,533120030,60,RL,,9572,Pave,,IR1,Lvl,AllPub,Inside,Gtl,NoRidge,Norm,Norm,1Fam,2Story,8,5,1990,1990,Gable,CompShg,Wd Sdng,Wd Sdng,BrkFace,336.0,Gd,TA,PConc,Ex,TA,No,GLQ,482.0,Unf,0.0,971.0,1453.0,GasA,Ex,Y,SBrkr,1453,1357,0,2810,0.0,0.0,2,1,4,1,Gd,9,Typ,1,Ex,Attchd,1990.0,RFn,2.0,750.0,Gd,Gd,Y,500,0,0,0,0,0,,,,0,6,2007,WD ,Normal,302000,107.47330960854093,high,130.02364066193854,17,1,17,17,4263.0,2.5,40
1833,1834,533130170,50,RL,85.0,10678,Pave,,Reg,Lvl,AllPub,Inside,Gtl,NoRidge,Norm,Norm,1Fam,1.5Fin,8,5,1992,2000,Hip,CompShg,HdBoard,HdBoard,BrkFace,337.0,Gd,TA,PConc,Gd,TA,No,GLQ,700.0,Unf,0.0,983.0,1683.0,GasA,Ex,Y,SBrkr,2129,743,0,2872,0.0,0.0,2,1,4,1,Gd,9,Typ,1,TA,Attchd,1992.0,Fin,2.0,541.0,TA,TA,Y,0,33,0,0,0,0,,,,0,4,2007,WD ,Normal,285000,99.23398328690807,high,130.02364066193854,17,1,15,7,4555.0,2.5,40
1834,1835,533205110,120,FV,45.0,4379,Pave,,IR1,Lvl,AllPub,FR2,Gtl,Somerst,Norm,Norm,TwnhsE,1Story,8,5,2004,2004,Gable,CompShg,MetalSd,MetalSd,,0.0,Gd,TA,PConc,Gd,TA,Av,GLQ,851.0,Unf,0.0,527.0,1378.0,GasA,Ex,Y,SBrkr,1378,0,0,1378,1.0,0.0,2,0,2,1,Gd,6,Typ,1,Gd,Attchd,2004.0,Fin,2.0,540.0,TA,TA,Y,160,56,0,0,0,0,,,,0,7,2007,WD ,Normal,214000,155.29753265602324,high,148.58750546826823,44,0,3,3,2756.0,3.0,40
1835,1836,533206060,120,FV,80.0,3523,Pave,Pave,IR1,Lvl,AllPub,Inside,Gtl,Somerst,Norm,Norm,TwnhsE,1Story,8,5,2006,2007,Gable,CompShg,VinylSd,VinylSd,Stone,30.0,Gd,TA,PConc,Gd,TA,No,GLQ,60.0,Unf,0.0,1081.0,1141.0,GasA,Ex,Y,SBrkr,1151,0,0,1151,1.0,0.0,2,0,2,1,Gd,5,Typ,0,,Attchd,2006.0,Fin,2.0,484.0,TA,TA,Y,0,60,0,0,0,0,,,,0,2,2007,New,Partial,166000,144.22241529105125,high,148.58750546826823,44,0,1,0,2292.0,3.0,40
1836,1837,533206070,120,FV,32.0,3784,Pave,Pave,IR1,Lvl,AllPub,Inside,Gtl,Somerst,Norm,Norm,TwnhsE,1Story,8,5,2006,2007,Gable,CompShg,VinylSd,VinylSd,Stone,36.0,Gd,TA,PConc,Gd,TA,No,GLQ,60.0,Unf,0.0,1451.0,1511.0,GasA,Ex,Y,SBrkr,1565,0,0,1565,1.0,0.0,2,0,2,1,Gd,5,Typ,0,,Attchd,2006.0,Fin,2.0,476.0,TA,TA,Y,0,120,0,0,0,0,,,,0,2,2007,New,Partial,193800,123.83386581469648,high,148.58750546826823,44,1,1,0,3076.0,3.0,40
1837,1838,533208010,120,FV,47.0,4230,Pave,Pave,Reg,Lvl,AllPub,Corner,Gtl,Somerst,Norm,Norm,TwnhsE,1Story,7,5,2006,2007,Gable,CompShg,VinylSd,VinylSd,,0.0,Gd,TA,PConc,Ex,Gd,No,Unf,0.0,Unf,0.0,1352.0,1352.0,GasA,Ex,Y,SBrkr,1352,0,0,1352,0.0,0.0,2,0,2,1,Gd,5,Typ,1,Gd,Attchd,2006.0,RFn,2.0,466.0,TA,TA,Y,0,241,0,0,0,0,,,,0,4,2007,New,Partial,208900,154.51183431952663,high,148.58750546826823,44,0,1,0,2704.0,2.0,35
1838,1839,533208020,120,FV,40.0,3606,Pave,Pave,Reg,Lvl,AllPub,Inside,Gtl,Somerst,Norm,Norm,TwnhsE,1Story,7,5,2006,2007,Gable,CompShg,VinylSd,VinylSd,,0.0,Gd,TA,PConc,Ex,Gd,No,GLQ,937.0,Unf,0.0,415.0,1352.0,GasA,Ex,Y,SBrkr,1352,0,0,1352,1.0,0.0,2,0,2,1,Gd,5,Typ,1,Gd,Attchd,2006.0,RFn,2.0,466.0,TA,TA,Y,0,241,0,0,0,0,,,,0,8,2007,New,Partial,194000,143.49112426035504,high,148.58750546826823,44,0,1,0,2704.0,3.0,35
1839,1840,533208030,120,FV,30.0,5330,Pave,Pave,IR2,Lvl,AllPub,Inside,Gtl,Somerst,Norm,Norm,TwnhsE,1Story,8,5,2006,2007,Gable,CompShg,VinylSd,VinylSd,,,Gd,TA,PConc,Gd,TA,No,Unf,0.0,Unf,0.0,1550.0,1550.0,GasA,Ex,Y,SBrkr,1550,0,0,1550,0.0,0.0,2,1,2,1,Gd,5,Typ,0,,Attchd,2007.0,Fin,2.0,528.0,TA,TA,Y,0,102,0,0,0,0,,,,0,7,2007,New,Partial,207500,133.8709677419355,high,148.58750546826823,44,0,1,0,3100.0,2.5,40
1840,1841,533208040,120,FV,35.0,4274,Pave,Pave,IR1,Lvl,AllPub,Inside,Gtl,Somerst,Norm,Norm,TwnhsE,1Story,7,5,2006,2007,Gable,CompShg,VinylSd,VinylSd,,,Gd,TA,PConc,Gd,TA,No,GLQ,1106.0,Unf,0.0,135.0,1241.0,GasA,Ex,Y,SBrkr,1241,0,0,1241,1.0,0.0,1,1,1,1,Gd,4,Typ,0,,Attchd,2007.0,Fin,2.0,569.0,TA,TA,Y,0,116,0,0,0,0,,,,0,11,2007,New,Partial,199900,161.07977437550363,high,148.58750546826823,44,0,1,0,2482.0,2.5,35
1841,1842,533208070,160,FV,35.0,4251,Pave,Pave,IR1,Lvl,AllPub,Inside,Gtl,Somerst,Norm,Norm,TwnhsE,2Story,7,5,2006,2007,Gable,CompShg,MetalSd,MetalSd,,0.0,Gd,TA,PConc,Gd,TA,No,Unf,0.0,Unf,0.0,625.0,625.0,GasA,Ex,Y,SBrkr,625,625,0,1250,0.0,0.0,2,1,2,1,Gd,5,Typ,0,,Detchd,2006.0,RFn,2.0,528.0,TA,TA,Y,0,54,0,0,0,0,,,,0,6,2007,New,Partial,164700,131.76,high,148.58750546826823,44,1,1,0,1875.0,2.5,35
1842,1843,533213130,160,FV,24.0,2280,Pave,Pave,Reg,Lvl,AllPub,Inside,Gtl,Somerst,Norm,Norm,Twnhs,2Story,6,5,1999,1999,Gable,CompShg,MetalSd,MetalSd,BrkFace,342.0,TA,TA,PConc,Gd,TA,No,GLQ,565.0,Unf,0.0,179.0,744.0,GasA,Gd,Y,SBrkr,757,744,0,1501,1.0,0.0,2,1,3,1,TA,6,Typ,1,TA,Detchd,1999.0,Unf,2.0,440.0,TA,TA,Y,0,0,0,0,0,0,,,,0,9,2007,WD ,Normal,176500,117.58827448367755,mid,116.06557377049181,7,0,8,8,2245.0,3.5,30
1843,1844,533213140,160,FV,34.0,3230,Pave,Pave,Reg,Lvl,AllPub,Corner,Gtl,Somerst,Norm,Norm,TwnhsE,2Story,6,5,1999,1999,Gable,CompShg,MetalSd,MetalSd,BrkFace,1129.0,TA,TA,PConc,Gd,TA,No,GLQ,419.0,Unf,0.0,310.0,729.0,GasA,Gd,Y,SBrkr,729,729,0,1458,0.0,0.0,2,1,2,1,TA,5,Typ,1,Fa,Detchd,1999.0,Unf,2.0,440.0,TA,TA,Y,0,32,0,0,0,0,,,,0,6,2007,WD ,Normal,176000,120.71330589849109,mid,116.06557377049181,7,0,8,8,2187.0,2.5,30
1844,1845,533221030,160,FV,,2117,Pave,,Reg,Lvl,AllPub,Inside,Gtl,Somerst,Norm,Norm,TwnhsE,2Story,6,5,2000,2000,Gable,CompShg,MetalSd,MetalSd,BrkFace,513.0,Gd,TA,PConc,Gd,TA,No,GLQ,420.0,Unf,0.0,336.0,756.0,GasA,Ex,Y,SBrkr,756,756,0,1512,0.0,0.0,2,1,2,1,Gd,4,Typ,1,TA,Detchd,2000.0,Unf,2.0,440.0,TA,TA,Y,0,32,0,0,0,0,,,,0,6,2007,WD ,Normal,168500,111.44179894179894,mid,116.06557377049181,7,0,7,7,2268.0,2.5,30
1845,1846,533221060,160,FV,24.0,2117,Pave,,Reg,Lvl,AllPub,Inside,Gtl,Somerst,Norm,Norm,Twnhs,2Story,6,5,2000,2000,Gable,CompShg,MetalSd,MetalSd,BrkFace,216.0,Gd,TA,PConc,Gd,TA,No,GLQ,417.0,Unf,0.0,339.0,756.0,GasA,Ex,Y,SBrkr,769,804,0,1573,0.0,0.0,2,1,3,1,Gd,4,Typ,0,,Detchd,2000.0,Unf,2.0,440.0,TA,TA,Y,0,32,0,0,0,0,,,,0,9,2007,WD ,Normal,177000,112.52383979656707,mid,116.06557377049181,7,0,7,7,2329.0,2.5,30
1846,1847,533221100,160,FV,,2117,Pave,,Reg,Lvl,AllPub,Inside,Gtl,Somerst,Norm,Norm,Twnhs,2Story,6,5,2000,2000,Gable,CompShg,MetalSd,MetalSd,BrkFace,456.0,Gd,TA,PConc,Gd,TA,No,GLQ,436.0,Unf,0.0,320.0,756.0,GasA,Ex,Y,SBrkr,769,756,0,1525,0.0,0.0,2,1,3,1,Gd,5,Typ,1,TA,Detchd,2000.0,Unf,2.0,440.0,TA,TA,Y,0,0,0,0,0,0,,,,0,6,2007,WD ,Normal,177000,116.06557377049181,mid,116.06557377049181,7,0,7,7,2281.0,2.5,30
1847,1848,533223050,160,FV,,5105,Pave,,IR2,Lvl,AllPub,FR2,Gtl,Somerst,Norm,Norm,TwnhsE,2Story,7,5,2004,2004,Gable,CompShg,MetalSd,MetalSd,,0.0,Gd,TA,PConc,Gd,TA,No,GLQ,239.0,Unf,0.0,312.0,551.0,GasA,Ex,Y,SBrkr,551,551,0,1102,0.0,0.0,2,1,2,1,Gd,4,Typ,0,,Detchd,2004.0,Unf,2.0,480.0,TA,TA,Y,0,60,0,0,0,0,,,,0,3,2007,WD ,Normal,148800,135.02722323049002,high,148.58750546826823,44,0,3,3,1653.0,2.5,35
1848,1849,533236040,160,FV,24.0,2645,Pave,Pave,Reg,Lvl,AllPub,Inside,Gtl,Somerst,Norm,Norm,Twnhs,2Story,8,5,1999,2000,Gable,CompShg,MetalSd,MetalSd,BrkFace,456.0,Gd,TA,PConc,Gd,TA,No,Unf,0.0,Unf,0.0,776.0,776.0,GasA,Ex,Y,SBrkr,764,677,0,1441,0.0,0.0,2,1,2,1,Gd,5,Typ,0,,Detchd,1999.0,Unf,2.0,492.0,TA,TA,Y,206,0,0,0,0,0,,,,0,11,2007,WD ,Normal,174000,120.74947952810548,high,148.58750546826823,44,1,8,7,2217.0,2.5,40
1849,1850,533241030,60,FV,66.0,7399,Pave,Pave,IR1,Lvl,AllPub,Inside,Gtl,Somerst,Norm,Norm,1Fam,2Story,7,5,1997,1998,Hip,CompShg,VinylSd,VinylSd,BrkFace,1600.0,Gd,TA,PConc,Gd,TA,No,BLQ,649.0,Unf,0.0,326.0,975.0,GasA,Ex,Y,SBrkr,975,975,0,1950,0.0,0.0,2,1,3,1,Gd,7,Typ,1,TA,Detchd,1997.0,RFn,2.0,576.0,TA,TA,Y,0,10,0,0,198,0,,,,0,6,2007,WD ,Normal,239000,122.56410256410257,high,148.58750546826823,44,1,10,9,2925.0,2.5,35
1850,1851,533242080,20,FV,73.0,7321,Pave,Pave,IR1,Lvl,AllPub,Inside,Gtl,Somerst,Norm,Norm,1Fam,1Story,7,5,1999,2000,Gable,CompShg,CemntBd,CmentBd,,0.0,Gd,TA,PConc,Gd,TA,No,Unf,0.0,Unf,0.0,1339.0,1339.0,GasA,Ex,Y,SBrkr,1358,0,0,1358,0.0,0.0,2,0,3,1,Gd,5,Typ,0,,Detchd,1999.0,Unf,2.0,625.0,TA,TA,Y,176,174,0,0,0,0,,,,0,12,2007,COD,Normal,204000,150.22091310751105,high,148.58750546826823,44,0,8,7,2697.0,2.0,35
1851,1852,533242090,60,FV,,8010,Pave,Pave,IR1,Lvl,AllPub,Inside,Gtl,Somerst,Norm,Norm,1Fam,2Story,8,5,2003,2004,Hip,CompShg,CemntBd,CmentBd,,0.0,Gd,TA,PConc,Ex,TA,No,GLQ,964.0,Unf,0.0,90.0,1054.0,GasA,Ex,Y,SBrkr,1072,976,0,2048,1.0,0.0,2,1,3,1,Gd,8,Typ,2,Gd,Detchd,2003.0,Unf,2.0,552.0,TA,TA,Y,0,48,0,0,180,0,,,,0,8,2007,WD ,Normal,301000,146.97265625,high,148.58750546826823,44,0,4,3,3102.0,3.5,40
1852,1853,533244040,60,FV,106.0,8413,Pave,,IR1,Lvl,AllPub,Inside,Gtl,Somerst,Norm,Norm,1Fam,2Story,8,5,1998,1998,Gable,CompShg,VinylSd,VinylSd,,0.0,Gd,Gd,PConc,Ex,TA,Mn,GLQ,901.0,Unf,0.0,319.0,1220.0,GasA,Ex,Y,SBrkr,1220,1142,0,2362,1.0,0.0,2,1,3,1,Gd,8,Typ,2,TA,Attchd,1998.0,RFn,2.0,1105.0,Gd,TA,Y,147,0,36,0,144,0,,,,0,6,2007,WD ,Normal,312500,132.30313293818799,high,148.58750546826823,44,1,9,9,3582.0,3.5,40
1853,1854,533250190,120,RL,50.0,9466,Pave,,IR2,Lvl,AllPub,FR2,Gtl,Veenker,Norm,Norm,TwnhsE,1Story,8,5,1994,1995,Gable,CompShg,BrkFace,BrkFace,,0.0,Gd,TA,PConc,Gd,TA,Gd,LwQ,457.0,ALQ,1037.0,0.0,1494.0,GasA,Ex,Y,SBrkr,1494,0,0,1494,1.0,0.0,1,1,1,1,Gd,5,Typ,1,Gd,Attchd,1994.0,Fin,2.0,478.0,TA,TA,Y,0,30,0,0,217,0,,,,0,5,2007,WD ,Normal,279700,187.21552878179384,high,135.67143516382095,5,0,13,12,2988.0,2.5,40
1854,1855,533251110,20,RL,80.0,12000,Pave,,Reg,Lvl,AllPub,Inside,Gtl,Veenker,Norm,Norm,1Fam,1Story,7,6,1980,1980,Hip,CompShg,VinylSd,MetalSd,BrkFace,600.0,Gd,TA,CBlock,Gd,TA,No,GLQ,1732.0,Unf,0.0,270.0,2002.0,GasA,Ex,Y,SBrkr,2362,0,0,2362,1.0,0.0,2,1,3,1,Gd,8,Typ,1,TA,Attchd,1980.0,RFn,2.0,546.0,Gd,TA,Y,180,16,0,0,0,0,,,,0,3,2007,WD ,Normal,255000,107.95935647756139,high,135.67143516382095,5,1,27,27,4364.0,3.5,42
1855,1856,533251130,80,RL,,16157,Pave,,IR1,Lvl,AllPub,FR2,Gtl,Veenker,Feedr,Norm,1Fam,SLvl,5,7,1978,1978,Gable,CompShg,Plywood,Plywood,,0.0,TA,TA,PConc,Gd,TA,Gd,ALQ,680.0,Rec,391.0,289.0,1360.0,GasA,Ex,Y,SBrkr,1432,0,0,1432,1.0,0.0,1,1,2,1,Gd,5,Typ,1,TA,Attchd,1978.0,Unf,2.0,588.0,TA,TA,Y,168,180,0,0,0,0,,,,0,6,2007,WD ,Normal,194000,135.47486033519553,mid,139.64709736252644,4,0,29,29,2792.0,2.5,35
1856,1857,533252130,20,RL,90.0,10768,Pave,,IR1,Lvl,AllPub,Corner,Gtl,Veenker,Norm,Norm,1Fam,1Story,5,8,1976,2004,Gable,CompShg,Plywood,Plywood,,0.0,Gd,Gd,CBlock,Gd,TA,Gd,ALQ,1157.0,Unf,0.0,280.0,1437.0,GasA,TA,Y,SBrkr,1437,0,0,1437,1.0,0.0,2,0,3,1,Gd,6,Typ,1,Fa,Attchd,1976.0,RFn,2.0,528.0,TA,TA,Y,0,21,0,0,180,0,,,,0,7,2007,WD ,Normal,218000,151.70494084899096,mid,139.64709736252644,4,0,31,3,2874.0,3.0,40
1857,1858,533253180,120,RL,40.0,3840,Pave,,IR1,Lvl,AllPub,Inside,Gtl,Greens,Norm,Norm,TwnhsE,1Story,8,6,1978,1998,Gable,CompShg,Wd Sdng,Plywood,,0.0,Gd,TA,CBlock,Gd,TA,Gd,GLQ,881.0,LwQ,176.0,0.0,1057.0,GasA,TA,Y,SBrkr,1295,0,0,1295,1.0,0.0,1,0,1,1,Gd,4,Typ,2,TA,Attchd,1978.0,Fin,2.0,571.0,TA,TA,Y,133,89,0,0,0,0,,,,0,7,2007,WD ,Normal,213750,165.05791505791507,high,165.05791505791507,1,0,29,9,2352.0,2.0,48
1858,1859,533254100,80,RL,80.0,9600,Pave,,Reg,Lvl,AllPub,FR2,Gtl,Veenker,Feedr,Norm,1Fam,SLvl,6,7,1976,1994,Hip,CompShg,Plywood,Plywood,BrkFace,360.0,Gd,Gd,CBlock,TA,TA,No,Unf,0.0,Unf,0.0,528.0,528.0,GasA,Ex,Y,SBrkr,1094,761,0,1855,0.0,0.0,2,1,3,1,TA,7,Typ,1,TA,Attchd,1976.0,RFn,2.0,512.0,TA,TA,Y,113,100,0,0,0,0,,,,0,8,2007,WD ,Normal,187000,100.80862533692722,mid,139.64709736252644,4,1,31,13,2383.0,2.5,42
1859,1860,533254130,20,RL,80.0,9600,Pave,,Reg,Lvl,AllPub,FR2,Gtl,Veenker,Feedr,Norm,1Fam,1Story,6,8,1976,1976,Gable,CompShg,MetalSd,MetalSd,,0.0,TA,TA,CBlock,Gd,TA,Gd,ALQ,978.0,Unf,0.0,284.0,1262.0,GasA,Ex,Y,SBrkr,1262,0,0,1262,0.0,1.0,2,0,3,1,TA,6,Typ,1,TA,Attchd,1976.0,RFn,2.0,460.0,TA,TA,Y,298,0,0,0,0,0,,,,0,5,2007,WD ,Normal,181500,143.81933438985737,mid,139.64709736252644,4,0,31,31,2524.0,2.5,48
1860,1861,533350020,20,RL,94.0,17778,Pave,,IR1,Lvl,AllPub,Inside,Gtl,Veenker,Norm,Norm,1Fam,1Story,8,5,1981,1981,Hip,CompShg,BrkFace,BrkFace,,0.0,Gd,TA,CBlock,Gd,TA,Gd,ALQ,1632.0,Rec,829.0,0.0,2461.0,GasA,Gd,Y,SBrkr,2497,0,0,2497,1.0,0.0,2,0,2,1,Gd,7,Typ,2,Gd,Attchd,1981.0,RFn,2.0,676.0,TA,TA,Y,266,0,0,0,0,0,,,,0,3,2007,WD ,Normal,373000,149.37925510612735,high,135.67143516382095,5,0,26,26,4958.0,3.0,40
1861,1862,533352075,90,RL,,18890,Pave,,IR1,Lvl,AllPub,Inside,Gtl,Sawyer,Feedr,RRAe,Duplex,1.5Fin,5,5,1977,1977,Shed,CompShg,Plywood,Plywood,,1.0,TA,TA,CBlock,Gd,TA,No,GLQ,498.0,Rec,211.0,652.0,1361.0,GasA,Ex,Y,SBrkr,1361,1259,0,2620,0.0,0.0,2,2,4,2,TA,12,Typ,1,TA,BuiltIn,1977.0,RFn,2.0,600.0,TA,TA,N,155,24,145,0,0,0,,,Gar2,8300,8,2007,WD ,Normal,190000,72.51908396946565,mid,128.2051282051282,35,1,30,30,3981.0,3.0,25
1862,1863,534104090,60,FV,,7050,Pave,,Reg,Lvl,AllPub,Inside,Gtl,Somerst,Norm,Norm,1Fam,2Story,7,5,2001,2001,Gable,CompShg,VinylSd,VinylSd,,0.0,Gd,TA,PConc,Gd,TA,No,GLQ,738.0,Unf,0.0,319.0,1057.0,GasA,Ex,Y,SBrkr,1057,872,0,1929,1.0,0.0,2,1,3,1,Gd,7,Typ,1,TA,Attchd,2001.0,Fin,2.0,650.0,TA,TA,Y,0,235,0,0,0,0,,,,0,5,2007,WD ,Normal,226000,117.15914981855884,high,148.58750546826823,44,1,6,6,2986.0,3.5,35
1863,1864,534125120,20,RL,78.0,11700,Pave,,Reg,Lvl,AllPub,Inside,Gtl,NWAmes,RRAn,Norm,1Fam,1Story,6,6,1968,1968,Gable,CompShg,MetalSd,MetalSd,BrkFace,41.0,TA,TA,CBlock,TA,TA,No,Unf,0.0,Unf,0.0,912.0,912.0,GasA,Ex,Y,SBrkr,1152,0,0,1152,1.0,0.0,1,1,3,1,TA,7,Typ,0,,Attchd,1968.0,RFn,2.0,412.0,TA,TA,Y,0,126,0,0,0,0,,,,0,9,2007,CWD,Normal,143450,124.52256944444444,mid,124.52256944444444,19,0,39,39,2064.0,2.5,36
1864,1865,534127080,60,RL,80.0,8000,Pave,,Reg,Lvl,AllPub,Inside,Gtl,NWAmes,PosA,Norm,1Fam,2Story,6,6,1970,1970,Gable,CompShg,VinylSd,VinylSd,BrkFace,525.0,TA,TA,CBlock,TA,TA,No,Rec,915.0,Unf,0.0,93.0,1008.0,GasA,TA,Y,SBrkr,1403,1008,0,2411,1.0,0.0,2,1,4,1,TA,8,Typ,1,Po,Attchd,1970.0,RFn,2.0,570.0,TA,TA,Y,0,192,0,0,0,0,,,,0,6,2007,WD ,Normal,240050,99.56449605972625,mid,124.52256944444444,19,1,37,37,3419.0,3.5,36
1865,1866,534127140,85,RL,,8723,Pave,,IR1,Lvl,AllPub,Inside,Gtl,NWAmes,PosN,Norm,1Fam,SFoyer,6,6,1969,1969,Gable,CompShg,HdBoard,HdBoard,,0.0,TA,TA,PConc,Gd,TA,Av,BLQ,973.0,Unf,0.0,0.0,973.0,GasA,Ex,Y,SBrkr,1082,0,0,1082,1.0,0.0,1,0,3,1,TA,6,Typ,0,,Attchd,1969.0,Unf,2.0,480.0,TA,TA,Y,160,0,0,0,0,0,,,,0,1,2007,WD ,Normal,162500,150.18484288354898,mid,124.52256944444444,19,0,38,38,2055.0,2.0,36
1866,1867,534127260,20,RL,130.0,11700,Pave,,Reg,Lvl,AllPub,Corner,Gtl,NWAmes,Norm,Norm,1Fam,1Story,6,5,1968,1968,Gable,CompShg,HdBoard,HdBoard,BrkFace,196.0,TA,TA,PConc,Gd,TA,No,ALQ,910.0,Unf,0.0,385.0,1295.0,GasA,Fa,Y,SBrkr,1295,0,0,1295,1.0,0.0,1,1,3,1,TA,6,Typ,0,,Attchd,1968.0,Fin,2.0,528.0,TA,TA,Y,0,194,0,0,200,0,,,,0,4,2007,WD ,Normal,164000,126.64092664092664,mid,124.52256944444444,19,0,39,39,2590.0,2.5,30
1867,1868,534128090,20,RL,108.0,11358,Pave,,IR1,Lvl,AllPub,Corner,Gtl,NWAmes,Norm,Norm,1Fam,1Story,7,7,1972,1987,Hip,CompShg,Wd Sdng,Wd Sdng,,0.0,TA,TA,CBlock,TA,TA,No,BLQ,346.0,Unf,0.0,778.0,1124.0,GasA,TA,Y,SBrkr,1610,0,0,1610,0.0,0.0,2,0,3,1,Gd,8,Typ,1,TA,Attchd,1972.0,RFn,2.0,515.0,TA,TA,Y,202,0,0,0,256,0,,,,0,5,2007,WD ,Normal,185000,114.90683229813665,high,118.25595984943538,11,0,35,20,2734.0,2.0,49
1868,1869,534151090,20,RL,80.0,9547,Pave,,Reg,Lvl,AllPub,Inside,Gtl,NWAmes,Norm,Norm,1Fam,1Story,7,6,1993,1993,Gable,CompShg,VinylSd,VinylSd,BrkFace,112.0,TA,TA,PConc,Gd,TA,No,Unf,0.0,Unf,0.0,1594.0,1594.0,GasA,Ex,Y,SBrkr,1594,0,0,1594,0.0,0.0,2,0,2,1,Gd,6,Typ,1,TA,Attchd,1993.0,RFn,2.0,472.0,TA,TA,Y,190,80,0,0,0,0,,,,0,7,2007,WD ,Normal,188500,118.25595984943538,high,118.25595984943538,11,0,14,14,3188.0,2.0,42
1869,1870,534151180,60,RL,78.0,10530,Pave,,Reg,Lvl,AllPub,Inside,Gtl,NWAmes,Norm,Norm,1Fam,2Story,7,6,1993,1993,Gable,CompShg,MetalSd,MetalSd,BrkFace,194.0,Gd,TA,PConc,Gd,TA,No,GLQ,819.0,Unf,0.0,329.0,1148.0,GasA,Ex,Y,SBrkr,1091,984,0,2075,1.0,0.0,2,1,3,1,Gd,8,Typ,1,Gd,Attchd,1993.0,Unf,2.0,473.0,TA,TA,Y,235,86,0,0,0,0,,,,0,8,2007,WD ,Normal,255000,122.89156626506023,high,118.25595984943538,11,0,14,14,3223.0,3.5,42
1870,1871,534175010,90,RL,,11500,Pave,,IR1,Lvl,AllPub,Corner,Gtl,NWAmes,Feedr,RRAn,Duplex,1Story,5,6,1976,1976,Gable,CompShg,VinylSd,VinylSd,BrkFace,164.0,TA,TA,CBlock,TA,TA,No,Unf,0.0,Unf,0.0,1680.0,1680.0,GasA,Fa,Y,SBrkr,1680,0,0,1680,0.0,0.0,2,0,4,2,TA,8,Typ,0,,Detchd,1976.0,Unf,2.0,528.0,TA,TA,Y,0,0,0,0,0,0,,,,0,6,2007,WD ,Normal,136905,81.49107142857143,mid,124.52256944444444,19,1,31,31,3360.0,2.0,30
1871,1872,534176140,20,RL,88.0,10738,Pave,,IR1,Lvl,AllPub,Corner,Gtl,NWAmes,Norm,Norm,1Fam,1Story,6,7,1966,1966,Hip,CompShg,HdBoard,HdBoard,,0.0,TA,TA,CBlock,TA,TA,No,ALQ,792.0,Unf,0.0,301.0,1093.0,GasA,Gd,Y,SBrkr,1093,0,0,1093,1.0,0.0,2,0,3,1,TA,6,Typ,1,Fa,Attchd,1966.0,RFn,2.0,484.0,TA,TA,Y,224,0,0,0,0,0,,MnPrv,Shed,400,11,2007,WD ,Normal,158500,145.01372369624886,mid,124.52256944444444,19,0,41,41,2186.0,3.0,42
1872,1873,534177210,20,RL,80.0,9600,Pave,,Reg,Lvl,AllPub,Inside,Gtl,NWAmes,Norm,Norm,1Fam,1Story,7,6,1973,1973,Hip,CompShg,HdBoard,HdBoard,BrkFace,320.0,TA,TA,CBlock,TA,TA,No,ALQ,916.0,Unf,0.0,326.0,1242.0,GasA,Fa,Y,SBrkr,1242,0,0,1242,0.0,0.0,1,1,3,1,TA,6,Typ,1,TA,Attchd,1973.0,Unf,2.0,528.0,TA,TA,Y,0,0,0,0,0,0,,,,0,9,2007,WD ,Normal,175500,141.30434782608697,high,118.25595984943538,11,0,34,34,2484.0,1.5,42
1873,1874,534178010,20,RL,80.0,10800,Pave,,Reg,Lvl,AllPub,Inside,Gtl,NWAmes,Norm,Norm,1Fam,1Story,6,5,1963,1963,Gable,CompShg,HdBoard,HdBoard,BrkFace,203.0,TA,TA,CBlock,TA,TA,No,BLQ,617.0,Rec,264.0,171.0,1052.0,GasA,TA,Y,SBrkr,1052,0,0,1052,1.0,0.0,1,0,3,1,TA,6,Typ,0,,Attchd,1963.0,Fin,1.0,311.0,TA,TA,Y,0,133,0,0,0,0,,,,0,2,2007,COD,Normal,127000,120.72243346007605,mid,124.52256944444444,19,0,44,44,2104.0,2.0,30
1874,1875,534201040,20,RL,70.0,8050,Pave,,Reg,Lvl,AllPub,Inside,Gtl,NAmes,Norm,Norm,1Fam,1Story,5,6,1967,1993,Gable,CompShg,MetalSd,MetalSd,,0.0,TA,TA,CBlock,TA,TA,No,ALQ,474.0,BLQ,38.0,437.0,949.0,GasA,TA,Y,SBrkr,1107,0,0,1107,1.0,0.0,1,0,3,1,Gd,5,Typ,0,,Attchd,1967.0,RFn,1.0,308.0,TA,TA,Y,88,64,0,0,0,0,,,,0,3,2007,WD ,Normal,127000,114.72448057813911,mid,120.90683731119566,98,0,40,14,2056.0,2.0,30
1875,1876,534202030,20,RL,,10355,Pave,,IR1,Lvl,AllPub,Corner,Gtl,NAmes,Norm,Norm,1Fam,1Story,5,5,1967,1967,Gable,CompShg,MetalSd,MetalSd,BrkFace,196.0,TA,TA,CBlock,TA,TA,No,BLQ,695.0,Unf,0.0,519.0,1214.0,GasA,TA,Y,SBrkr,1214,0,0,1214,0.0,0.0,2,0,3,1,TA,5,Typ,1,Fa,Attchd,1967.0,RFn,1.0,318.0,TA,TA,Y,0,111,0,0,0,0,,,,0,7,2007,WD ,Normal,143000,117.79242174629324,mid,120.90683731119566,98,0,40,40,2428.0,2.0,25
1876,1877,534204120,20,RL,79.0,10289,Pave,,Reg,Lvl,AllPub,Inside,Gtl,NAmes,Norm,Norm,1Fam,1Story,5,7,1965,1965,Hip,CompShg,MetalSd,MetalSd,BrkFace,168.0,TA,TA,CBlock,TA,TA,No,ALQ,836.0,Unf,0.0,237.0,1073.0,GasA,TA,Y,SBrkr,1073,0,0,1073,1.0,0.0,1,1,3,1,TA,6,Typ,0,,Attchd,1965.0,RFn,2.0,515.0,TA,TA,Y,0,0,0,0,0,0,,,,0,6,2007,WD ,Normal,156000,145.38676607642125,mid,120.90683731119566,98,0,42,42,2146.0,2.5,35
1877,1878,534252040,20,RL,,9503,Pave,,Reg,Lvl,AllPub,Inside,Gtl,NAmes,Norm,Norm,1Fam,1Story,5,5,1958,1983,Hip,CompShg,HdBoard,HdBoard,,0.0,TA,TA,CBlock,TA,TA,No,ALQ,457.0,Rec,374.0,193.0,1024.0,GasA,TA,Y,SBrkr,1344,0,0,1344,1.0,0.0,1,0,2,1,TA,6,Min1,1,TA,Detchd,1970.0,Unf,1.0,484.0,TA,TA,Y,316,28,0,0,0,0,,GdWo,,0,6,2007,WD ,Normal,144000,107.14285714285714,mid,120.90683731119566,98,1,49,24,2368.0,2.0,25
1878,1879,534252060,90,RL,,10624,Pave,,IR1,Lvl,AllPub,Inside,Gtl,NAmes,Norm,Norm,Duplex,1Story,5,4,1964,1964,Gable,CompShg,HdBoard,HdBoard,BrkFace,84.0,TA,TA,CBlock,TA,TA,No,GLQ,40.0,Rec,264.0,1424.0,1728.0,GasA,TA,Y,SBrkr,1728,0,0,1728,0.0,1.0,2,0,6,2,TA,10,Typ,0,,Detchd,2002.0,Unf,1.0,352.0,TA,TA,Y,155,0,0,0,0,0,,,,0,11,2007,WD ,Normal,119000,68.86574074074075,mid,120.90683731119566,98,1,43,43,3456.0,2.5,20
1879,1880,534252070,90,RL,,10899,Pave,,IR1,Lvl,AllPub,Inside,Gtl,NAmes,Norm,Norm,Duplex,1Story,4,5,1964,1964,Gable,CompShg,HdBoard,HdBoard,,0.0,TA,TA,Slab,,,,,0.0,,0.0,0.0,0.0,GasA,TA,N,SBrkr,1224,0,0,1224,0.0,0.0,2,0,2,2,TA,8,Typ,0,,CarPort,1964.0,Unf,3.0,530.0,TA,TA,Y,0,0,0,0,0,0,,,,0,4,2007,WD ,Normal,103000,84.15032679738562,mid,120.90683731119566,98,1,43,43,1224.0,2.0,20
1880,1881,534252110,20,RL,,12342,Pave,,IR1,Lvl,AllPub,Inside,Gtl,NAmes,Norm,Norm,1Fam,1Story,5,5,1960,1978,Hip,CompShg,Wd Sdng,Wd Sdng,,0.0,TA,TA,CBlock,TA,TA,No,Unf,0.0,Unf,0.0,978.0,978.0,GasA,TA,Y,SBrkr,1422,0,0,1422,0.0,0.0,1,0,3,1,TA,6,Min1,1,TA,Attchd,1960.0,RFn,1.0,286.0,TA,TA,Y,0,0,36,0,0,0,,GdWo,Shed,600,8,2007,WD ,Normal,139900,98.38255977496483,mid,120.90683731119566,98,1,47,29,2400.0,1.0,25
1881,1882,534275170,20,RL,,12772,Pave,,IR1,Lvl,AllPub,CulDSac,Gtl,NAmes,Norm,Norm,1Fam,1Story,6,8,1960,1998,Hip,CompShg,MetalSd,MetalSd,,0.0,TA,Gd,CBlock,TA,TA,Mn,BLQ,498.0,Unf,0.0,460.0,958.0,GasA,TA,Y,SBrkr,958,0,0,958,0.0,0.0,1,0,2,1,TA,5,Typ,0,,Attchd,1960.0,RFn,1.0,301.0,TA,TA,Y,0,0,0,0,0,0,,,Gar2,15500,4,2007,WD ,Normal,151500,158.1419624217119,mid,120.90683731119566,98,0,47,9,1916.0,1.0,48
1882,1883,534275220,20,RL,80.0,8892,Pave,,IR1,Lvl,AllPub,Inside,Gtl,NAmes,Norm,Norm,1Fam,1Story,5,5,1960,1960,Gable,CompShg,MetalSd,MetalSd,BrkCmn,66.0,TA,TA,CBlock,TA,TA,No,Unf,0.0,Unf,0.0,1065.0,1065.0,GasA,Gd,Y,SBrkr,1065,0,0,1065,0.0,0.0,1,1,3,1,TA,6,Typ,0,,Detchd,1974.0,Unf,2.0,461.0,TA,TA,Y,74,0,0,0,0,0,,,,0,7,2007,COD,Normal,126500,118.77934272300469,mid,120.90683731119566,98,0,47,47,2130.0,1.5,25
1883,1884,534276070,80,RL,65.0,10482,Pave,,Reg,Lvl,AllPub,Inside,Gtl,NAmes,Norm,Norm,1Fam,SLvl,6,8,1958,1958,Hip,CompShg,VinylSd,VinylSd,BrkFace,63.0,TA,Gd,CBlock,TA,TA,Av,GLQ,507.0,Unf,0.0,81.0,588.0,GasA,Ex,Y,SBrkr,1138,0,0,1138,0.0,1.0,1,0,3,1,TA,6,Typ,0,,Attchd,1958.0,RFn,1.0,264.0,TA,TA,Y,224,0,0,0,0,0,,MnWw,,0,6,2007,WD ,Normal,145000,127.41652021089631,mid,120.90683731119566,98,0,49,49,1726.0,1.5,48
1884,1885,534276160,20,RL,70.0,7535,Pave,,IR1,Lvl,AllPub,Inside,Gtl,NAmes,Norm,Norm,1Fam,1Story,5,7,1958,1985,Gable,CompShg,MetalSd,MetalSd,,0.0,TA,TA,CBlock,TA,TA,No,BLQ,111.0,LwQ,279.0,522.0,912.0,GasA,Fa,Y,SBrkr,912,0,0,912,0.0,1.0,1,0,2,1,TA,5,Typ,0,,Attchd,1958.0,Fin,1.0,297.0,TA,TA,Y,12,285,0,0,0,0,,MnWw,Shed,480,6,2007,WD ,Normal,120000,131.57894736842104,mid,120.90683731119566,98,0,49,22,1824.0,1.5,35
1885,1886,534276180,20,RL,74.0,7450,Pave,,IR1,Lvl,AllPub,Inside,Gtl,NAmes,Norm,Norm,1Fam,1Story,5,5,1956,1956,Hip,CompShg,Wd Sdng,Wd Sdng,,0.0,TA,TA,CBlock,TA,TA,No,Rec,438.0,LwQ,206.0,250.0,894.0,GasA,Gd,Y,SBrkr,1074,0,0,1074,0.0,0.0,1,0,2,1,Gd,6,Min1,1,Gd,Detchd,1966.0,Unf,2.0,396.0,TA,TA,Y,0,72,0,0,0,0,,GdWo,,0,1,2007,WD ,Normal,124000,115.4562383612663,mid,120.90683731119566,98,0,51,51,1968.0,1.0,25
1886,1887,534276290,20,RL,,8339,Pave,,IR1,Lvl,AllPub,Inside,Gtl,NAmes,Norm,Norm,1Fam,1Story,5,7,1959,1959,Gable,CompShg,MetalSd,MetalSd,,0.0,TA,TA,Slab,,,,,0.0,,0.0,0.0,0.0,GasA,TA,Y,SBrkr,882,0,0,882,0.0,0.0,1,0,3,1,TA,5,Typ,0,,Attchd,1959.0,RFn,1.0,294.0,TA,TA,Y,0,0,0,0,0,0,,MnPrv,Shed,1200,7,2007,WD ,Normal,106500,120.74829931972789,mid,120.90683731119566,98,0,48,48,882.0,1.0,35
1887,1888,534278150,20,RL,,14357,Pave,,IR1,Lvl,AllPub,CulDSac,Gtl,NAmes,Norm,Norm,1Fam,1Story,5,5,1961,1961,Hip,CompShg,Wd Sdng,Wd Sdng,,0.0,TA,TA,CBlock,TA,TA,No,ALQ,311.0,LwQ,167.0,386.0,864.0,GasA,TA,Y,SBrkr,1187,0,0,1187,1.0,0.0,1,0,2,1,TA,6,Typ,1,TA,Attchd,1961.0,RFn,2.0,440.0,TA,TA,Y,128,0,0,0,0,0,,,,0,8,2007,CWD,Normal,140500,118.36562763268745,mid,120.90683731119566,98,0,46,46,2051.0,2.0,25
1888,1889,534278170,20,RL,76.0,8243,Pave,,IR1,Lvl,AllPub,CulDSac,Gtl,NAmes,Norm,Norm,1Fam,1Story,5,7,1961,1961,Gable,CompShg,VinylSd,VinylSd,BrkFace,56.0,TA,Gd,CBlock,TA,TA,No,ALQ,700.0,Unf,0.0,264.0,964.0,GasA,Ex,Y,SBrkr,964,0,0,964,0.0,0.0,1,0,3,1,TA,5,Typ,1,Fa,Detchd,1985.0,Fin,2.0,784.0,TA,TA,Y,170,0,0,0,0,0,,GdPrv,,0,2,2007,WD ,Normal,137500,142.63485477178423,mid,120.90683731119566,98,0,46,46,1928.0,1.0,35
1889,1890,534278190,20,RL,70.0,8680,Pave,,Reg,Lvl,AllPub,Inside,Gtl,NAmes,Norm,Norm,1Fam,1Story,5,7,1960,1960,Hip,CompShg,CemntBd,CmentBd,,0.0,TA,TA,CBlock,TA,TA,No,Unf,0.0,Unf,0.0,894.0,894.0,GasA,TA,Y,SBrkr,894,0,0,894,0.0,0.0,1,0,3,1,TA,5,Typ,0,,Detchd,1965.0,Unf,1.0,312.0,TA,TA,Y,0,0,0,0,0,0,,,,0,1,2007,WD ,Normal,117600,131.54362416107384,mid,120.90683731119566,98,0,47,47,1788.0,1.0,35
1890,1891,534401120,20,RL,80.0,8800,Pave,,Reg,Lvl,AllPub,Inside,Gtl,NAmes,Norm,Norm,1Fam,1Story,7,6,1966,1966,Hip,CompShg,HdBoard,Plywood,BrkFace,202.0,TA,TA,CBlock,TA,TA,No,BLQ,654.0,Unf,0.0,520.0,1174.0,GasA,Ex,Y,SBrkr,1200,0,0,1200,0.0,1.0,2,0,3,1,TA,6,Typ,1,TA,Attchd,1966.0,RFn,2.0,440.0,TA,TA,Y,0,0,0,0,0,0,,MnPrv,,0,10,2007,CWD,Normal,163500,136.25,high,124.40838404327248,7,0,41,41,2374.0,2.5,42
1891,1892,534401200,80,RL,80.0,9200,Pave,,Reg,Lvl,AllPub,Inside,Gtl,NAmes,Norm,Norm,1Fam,SLvl,6,5,1965,1965,Gable,CompShg,HdBoard,HdBoard,BrkFace,98.0,TA,TA,CBlock,TA,TA,Gd,GLQ,494.0,Unf,0.0,548.0,1042.0,GasA,TA,Y,SBrkr,1042,0,0,1042,0.0,0.0,2,0,3,1,TA,5,Typ,0,,Attchd,1965.0,RFn,2.0,440.0,TA,TA,Y,192,0,0,0,0,0,,GdPrv,,0,5,2007,WD ,Normal,161000,154.510556621881,mid,120.90683731119566,98,0,42,42,2084.0,2.0,30
1892,1893,534403040,80,RL,85.0,9350,Pave,,Reg,Lvl,AllPub,Inside,Gtl,NAmes,Norm,Norm,1Fam,SLvl,6,7,1964,1991,Hip,CompShg,HdBoard,HdBoard,BrkFace,108.0,TA,TA,CBlock,Gd,TA,Gd,LwQ,270.0,ALQ,580.0,452.0,1302.0,GasA,Ex,Y,SBrkr,1302,0,0,1302,0.0,1.0,2,0,3,1,Gd,7,Min1,0,,Attchd,1964.0,RFn,1.0,309.0,TA,TA,Y,333,0,0,0,0,0,,MnPrv,,0,10,2007,CWD,Normal,158000,121.35176651305683,mid,120.90683731119566,98,0,43,16,2604.0,2.5,42
1893,1894,534403290,60,RL,80.0,8800,Pave,,Reg,Lvl,AllPub,Inside,Gtl,NAmes,Norm,Norm,1Fam,2Story,6,7,1964,1997,Gable,CompShg,MetalSd,MetalSd,BrkFace,306.0,TA,Gd,CBlock,TA,TA,No,ALQ,414.0,Unf,0.0,431.0,845.0,GasA,Ex,Y,SBrkr,845,1309,0,2154,0.0,0.0,2,1,5,1,TA,8,Typ,1,Gd,Attchd,1964.0,RFn,2.0,539.0,TA,TA,Y,0,0,0,0,161,0,,MnPrv,,0,7,2007,WD ,Normal,224500,104.2246982358403,mid,120.90683731119566,98,1,43,10,2999.0,2.5,42
1894,1895,534403420,20,RL,,11382,Pave,,IR1,Lvl,AllPub,Inside,Gtl,NAmes,Norm,Norm,1Fam,1Story,6,5,1964,1964,Gable,CompShg,Wd Sdng,Plywood,BrkFace,212.0,TA,TA,CBlock,TA,TA,No,ALQ,54.0,Rec,543.0,533.0,1130.0,GasA,TA,Y,SBrkr,1374,0,0,1374,0.0,1.0,1,0,3,1,TA,7,Typ,1,TA,Attchd,1964.0,RFn,1.0,286.0,TA,TA,Y,0,28,84,0,0,0,,MnPrv,,0,8,2007,WD ,Normal,147000,106.98689956331877,mid,120.90683731119566,98,1,43,43,2504.0,1.5,30
1895,1896,534425015,20,RL,,22002,Pave,,Reg,Lvl,AllPub,Corner,Gtl,NAmes,Norm,Norm,1Fam,1Story,6,7,1959,1991,Gable,CompShg,MetalSd,MetalSd,BrkFace,136.0,TA,Gd,CBlock,TA,TA,Mn,ALQ,1386.0,Unf,0.0,206.0,1592.0,GasA,Gd,Y,SBrkr,1652,0,0,1652,1.0,0.0,1,1,3,1,Gd,6,Typ,1,Gd,Attchd,1959.0,RFn,2.0,510.0,TA,TA,Y,0,0,0,0,201,0,,,,0,7,2007,WD ,Normal,200000,121.06537530266344,mid,120.90683731119566,98,0,48,16,3244.0,2.5,42
1896,1897,534425080,20,RL,,14585,Pave,,IR1,Lvl,AllPub,CulDSac,Gtl,NAmes,Norm,Norm,1Fam,1Story,6,6,1960,1987,Gable,CompShg,Wd Sdng,Wd Sdng,BrkFace,85.0,TA,TA,CBlock,TA,TA,No,BLQ,594.0,Rec,219.0,331.0,1144.0,GasA,Ex,Y,SBrkr,1429,0,0,1429,0.0,1.0,1,0,3,1,Gd,7,Typ,2,Gd,Attchd,1960.0,Unf,2.0,572.0,TA,TA,Y,216,110,0,0,0,0,,,,0,6,2007,WD ,Normal,181900,127.29181245626312,mid,120.90683731119566,98,0,47,20,2573.0,1.5,36
1897,1898,534427140,20,RL,75.0,7388,Pave,,Reg,Lvl,AllPub,Corner,Gtl,NAmes,Norm,Norm,1Fam,1Story,5,6,1959,2002,Gable,CompShg,MetalSd,MetalSd,,0.0,TA,TA,CBlock,TA,TA,No,Rec,405.0,Unf,0.0,658.0,1063.0,GasA,Gd,Y,SBrkr,1327,0,0,1327,1.0,0.0,1,0,3,1,Gd,7,Typ,0,,Detchd,1974.0,Unf,2.0,624.0,TA,TA,Y,0,0,0,0,0,0,,,,0,7,2007,WD ,Normal,150750,113.60211002260739,mid,120.90683731119566,98,0,48,5,2390.0,2.0,30
1898,1899,534429030,90,RL,70.0,9842,Pave,,Reg,Lvl,AllPub,FR2,Gtl,NAmes,Norm,Norm,Duplex,1Story,4,5,1962,1962,Gable,CompShg,HdBoard,HdBoard,,0.0,TA,TA,Slab,,,,,0.0,,0.0,0.0,0.0,GasA,TA,Y,SBrkr,1224,0,0,1224,0.0,0.0,2,0,2,2,TA,6,Typ,0,,CarPort,1962.0,Unf,2.0,462.0,TA,TA,Y,0,0,0,0,0,0,,,,0,3,2007,WD ,Normal,101800,83.16993464052288,mid,120.90683731119566,98,1,45,45,1224.0,2.0,20
1899,1900,534430090,20,RL,57.0,8280,Pave,,IR1,Lvl,AllPub,Inside,Gtl,NAmes,Norm,Norm,1Fam,1Story,6,5,1950,1950,Gable,CompShg,BrkFace,BrkFace,,0.0,TA,TA,CBlock,TA,TA,No,Unf,0.0,Unf,0.0,932.0,932.0,GasA,Ex,Y,FuseA,932,0,0,932,0.0,0.0,1,0,2,1,Gd,4,Typ,1,Gd,Attchd,1950.0,Unf,1.0,306.0,TA,TA,Y,0,0,214,0,0,0,,GdPrv,,0,11,2007,WD ,Normal,124000,133.04721030042919,mid,120.90683731119566,98,0,57,57,1864.0,1.0,30
1900,1901,534431020,45,RL,85.0,12172,Pave,,Reg,Lvl,AllPub,Inside,Gtl,NAmes,Norm,Norm,1Fam,1.5Unf,5,7,1940,1996,Gable,CompShg,Wd Sdng,HdBoard,,0.0,TA,TA,PConc,TA,TA,No,LwQ,130.0,Rec,259.0,433.0,822.0,GasA,TA,Y,SBrkr,908,0,0,908,0.0,0.0,1,0,2,1,TA,4,Typ,0,,Attchd,1975.0,Unf,2.0,512.0,TA,TA,Y,284,24,0,0,192,0,,MnPrv,,0,10,2007,WD ,Normal,138500,152.53303964757708,mid,120.90683731119566,98,0,67,11,1730.0,1.0,35
1901,1902,534450090,20,RL,50.0,5000,Pave,,Reg,Low,AllPub,Inside,Mod,BrkSide,Norm,Norm,1Fam,1Story,1,3,1946,1950,Gable,CompShg,VinylSd,VinylSd,,0.0,Fa,Fa,Slab,,,,,0.0,,0.0,0.0,0.0,GasA,Fa,N,FuseF,334,0,0,334,0.0,0.0,1,0,1,1,Fa,2,Typ,0,,,,,0.0,0.0,,,N,0,0,0,0,0,0,,,,0,1,2007,WD ,Normal,39300,117.66467065868264,low,96.84684684684684,3,0,61,57,334.0,1.0,3
1902,1903,534450110,20,RL,50.0,5000,Pave,,Reg,Lvl,AllPub,Inside,Gtl,BrkSide,Norm,Norm,1Fam,1Story,3,3,1946,1950,Gable,CompShg,WdShing,Wd Shng,,0.0,Fa,Fa,CBlock,Fa,Fa,No,LwQ,299.0,Unf,0.0,367.0,666.0,GasA,Fa,N,SBrkr,666,0,0,666,0.0,1.0,1,0,2,1,Gd,4,Typ,0,,,,,0.0,0.0,,,N,0,52,0,0,0,0,,MnPrv,,0,4,2007,WD ,Normal,64500,96.84684684684684,low,96.84684684684684,3,0,61,57,1332.0,1.5,9
1903,1904,534451020,50,RL,51.0,3500,Pave,,Reg,Lvl,AllPub,Inside,Gtl,BrkSide,Feedr,Norm,1Fam,1.5Fin,3,5,1945,1950,Gable,CompShg,MetalSd,MetalSd,,0.0,TA,TA,CBlock,TA,TA,No,LwQ,144.0,Unf,0.0,226.0,370.0,GasA,TA,N,FuseA,442,228,0,670,1.0,0.0,1,0,2,1,Fa,4,Typ,0,,,,,0.0,0.0,,,N,0,21,0,0,0,0,,MnPrv,Shed,2000,7,2007,WD ,Normal,64000,95.5223880597015,low,96.84684684684684,3,0,62,57,1040.0,2.0,15
1904,1905,534453080,20,RL,50.0,5175,Pave,,Reg,Lvl,AllPub,Inside,Gtl,BrkSide,RRAn,Feedr,1Fam,1Story,5,8,1958,2000,Gable,CompShg,VinylSd,VinylSd,,0.0,TA,TA,CBlock,TA,TA,No,BLQ,150.0,ALQ,404.0,254.0,808.0,GasA,Ex,Y,SBrkr,808,0,0,808,0.0,0.0,1,0,2,1,TA,5,Typ,0,,Detchd,1963.0,Unf,1.0,308.0,TA,TA,N,143,0,0,0,0,0,,,,0,7,2007,COD,Normal,112000,138.6138613861386,mid,103.67218987908643,20,0,49,7,1616.0,1.0,40
1905,1906,534475170,60,RL,100.0,9500,Pave,,Reg,Lvl,AllPub,Corner,Gtl,NAmes,Artery,Norm,1Fam,2Story,6,6,1964,1978,Gable,CompShg,VinylSd,VinylSd,BrkCmn,272.0,TA,TA,CBlock,TA,TA,No,Rec,442.0,Unf,0.0,374.0,816.0,GasA,TA,Y,SBrkr,1127,850,0,1977,0.0,1.0,1,1,4,1,TA,9,Typ,1,TA,Attchd,1964.0,RFn,2.0,540.0,TA,TA,Y,0,52,0,0,0,0,,GdPrv,,0,6,2007,WD ,Normal,165000,83.4597875569044,mid,120.90683731119566,98,1,43,29,2793.0,2.0,36
1906,1907,534476080,20,RL,80.0,9600,Pave,,Reg,Lvl,AllPub,Inside,Gtl,NAmes,Norm,Norm,1Fam,1Story,5,6,1955,1955,Hip,CompShg,HdBoard,HdBoard,BrkFace,176.0,TA,Gd,CBlock,TA,TA,No,BLQ,368.0,Unf,0.0,710.0,1078.0,GasA,Ex,Y,SBrkr,1150,0,0,1150,1.0,0.0,1,0,2,1,TA,6,Typ,0,,Attchd,1955.0,Fin,1.0,288.0,TA,TA,Y,0,0,0,0,175,0,,MnPrv,,0,10,2007,WD ,Normal,144000,125.21739130434783,mid,120.90683731119566,98,0,52,52,2228.0,2.0,30
1907,1908,534478140,90,RL,95.0,11345,Pave,,Reg,Lvl,AllPub,Corner,Gtl,NAmes,Feedr,Norm,Duplex,2Story,5,5,1948,1950,Gable,Roll,AsbShng,AsbShng,Stone,567.0,TA,TA,CBlock,TA,TA,No,Rec,220.0,Unf,0.0,708.0,928.0,GasA,Gd,Y,FuseA,928,992,0,1920,0.0,0.0,2,0,4,2,TA,10,Typ,0,,Detchd,1948.0,Unf,2.0,400.0,TA,Fa,Y,0,0,0,0,0,0,,,,0,7,2007,WD ,Normal,137000,71.35416666666667,mid,120.90683731119566,98,1,59,57,2848.0,2.0,25
1908,1909,534479120,50,RL,79.0,9492,Pave,,Reg,Lvl,AllPub,Inside,Gtl,NAmes,Artery,Norm,1Fam,1.5Fin,5,5,1941,1950,Gable,CompShg,WdShing,Wd Shng,,0.0,TA,TA,CBlock,TA,TA,No,Rec,368.0,BLQ,41.0,359.0,768.0,GasA,TA,Y,SBrkr,968,408,0,1376,1.0,0.0,1,0,3,1,TA,6,Typ,1,Gd,Attchd,1941.0,Unf,1.0,240.0,TA,TA,Y,0,0,0,0,0,0,,,,0,4,2007,WD ,Normal,105000,76.30813953488372,mid,120.90683731119566,98,1,66,57,2144.0,2.0,25
1909,1910,534479140,70,RL,79.0,9480,Pave,,Reg,Lvl,AllPub,Inside,Gtl,NAmes,Artery,Norm,1Fam,2Story,5,7,1942,1995,Gable,CompShg,MetalSd,MetalSd,Stone,224.0,TA,TA,CBlock,TA,TA,No,LwQ,386.0,Unf,0.0,342.0,728.0,GasA,Ex,Y,SBrkr,888,756,0,1644,0.0,0.0,1,1,3,1,Gd,7,Typ,2,Gd,Attchd,1942.0,Unf,1.0,312.0,TA,TA,Y,168,0,0,0,0,0,,,,0,6,2007,WD ,Normal,146500,89.11192214111922,mid,120.90683731119566,98,1,65,12,2372.0,1.5,35
1910,1911,535101150,90,RL,63.0,8668,Pave,,Reg,Lvl,AllPub,Corner,Gtl,NAmes,Norm,Norm,Duplex,1Story,5,5,1968,1968,Gable,CompShg,MetalSd,MetalSd,,0.0,TA,TA,CBlock,TA,TA,No,Unf,0.0,Unf,0.0,1560.0,1560.0,GasA,TA,Y,SBrkr,1560,0,0,1560,0.0,0.0,2,0,4,2,TA,8,Typ,0,,Detchd,1968.0,Unf,3.0,792.0,TA,TA,Y,0,0,0,0,0,0,,,,0,5,2007,WD ,Normal,126000,80.76923076923077,mid,120.90683731119566,98,1,39,39,3120.0,2.0,25
1911,1912,535102010,85,RL,,10050,Pave,,IR1,Lvl,AllPub,Inside,Gtl,NAmes,Norm,Norm,1Fam,SFoyer,5,6,1966,1966,Gable,CompShg,HdBoard,HdBoard,BrkFace,87.0,TA,TA,CBlock,TA,TA,Av,GLQ,602.0,Unf,0.0,191.0,793.0,GasA,Ex,Y,SBrkr,1280,0,0,1280,0.0,1.0,2,0,3,1,TA,6,Typ,1,TA,Basment,1966.0,Fin,2.0,432.0,TA,TA,Y,140,40,0,0,0,0,,,,0,6,2007,WD ,Normal,175000,136.71875,mid,120.90683731119566,98,0,41,41,2073.0,2.5,30
1912,1913,535105110,80,RL,100.0,9600,Pave,,IR1,Lvl,AllPub,Inside,Gtl,NAmes,Norm,Norm,1Fam,SLvl,6,5,1961,1961,Hip,CompShg,WdShing,Wd Shng,BrkFace,291.0,TA,TA,CBlock,TA,TA,Av,ALQ,600.0,Unf,0.0,618.0,1218.0,GasA,TA,Y,SBrkr,1254,0,0,1254,1.0,0.0,1,0,3,1,TA,6,Typ,1,Gd,Attchd,1961.0,RFn,2.0,525.0,TA,TA,Y,0,0,0,0,168,0,,,,0,5,2007,WD ,Normal,158500,126.39553429027113,mid,120.90683731119566,98,0,46,46,2472.0,2.0,30
1913,1914,535106140,20,RL,70.0,10150,Pave,,Reg,Lvl,AllPub,Inside,Gtl,NAmes,Feedr,Norm,1Fam,1Story,5,5,1958,1958,Gable,CompShg,Wd Sdng,Wd Sdng,,1.0,TA,TA,CBlock,TA,TA,No,Rec,456.0,Unf,0.0,456.0,912.0,GasA,Ex,Y,FuseA,912,0,0,912,0.0,0.0,1,0,2,1,TA,5,Typ,0,,Attchd,1958.0,RFn,1.0,275.0,TA,TA,Y,0,0,0,0,0,0,,,,0,7,2007,COD,Normal,114500,125.54824561403508,mid,120.90683731119566,98,0,49,49,1824.0,1.0,25
1914,1915,535106180,50,RL,78.0,11344,Pave,,Reg,Lvl,AllPub,Inside,Gtl,NAmes,Feedr,Norm,1Fam,1.5Fin,5,5,1958,1958,Gable,CompShg,MetalSd,MetalSd,BrkFace,180.0,TA,TA,CBlock,TA,TA,No,BLQ,460.0,Unf,0.0,414.0,874.0,GasW,TA,Y,FuseA,874,650,0,1524,0.0,0.0,1,1,3,1,TA,7,Typ,0,,Attchd,1958.0,Unf,1.0,315.0,TA,TA,Y,0,0,0,0,0,0,,GdWo,,0,7,2007,WD ,Normal,144000,94.48818897637796,mid,120.90683731119566,98,1,49,49,2398.0,1.5,25
1915,1916,535126180,60,RL,,18450,Pave,,IR1,Lvl,AllPub,Inside,Gtl,NAmes,Norm,Norm,1Fam,2Story,6,5,1965,1979,Flat,Tar&Grv,Plywood,Plywood,BrkCmn,113.0,TA,Gd,CBlock,Gd,TA,No,LwQ,187.0,Rec,723.0,111.0,1021.0,GasA,TA,Y,SBrkr,1465,915,0,2380,0.0,0.0,2,1,3,1,TA,7,Sev,1,Po,CarPort,1965.0,Unf,2.0,596.0,TA,TA,Y,0,265,0,0,0,0,,,,0,8,2007,WD ,Abnorml,129000,54.20168067226891,mid,120.90683731119566,98,1,42,28,3401.0,2.5,30
1916,1917,535151020,20,RL,73.0,8760,Pave,,Reg,Lvl,AllPub,Inside,Gtl,NAmes,Norm,Norm,1Fam,1Story,6,7,1957,1999,Gable,CompShg,VinylSd,VinylSd,,0.0,TA,TA,CBlock,TA,TA,No,ALQ,873.0,Unf,0.0,63.0,936.0,GasA,TA,Y,SBrkr,936,0,0,936,1.0,0.0,1,0,2,1,Gd,4,Typ,0,,Attchd,1957.0,RFn,1.0,315.0,TA,TA,Y,0,0,0,219,0,0,,,,0,9,2007,WD ,Normal,141000,150.64102564102564,mid,120.90683731119566,98,0,50,8,1872.0,2.0,42
1917,1918,535151100,20,RL,65.0,6860,Pave,,IR1,Lvl,AllPub,Inside,Gtl,NAmes,Norm,Norm,1Fam,1Story,5,6,1956,1956,Gable,CompShg,Wd Sdng,Wd Sdng,BrkCmn,54.0,TA,TA,CBlock,TA,TA,No,GLQ,908.0,Unf,0.0,100.0,1008.0,GasA,Ex,Y,SBrkr,1008,0,0,1008,1.0,0.0,1,0,3,1,Fa,6,Typ,0,,Detchd,1964.0,Unf,1.0,308.0,TA,TA,Y,0,0,0,0,0,0,,,,0,12,2007,WD ,Normal,131000,129.96031746031747,mid,120.90683731119566,98,0,51,51,2016.0,2.0,30
1918,1919,535151110,20,RL,60.0,8250,Pave,,Reg,Lvl,AllPub,Corner,Gtl,NAmes,Norm,Norm,1Fam,1Story,5,7,1963,1963,Gable,CompShg,MetalSd,MetalSd,,0.0,TA,TA,CBlock,TA,TA,No,ALQ,288.0,Unf,0.0,765.0,1053.0,GasA,Gd,Y,SBrkr,1053,0,0,1053,1.0,0.0,1,0,3,1,Gd,6,Typ,0,,2Types,1994.0,RFn,2.0,692.0,TA,TA,Y,240,0,0,0,109,0,,,,0,7,2007,WD ,Normal,142100,134.94776828110162,mid,120.90683731119566,98,0,44,44,2106.0,2.0,35
1919,1920,535152060,20,RL,70.0,8176,Pave,,Reg,Lvl,AllPub,Inside,Gtl,NAmes,Norm,Norm,1Fam,1Story,5,6,1958,1992,Gable,CompShg,Wd Sdng,Wd Sdng,,0.0,TA,TA,CBlock,TA,TA,No,Rec,846.0,Unf,0.0,210.0,1056.0,GasA,Fa,Y,SBrkr,1056,0,0,1056,1.0,0.0,1,0,3,1,TA,6,Typ,0,,Attchd,1958.0,RFn,1.0,308.0,TA,TA,Y,0,0,0,0,0,0,,,,0,8,2007,WD ,Normal,139000,131.62878787878788,mid,120.90683731119566,98,0,49,15,2112.0,2.0,30
1920,1921,535154080,20,RL,75.0,9750,Pave,,Reg,Lvl,AllPub,Inside,Gtl,NAmes,Norm,Norm,1Fam,1Story,6,6,1958,1958,Gable,CompShg,MetalSd,MetalSd,BrkFace,243.0,TA,TA,CBlock,TA,TA,No,Rec,608.0,Unf,0.0,834.0,1442.0,GasA,Gd,Y,SBrkr,1442,0,0,1442,0.0,0.0,1,1,4,1,TA,7,Typ,0,,Attchd,1958.0,RFn,1.0,301.0,TA,TA,Y,0,0,275,0,0,0,,,Shed,500,4,2007,COD,Normal,157900,109.500693481276,mid,120.90683731119566,98,0,49,49,2884.0,1.5,36
1921,1922,535155110,20,RL,80.0,9250,Pave,,Reg,Lvl,AllPub,Corner,Gtl,NAmes,Norm,Norm,1Fam,1Story,5,7,1954,2005,Gable,CompShg,Wd Sdng,Wd Sdng,,0.0,TA,TA,CBlock,TA,TA,No,BLQ,480.0,LwQ,468.0,108.0,1056.0,GasA,TA,Y,SBrkr,1056,0,0,1056,0.0,1.0,1,0,3,1,TA,6,Typ,0,,Attchd,1954.0,Unf,1.0,260.0,TA,TA,Y,390,0,0,0,0,0,,,,0,7,2007,WD ,Normal,139400,132.00757575757575,mid,120.90683731119566,98,0,53,2,2112.0,1.5,35
1922,1923,535176070,20,RL,90.0,11988,Pave,,IR1,Lvl,AllPub,Corner,Gtl,NAmes,Feedr,Norm,1Fam,1Story,6,6,1957,1957,Gable,CompShg,VinylSd,VinylSd,,0.0,TA,TA,CBlock,TA,TA,No,Rec,777.0,Unf,0.0,467.0,1244.0,GasA,Ex,Y,FuseA,1244,0,0,1244,0.0,0.0,1,1,3,1,TA,6,Typ,2,Gd,Attchd,1957.0,Unf,1.0,336.0,TA,TA,Y,0,40,0,0,0,0,,,,0,5,2007,WD ,Normal,150000,120.57877813504822,mid,120.90683731119566,98,0,50,50,2488.0,1.5,36
1923,1924,535177020,20,RL,70.0,9100,Pave,,Reg,Lvl,AllPub,Inside,Gtl,NAmes,Norm,Norm,1Fam,1Story,5,5,1960,1960,Hip,CompShg,HdBoard,HdBoard,BrkCmn,69.0,TA,TA,CBlock,TA,TA,No,Unf,0.0,Unf,0.0,1144.0,1144.0,GasA,TA,Y,SBrkr,1144,0,0,1144,0.0,0.0,1,0,3,1,TA,6,Typ,1,Gd,Attchd,1960.0,RFn,1.0,336.0,TA,TA,Y,0,0,0,0,0,0,,,,0,6,2007,WD ,Normal,120000,104.8951048951049,mid,120.90683731119566,98,1,47,47,2288.0,1.0,25
1924,1925,535177110,20,RL,80.0,9736,Pave,,Reg,Lvl,AllPub,Inside,Gtl,NAmes,Feedr,Norm,1Fam,1Story,6,6,1957,1969,Gable,CompShg,Wd Sdng,Wd Sdng,BrkFace,289.0,TA,TA,CBlock,TA,TA,No,BLQ,668.0,Rec,138.0,525.0,1331.0,GasA,Gd,Y,SBrkr,1721,0,0,1721,0.0,0.0,1,0,4,1,TA,8,Typ,3,TA,Attchd,1957.0,Unf,2.0,464.0,TA,TA,Y,0,0,0,0,0,0,,,,0,4,2007,WD ,Normal,174850,101.59790819291109,mid,120.90683731119566,98,1,50,38,3052.0,1.0,36
1925,1926,535179120,20,RL,72.0,9770,Pave,,Reg,Lvl,AllPub,Inside,Gtl,NAmes,Norm,Norm,1Fam,1Story,5,5,1957,1957,Gable,CompShg,Wd Sdng,Wd Sdng,,0.0,TA,TA,CBlock,TA,TA,No,Rec,512.0,Unf,0.0,410.0,922.0,GasA,TA,Y,FuseA,922,0,0,922,1.0,0.0,1,0,2,1,TA,5,Typ,0,,Attchd,1957.0,Unf,1.0,308.0,TA,TA,Y,0,34,0,0,0,0,,GdWo,,0,4,2007,WD ,Normal,116000,125.81344902386117,mid,120.90683731119566,98,0,50,50,1844.0,2.0,25
1926,1927,535180030,20,RL,72.0,10152,Pave,,Reg,Lvl,AllPub,Inside,Gtl,NAmes,Norm,Norm,1Fam,1Story,5,5,1956,1956,Hip,CompShg,MetalSd,MetalSd,BrkFace,120.0,TA,TA,CBlock,TA,TA,No,BLQ,586.0,Unf,0.0,462.0,1048.0,GasA,TA,Y,SBrkr,1048,0,0,1048,1.0,0.0,1,0,3,1,TA,6,Typ,0,,Attchd,1956.0,Unf,1.0,286.0,TA,TA,Y,0,20,0,0,192,0,,,,0,6,2007,WD ,Normal,135000,128.81679389312978,mid,120.90683731119566,98,0,51,51,2096.0,2.0,25
1927,1928,535181030,20,RL,,12155,Pave,,IR3,Lvl,AllPub,Inside,Gtl,NAmes,PosN,Norm,1Fam,1Story,6,3,1970,1970,Gable,CompShg,Plywood,Plywood,,0.0,TA,TA,CBlock,Gd,TA,No,LwQ,1237.0,Unf,0.0,420.0,1657.0,GasA,Gd,Y,SBrkr,1657,0,0,1657,0.0,1.0,2,0,3,1,TA,7,Typ,1,TA,Attchd,1970.0,Unf,2.0,484.0,TA,TA,Y,0,0,0,0,147,0,,,,0,3,2007,WD ,Normal,163500,98.67229933614966,mid,120.90683731119566,98,1,37,37,3314.0,2.5,18
1928,1929,535181140,20,RL,70.0,12198,Pave,,IR1,Lvl,AllPub,Inside,Gtl,NAmes,Norm,Norm,1Fam,1Story,5,6,1955,1975,Gable,CompShg,VinylSd,VinylSd,,0.0,TA,TA,CBlock,TA,TA,Av,Rec,780.0,Unf,0.0,424.0,1204.0,GasA,TA,Y,SBrkr,1411,0,0,1411,0.0,0.0,1,0,3,1,TA,7,Typ,1,TA,Attchd,1955.0,RFn,1.0,310.0,TA,TA,Y,278,82,0,0,0,0,,,,0,6,2007,COD,Normal,130000,92.13323883770376,mid,120.90683731119566,98,1,52,32,2615.0,1.0,30
1929,1930,535300040,20,RL,75.0,10050,Pave,,Reg,Lvl,AllPub,Inside,Gtl,NAmes,Norm,Norm,1Fam,1Story,5,5,1955,1955,Hip,CompShg,MetalSd,MetalSd,,0.0,TA,TA,CBlock,TA,TA,No,Rec,288.0,Unf,0.0,928.0,1216.0,GasA,TA,Y,SBrkr,1216,0,0,1216,1.0,0.0,1,0,3,1,TA,5,Typ,0,,Attchd,1955.0,RFn,1.0,336.0,TA,TA,Y,0,0,0,0,0,0,,,,0,8,2007,WD ,Normal,129500,106.4967105263158,mid,120.90683731119566,98,1,52,52,2432.0,2.0,25
1930,1931,535301060,20,RL,60.0,11556,Pave,,Reg,Lvl,AllPub,Inside,Gtl,NAmes,Norm,Norm,1Fam,1Story,5,9,1953,2006,Gable,CompShg,VinylSd,MetalSd,,0.0,TA,Ex,CBlock,TA,TA,No,BLQ,408.0,Unf,0.0,456.0,864.0,GasA,Gd,Y,SBrkr,1154,0,0,1154,0.0,0.0,1,1,3,1,Ex,6,Typ,0,,Detchd,1962.0,Unf,1.0,336.0,TA,TA,Y,63,0,0,0,0,0,,,,0,7,2007,WD ,Normal,142000,123.05025996533796,mid,120.90683731119566,98,0,54,1,2018.0,1.5,45
1931,1932,535301160,90,RL,70.0,8078,Pave,,Reg,Lvl,AllPub,Inside,Gtl,NAmes,Norm,Norm,Duplex,1Story,5,5,1958,1958,Hip,CompShg,Wd Sdng,Wd Sdng,Stone,260.0,TA,TA,CBlock,TA,TA,No,Unf,0.0,Unf,0.0,1560.0,1560.0,GasA,TA,Y,SBrkr,1560,0,0,1560,0.0,0.0,2,0,4,2,TA,8,Typ,0,,Detchd,1958.0,Unf,2.0,484.0,TA,TA,Y,0,0,0,0,0,0,,,,0,12,2007,WD ,Normal,128600,82.43589743589743,mid,120.90683731119566,98,1,49,49,3120.0,2.0,25
1932,1933,535302070,20,RL,60.0,10950,Pave,,Reg,Lvl,AllPub,Inside,Gtl,NAmes,Norm,Norm,1Fam,1Story,6,6,1952,1952,Hip,CompShg,Wd Sdng,Wd Sdng,,0.0,TA,TA,CBlock,TA,TA,No,ALQ,441.0,Unf,0.0,507.0,948.0,GasA,TA,Y,SBrkr,948,0,0,948,0.0,0.0,1,0,2,1,TA,5,Typ,0,,Detchd,1952.0,Unf,2.0,410.0,TA,TA,N,0,48,0,0,0,0,,,,0,4,2007,WD ,Normal,125000,131.85654008438817,mid,120.90683731119566,98,0,55,55,1896.0,1.0,36
1933,1934,535304170,20,RL,68.0,7942,Pave,,Reg,Lvl,AllPub,Inside,Gtl,NAmes,Norm,Norm,1Fam,1Story,6,7,1953,1953,Hip,CompShg,Wd Sdng,Wd Sdng,,0.0,TA,TA,CBlock,TA,TA,No,Rec,85.0,ALQ,955.0,0.0,1040.0,GasA,TA,Y,FuseF,1040,0,0,1040,0.0,1.0,1,0,3,1,TA,6,Typ,0,,Attchd,1953.0,Fin,1.0,293.0,TA,TA,Y,0,0,0,0,0,0,,MnPrv,,0,6,2007,WD ,Normal,136000,130.76923076923077,mid,120.90683731119566,98,0,54,54,2080.0,1.5,42
1934,1935,535305180,20,RL,66.0,8923,Pave,,Reg,Lvl,AllPub,Inside,Gtl,NAmes,Norm,Norm,1Fam,1Story,5,7,1953,2006,Gable,CompShg,Wd Sdng,Wd Sdng,,0.0,TA,TA,CBlock,TA,TA,No,BLQ,643.0,Unf,0.0,365.0,1008.0,GasA,Gd,Y,SBrkr,1008,0,0,1008,1.0,0.0,1,0,2,1,Gd,6,Typ,0,,Attchd,1953.0,Unf,1.0,240.0,TA,TA,Y,0,18,0,0,0,0,,,,0,5,2007,WD ,Normal,134500,133.43253968253967,mid,120.90683731119566,98,0,54,1,2016.0,2.0,35
1935,1936,535325090,20,RL,71.0,8540,Pave,,Reg,Lvl,AllPub,Corner,Gtl,NAmes,Norm,Norm,1Fam,1Story,5,8,1956,2003,Gable,CompShg,VinylSd,VinylSd,,0.0,TA,Gd,CBlock,TA,TA,No,Rec,114.0,ALQ,691.0,120.0,925.0,GasA,TA,Y,SBrkr,925,0,0,925,1.0,0.0,1,0,3,1,Gd,5,Typ,0,,Detchd,1956.0,Unf,1.0,252.0,TA,TA,Y,152,0,0,0,0,0,,,,0,6,2007,WD ,Normal,127000,137.2972972972973,mid,120.90683731119566,98,0,51,4,1850.0,2.0,40
1936,1937,535325280,80,RL,60.0,7134,Pave,,Reg,Bnk,AllPub,Inside,Mod,NAmes,Norm,Norm,1Fam,SLvl,5,5,1955,1955,Gable,CompShg,MetalSd,MetalSd,,0.0,TA,TA,CBlock,TA,TA,No,ALQ,384.0,Unf,0.0,0.0,384.0,GasA,TA,Y,SBrkr,1360,0,0,1360,0.0,0.0,1,0,3,1,TA,6,Min1,1,TA,Detchd,1962.0,Unf,2.0,572.0,TA,TA,Y,0,50,0,0,0,0,,MnPrv,,0,2,2007,WD ,Normal,130000,95.58823529411765,mid,120.90683731119566,98,1,52,52,1744.0,1.0,25
1937,1938,535325320,50,RL,55.0,7150,Pave,,Reg,Lvl,AllPub,Inside,Gtl,NAmes,Norm,Norm,1Fam,1.5Fin,4,4,1955,1955,Gable,CompShg,MetalSd,MetalSd,,0.0,TA,TA,PConc,TA,TA,No,Rec,150.0,Unf,0.0,1040.0,1190.0,GasA,Gd,Y,SBrkr,1040,500,0,1540,1.0,0.0,1,0,4,1,Fa,7,Typ,0,,Detchd,2002.0,Unf,1.0,352.0,TA,TA,Y,0,0,0,0,0,0,,,,0,8,2007,WD ,Normal,115000,74.67532467532467,mid,120.90683731119566,98,1,52,52,2730.0,2.0,16
1938,1939,535327160,20,RL,70.0,8400,Pave,,Reg,Lvl,AllPub,Corner,Gtl,NAmes,Norm,Norm,1Fam,1Story,5,5,1955,1955,Gable,CompShg,MetalSd,MetalSd,,0.0,TA,Gd,CBlock,TA,TA,No,BLQ,793.0,Unf,0.0,130.0,923.0,GasA,TA,Y,SBrkr,925,0,0,925,1.0,0.0,1,0,3,1,TA,5,Typ,2,TA,Attchd,1955.0,Unf,1.0,390.0,TA,TA,Y,81,0,0,0,0,0,,GdWo,,0,3,2007,WD ,Normal,116900,126.37837837837837,mid,120.90683731119566,98,0,52,52,1848.0,2.0,25
1939,1940,535327200,20,RL,70.0,13300,Pave,,Reg,Lvl,AllPub,Inside,Gtl,NAmes,Norm,Norm,1Fam,1Story,5,7,1956,2000,Hip,CompShg,Wd Sdng,Wd Sdng,,0.0,TA,TA,CBlock,Gd,TA,No,Rec,377.0,Unf,0.0,551.0,928.0,GasA,TA,Y,SBrkr,928,0,0,928,0.0,0.0,1,0,2,1,TA,4,Typ,0,,Attchd,1956.0,Unf,1.0,252.0,TA,TA,Y,261,0,156,0,0,0,,,,0,6,2007,WD ,Normal,132000,142.24137931034483,mid,120.90683731119566,98,0,51,7,1856.0,1.0,35
1940,1941,535353050,20,RL,75.0,9532,Pave,,Reg,Lvl,AllPub,Inside,Gtl,NAmes,Norm,Norm,1Fam,1Story,4,6,1953,1953,Gable,CompShg,VinylSd,VinylSd,,0.0,TA,TA,CBlock,TA,TA,No,BLQ,595.0,Rec,354.0,156.0,1105.0,GasA,Gd,Y,SBrkr,1647,0,0,1647,1.0,0.0,1,0,3,1,TA,6,Min1,1,Fa,Attchd,1953.0,Fin,1.0,280.0,TA,TA,Y,225,0,0,0,0,368,TA,GdPrv,,0,2,2007,WD ,Normal,153000,92.89617486338798,mid,120.90683731119566,98,1,54,54,2752.0,2.0,24
1941,1942,535353130,20,RL,,15783,Pave,,Reg,Lvl,AllPub,Inside,Gtl,OldTown,Artery,Norm,1Fam,1Story,5,5,1952,1952,Gable,CompShg,Wd Sdng,Wd Sdng,,0.0,TA,TA,CBlock,TA,TA,No,Rec,292.0,Unf,0.0,632.0,924.0,GasA,TA,Y,SBrkr,924,0,0,924,0.0,0.0,1,0,2,1,TA,6,Typ,0,,Detchd,1952.0,Unf,1.0,420.0,TA,TA,Y,0,324,0,0,0,0,,MnPrv,Shed,400,6,2007,WD ,Normal,112500,121.75324675324676,mid,94.78519485186341,42,0,55,55,1848.0,1.0,25
1942,1943,535353160,50,RL,60.0,14190,Pave,,Reg,Lvl,AllPub,Inside,Gtl,OldTown,Artery,Norm,1Fam,1.5Fin,4,7,1890,2006,Gable,CompShg,VinylSd,VinylSd,,0.0,Gd,Gd,CBlock,Fa,TA,No,Unf,0.0,Unf,0.0,925.0,925.0,GasA,Gd,Y,SBrkr,1000,544,0,1544,0.0,0.0,2,0,3,1,TA,7,Typ,0,,,,,0.0,0.0,,,N,231,0,0,0,0,0,,,,0,4,2007,WD ,Normal,138000,89.37823834196891,mid,94.78519485186341,42,0,117,1,2469.0,2.0,28
1943,1944,535354050,45,RL,60.0,9600,Pave,,Reg,Lvl,AllPub,Inside,Gtl,NAmes,Norm,Norm,1Fam,1.5Unf,5,7,1949,2003,Gable,CompShg,MetalSd,MetalSd,,0.0,TA,TA,CBlock,TA,TA,No,ALQ,220.0,Unf,0.0,625.0,845.0,GasA,TA,Y,SBrkr,893,0,0,893,0.0,1.0,1,0,2,1,Gd,4,Typ,0,,Detchd,1985.0,Unf,2.0,576.0,TA,TA,Y,0,0,0,0,0,0,,,,0,5,2007,WD ,Normal,135000,151.17581187010077,mid,120.90683731119566,98,0,58,4,1738.0,1.5,35
1944,1945,535354260,50,RL,,12099,Pave,,IR1,Lvl,AllPub,Inside,Gtl,NAmes,Norm,Norm,1Fam,1.5Fin,5,6,1953,2004,Gable,CompShg,MetalSd,MetalSd,,0.0,TA,TA,CBlock,TA,Fa,No,LwQ,198.0,Unf,0.0,1018.0,1216.0,GasA,Ex,Y,SBrkr,1216,0,512,1728,1.0,0.0,1,0,3,1,TA,7,Typ,1,Gd,Attchd,1953.0,Unf,1.0,371.0,TA,TA,Y,200,0,0,0,0,0,,GdWo,,0,6,2007,WD ,Normal,156000,90.27777777777777,mid,120.90683731119566,98,1,54,3,2944.0,2.0,30
1945,1946,535355020,70,RL,113.0,21281,Pave,,Reg,Lvl,AllPub,Inside,Gtl,NAmes,Norm,Norm,1Fam,2Story,5,4,1935,2007,Gable,CompShg,Wd Sdng,MetalSd,,0.0,TA,TA,BrkTil,TA,Fa,No,Unf,0.0,Unf,0.0,666.0,666.0,GasA,Gd,Y,SBrkr,1308,1778,0,3086,0.0,0.0,3,1,4,1,Gd,9,Min1,0,,BuiltIn,2007.0,Unf,3.0,1200.0,TA,TA,Y,0,208,290,0,156,0,,,,0,11,2007,WD ,Family,301600,97.73169151004537,mid,120.90683731119566,98,1,72,0,3752.0,3.5,20
1946,1947,535375130,50,RL,60.0,10134,Pave,,Reg,Lvl,AllPub,Inside,Gtl,OldTown,Norm,Norm,1Fam,1.5Fin,5,6,1940,1950,Gable,CompShg,MetalSd,MetalSd,,0.0,TA,TA,CBlock,TA,TA,No,Unf,0.0,Unf,0.0,735.0,735.0,GasA,Gd,Y,FuseA,735,299,0,1034,0.0,0.0,1,0,2,1,TA,5,Typ,0,,Detchd,1940.0,Unf,1.0,240.0,TA,TA,Y,0,39,0,0,0,0,,,,0,7,2007,WD ,Normal,109000,105.41586073500967,mid,94.78519485186341,42,0,67,57,1769.0,1.0,30
1947,1948,535376010,45,RL,55.0,5500,Pave,,Reg,Lvl,AllPub,Inside,Gtl,OldTown,Norm,Norm,1Fam,1.5Unf,4,6,1956,1956,Gable,CompShg,MetalSd,MetalSd,,0.0,TA,TA,CBlock,TA,TA,No,Unf,0.0,Unf,0.0,882.0,882.0,GasA,Ex,Y,SBrkr,882,0,0,882,0.0,0.0,1,0,1,1,TA,4,Typ,0,,,,,0.0,0.0,,,Y,0,0,0,0,0,0,,MnPrv,,0,4,2007,WD ,Normal,103200,117.00680272108843,mid,94.78519485186341,42,0,51,51,1764.0,1.0,24
1948,1949,535378080,50,RL,60.0,10284,Pave,,Reg,Lvl,AllPub,Corner,Gtl,OldTown,Norm,Norm,1Fam,1.5Fin,4,7,1925,1993,Gable,CompShg,MetalSd,MetalSd,,0.0,TA,TA,CBlock,TA,TA,Mn,ALQ,1030.0,LwQ,66.0,55.0,1151.0,GasA,Ex,Y,SBrkr,845,436,0,1281,1.0,0.0,2,0,1,1,TA,6,Mod,0,,Detchd,1978.0,Unf,2.0,580.0,TA,TA,Y,0,0,0,0,0,0,,,,0,8,2007,WD ,Abnorml,128500,100.31225604996096,mid,94.78519485186341,42,0,82,14,2432.0,3.0,28
1949,1950,535379060,30,RL,60.0,10800,Pave,Grvl,Reg,Lvl,AllPub,Inside,Gtl,OldTown,Norm,Norm,1Fam,1Story,4,6,1927,2007,Gable,CompShg,Wd Sdng,Wd Sdng,,0.0,TA,TA,BrkTil,TA,TA,No,Unf,0.0,Unf,0.0,656.0,656.0,GasA,TA,Y,SBrkr,968,0,0,968,0.0,0.0,2,0,4,1,TA,5,Typ,0,,Detchd,1928.0,Unf,1.0,216.0,Fa,Fa,Y,0,0,0,0,0,0,,,,0,8,2007,WD ,Normal,64500,66.63223140495867,mid,94.78519485186341,42,1,80,0,1624.0,2.0,24
1950,1951,535379110,70,RL,60.0,10800,Pave,Grvl,Reg,Lvl,AllPub,Inside,Gtl,OldTown,Norm,Norm,1Fam,2Story,5,9,1895,1999,Gable,CompShg,Wd Sdng,HdBoard,,0.0,TA,Gd,CBlock,Gd,TA,Av,Unf,0.0,Unf,0.0,736.0,736.0,GasA,Ex,Y,SBrkr,751,783,0,1534,0.0,0.0,1,1,3,1,Gd,6,Typ,0,,,,,0.0,0.0,,,N,0,112,0,0,0,0,,,,0,7,2007,WD ,Normal,148000,96.47979139504564,mid,94.78519485186341,42,0,112,8,2270.0,1.5,45
1951,1952,535382150,30,RL,60.0,5400,Pave,,Reg,Lvl,AllPub,Corner,Gtl,OldTown,Norm,Norm,1Fam,1Story,5,6,1920,1950,Gable,CompShg,Wd Sdng,Wd Sdng,,0.0,TA,TA,BrkTil,Fa,TA,No,Unf,0.0,Unf,0.0,691.0,691.0,GasA,Ex,Y,FuseA,691,0,0,691,0.0,0.0,1,0,2,1,Ex,4,Typ,0,,Detchd,1920.0,Unf,1.0,216.0,Fa,TA,N,0,20,94,0,0,0,,,,0,1,2007,WD ,Abnorml,86000,124.45730824891461,mid,94.78519485186341,42,0,87,57,1382.0,1.0,30
1952,1953,535402140,80,RL,93.0,10090,Pave,,IR1,Lvl,AllPub,Inside,Gtl,NAmes,Norm,Norm,1Fam,SLvl,7,5,1963,1999,Gable,CompShg,Plywood,Plywood,BrkFace,364.0,TA,TA,CBlock,TA,TA,Av,Rec,242.0,ALQ,483.0,0.0,725.0,GasA,TA,Y,SBrkr,1035,616,0,1651,0.0,1.0,2,0,4,1,TA,6,Typ,2,TA,BuiltIn,1963.0,Unf,1.0,276.0,TA,TA,Y,460,46,0,0,165,0,,MnPrv,,0,10,2007,WD ,Normal,172000,104.17928528164748,high,124.40838404327248,7,1,44,8,2376.0,2.5,35
1953,1954,535402180,20,RL,75.0,8700,Pave,,IR1,Lvl,AllPub,Inside,Gtl,NAmes,Norm,Norm,1Fam,1Story,5,7,1961,1961,Gable,CompShg,HdBoard,HdBoard,BrkFace,53.0,TA,TA,CBlock,TA,TA,No,ALQ,192.0,Unf,0.0,728.0,920.0,GasA,Gd,Y,SBrkr,888,0,0,888,0.0,1.0,1,0,3,1,TA,5,Typ,0,,Attchd,1961.0,Unf,1.0,240.0,TA,TA,Y,0,0,0,0,0,0,,,,0,2,2007,COD,Abnorml,120000,135.13513513513513,mid,120.90683731119566,98,0,46,46,1808.0,1.5,35
1954,1955,535403030,20,RL,66.0,8300,Pave,,IR1,Lvl,AllPub,Inside,Gtl,NAmes,Norm,Norm,1Fam,1Story,6,6,1968,1968,Gable,CompShg,Wd Sdng,Wd Sdng,BrkFace,86.0,TA,TA,CBlock,TA,TA,Mn,Rec,952.0,Unf,0.0,0.0,952.0,GasA,Gd,Y,SBrkr,952,0,0,952,1.0,0.0,1,0,3,1,TA,5,Typ,0,,Attchd,1968.0,Unf,1.0,288.0,TA,TA,Y,0,0,0,0,0,0,,,,0,8,2007,WD ,Normal,128500,134.97899159663865,mid,120.90683731119566,98,0,39,39,1904.0,2.0,36
1955,1956,535426130,60,RL,70.0,11606,Pave,,IR1,HLS,AllPub,Inside,Sev,NAmes,Norm,Norm,1Fam,2Story,5,5,1969,1969,Gable,CompShg,Plywood,Plywood,BrkFace,192.0,TA,TA,PConc,Gd,TA,Av,Rec,650.0,Unf,0.0,390.0,1040.0,GasA,TA,Y,SBrkr,1040,1040,0,2080,0.0,1.0,1,2,5,1,Fa,9,Typ,2,TA,Attchd,1969.0,Unf,2.0,504.0,TA,TA,Y,335,0,0,0,0,0,,,,0,9,2007,WD ,Family,135000,64.90384615384616,mid,120.90683731119566,98,1,38,38,3120.0,2.5,25
1956,1957,535450190,50,RL,60.0,8064,Pave,,Reg,Lvl,AllPub,Corner,Gtl,NAmes,Artery,Norm,1Fam,1.5Fin,5,7,1949,2006,Gable,CompShg,MetalSd,MetalSd,,0.0,TA,Gd,CBlock,TA,TA,Mn,Unf,0.0,Unf,0.0,672.0,672.0,GasA,Ex,Y,SBrkr,672,252,0,924,0.0,0.0,1,0,3,1,TA,6,Typ,1,Po,Detchd,2003.0,Unf,2.0,576.0,TA,TA,Y,0,0,0,0,0,0,,MnPrv,Shed,2000,7,2007,WD ,Normal,122900,133.00865800865802,mid,120.90683731119566,98,0,58,1,1596.0,1.0,35
1957,1958,535450220,20,RL,60.0,11664,Pave,,Reg,Lvl,AllPub,Inside,Gtl,NAmes,Artery,Norm,1Fam,1Story,6,5,1948,1950,Gable,CompShg,MetalSd,MetalSd,BrkFace,206.0,TA,TA,CBlock,TA,Fa,No,BLQ,336.0,Unf,0.0,746.0,1082.0,GasA,TA,Y,SBrkr,1082,0,0,1082,0.0,0.0,1,0,2,1,TA,5,Typ,1,Gd,Detchd,1948.0,Unf,1.0,240.0,TA,TA,Y,0,130,0,0,0,0,,,,0,11,2007,WD ,Normal,119200,110.16635859519408,mid,120.90683731119566,98,0,59,57,2164.0,1.0,30
1958,1959,535450310,50,RL,78.0,10496,Pave,,Reg,Lvl,AllPub,Inside,Gtl,NAmes,Artery,Norm,1Fam,1.5Fin,6,6,1949,1950,Gable,CompShg,Wd Sdng,Wd Sdng,BrkFace,320.0,TA,TA,CBlock,TA,TA,Mn,Rec,196.0,Unf,0.0,844.0,1040.0,GasA,Ex,Y,SBrkr,1168,678,0,1846,0.0,0.0,2,0,3,1,TA,7,Typ,1,Gd,Attchd,1949.0,Unf,1.0,315.0,TA,TA,Y,0,0,0,0,0,0,,GdWo,,0,1,2007,WD ,Normal,143000,77.46478873239437,mid,120.90683731119566,98,1,58,57,2886.0,2.0,36
1959,1960,535451040,20,RL,60.0,7200,Pave,,Reg,Lvl,AllPub,Inside,Gtl,NAmes,Norm,Norm,1Fam,1Story,5,7,1950,1950,Gable,CompShg,MetalSd,MetalSd,,0.0,TA,TA,CBlock,TA,TA,No,BLQ,534.0,Rec,96.0,246.0,876.0,GasA,TA,Y,SBrkr,988,0,0,988,0.0,0.0,1,0,3,1,TA,6,Typ,0,,Attchd,1950.0,Unf,1.0,276.0,TA,TA,Y,0,80,0,0,0,0,,,,0,5,2007,WD ,Normal,119000,120.44534412955466,mid,120.90683731119566,98,0,57,57,1864.0,1.0,35
1960,1961,535451100,20,RL,60.0,7200,Pave,,Reg,Lvl,AllPub,Inside,Gtl,NAmes,Norm,Norm,1Fam,1Story,5,3,1950,1950,Gable,CompShg,WdShing,Wd Shng,,0.0,TA,TA,CBlock,TA,TA,No,LwQ,432.0,Unf,0.0,432.0,864.0,GasA,Fa,Y,FuseA,1238,0,0,1238,0.0,0.0,1,1,3,1,TA,6,Min2,1,TA,Attchd,1950.0,Unf,1.0,357.0,TA,TA,Y,0,171,0,0,0,0,,,,0,11,2007,WD ,Normal,102000,82.39095315024232,mid,120.90683731119566,98,1,57,57,2102.0,1.5,15
1961,1962,535451110,20,RL,60.0,7200,Pave,,Reg,Lvl,AllPub,Inside,Gtl,NAmes,Norm,Norm,1Fam,1Story,5,8,1950,2002,Gable,CompShg,VinylSd,VinylSd,,0.0,TA,TA,CBlock,TA,TA,No,ALQ,398.0,BLQ,149.0,317.0,864.0,GasA,Gd,Y,SBrkr,864,0,0,864,1.0,0.0,1,0,3,1,Gd,5,Typ,0,,Detchd,1980.0,RFn,2.0,720.0,TA,TA,Y,194,0,0,0,0,0,,,,0,7,2007,WD ,Normal,129000,149.30555555555554,mid,120.90683731119566,98,0,57,5,1728.0,2.0,40
1962,1963,535452060,20,RL,70.0,7000,Pave,,Reg,Lvl,AllPub,Inside,Gtl,NAmes,Norm,Norm,1Fam,1Story,5,7,1960,2002,Gable,CompShg,Wd Sdng,Wd Sdng,BrkFace,45.0,TA,TA,CBlock,TA,TA,No,Rec,588.0,Unf,0.0,422.0,1010.0,GasA,Ex,Y,SBrkr,1134,0,0,1134,0.0,0.0,1,0,2,1,TA,6,Typ,0,,Attchd,1960.0,RFn,1.0,254.0,TA,TA,Y,0,16,0,0,0,0,,MnWw,,0,4,2007,WD ,Family,135000,119.04761904761905,mid,120.90683731119566,98,0,47,5,2144.0,1.0,35
1963,1964,535453080,20,RL,,7500,Pave,,Reg,Lvl,AllPub,Inside,Gtl,NAmes,Norm,Norm,1Fam,1Story,5,7,1959,2003,Hip,CompShg,BrkFace,BrkFace,,0.0,TA,TA,CBlock,TA,TA,No,GLQ,574.0,Unf,0.0,466.0,1040.0,GasA,Ex,Y,SBrkr,1040,0,0,1040,1.0,0.0,1,0,3,1,Gd,6,Typ,0,,Attchd,1959.0,RFn,1.0,286.0,TA,TA,Y,0,0,0,0,0,0,,,Shed,0,7,2007,WD ,Normal,152000,146.15384615384616,mid,120.90683731119566,98,0,48,4,2080.0,2.0,35
1964,1965,535453150,20,RL,70.0,7315,Pave,,Reg,Lvl,AllPub,Inside,Gtl,NAmes,Norm,Norm,1Fam,1Story,5,6,1958,1958,Hip,CompShg,BrkFace,BrkFace,,0.0,TA,TA,CBlock,TA,TA,No,Rec,625.0,Unf,0.0,545.0,1170.0,GasA,TA,Y,SBrkr,1170,0,0,1170,0.0,1.0,1,0,3,1,TA,6,Typ,1,TA,Attchd,1958.0,RFn,1.0,338.0,TA,TA,Y,0,0,0,0,225,0,,,,0,3,2007,WD ,Normal,140000,119.65811965811966,mid,120.90683731119566,98,0,49,49,2340.0,1.5,30
1965,1966,535453180,20,RL,70.0,7903,Pave,,Reg,Lvl,AllPub,Inside,Gtl,NAmes,Norm,Norm,1Fam,1Story,5,5,1960,1960,Hip,CompShg,BrkFace,BrkFace,,0.0,TA,TA,CBlock,TA,TA,No,Rec,739.0,Unf,0.0,503.0,1242.0,GasA,Gd,Y,FuseA,1242,0,0,1242,1.0,0.0,1,1,3,1,TA,6,Typ,0,,Attchd,1960.0,RFn,1.0,324.0,TA,TA,Y,0,0,0,0,0,0,,,,0,5,2007,WD ,Family,152000,122.38325281803543,mid,120.90683731119566,98,0,47,47,2484.0,2.5,25
1966,1967,535457020,20,RL,80.0,8000,Pave,,Reg,Lvl,AllPub,Inside,Gtl,NAmes,Norm,Norm,1Fam,1Story,5,5,1960,1960,Hip,CompShg,BrkFace,BrkFace,,0.0,TA,TA,CBlock,TA,TA,No,BLQ,1098.0,Rec,154.0,125.0,1377.0,GasA,TA,Y,SBrkr,1377,0,0,1377,1.0,0.0,1,0,3,1,TA,6,Typ,2,TA,Attchd,1965.0,Unf,1.0,351.0,TA,TA,Y,0,0,0,0,0,0,,MnPrv,,0,11,2007,WD ,Normal,156500,113.65286855482934,mid,120.90683731119566,98,0,47,47,2754.0,2.0,25
1967,1968,535457040,90,RL,80.0,8000,Pave,,Reg,Lvl,AllPub,Corner,Gtl,NAmes,Artery,Norm,Duplex,1Story,5,4,1961,1961,Gable,CompShg,BrkFace,BrkFace,,0.0,TA,TA,CBlock,TA,TA,No,Unf,0.0,Unf,0.0,1800.0,1800.0,GasA,Ex,N,SBrkr,1800,0,0,1800,0.0,0.0,2,0,6,2,TA,10,Typ,0,,,,,0.0,0.0,,,Y,0,0,0,0,0,0,,,,0,7,2007,WD ,Normal,141000,78.33333333333333,mid,120.90683731119566,98,1,46,46,3600.0,2.0,20
1968,1969,535457050,20,RL,70.0,7000,Pave,,Reg,Lvl,AllPub,Corner,Gtl,NAmes,Feedr,Norm,1Fam,1Story,5,6,1961,1961,Gable,CompShg,BrkFace,Wd Sdng,,0.0,TA,TA,Slab,,,,,0.0,,0.0,0.0,0.0,GasA,Gd,Y,SBrkr,925,0,0,925,0.0,0.0,1,0,3,1,TA,7,Typ,0,,Attchd,1961.0,Fin,1.0,300.0,TA,TA,Y,0,0,0,0,0,0,,,,0,7,2007,WD ,Normal,99000,107.02702702702703,mid,120.90683731119566,98,1,46,46,925.0,1.0,30
1969,1970,535476360,60,RL,80.0,9760,Pave,,Reg,Lvl,AllPub,Inside,Mod,NAmes,Norm,Norm,1Fam,2Story,6,8,1964,1993,Hip,CompShg,Wd Sdng,Wd Sdng,BrkFace,340.0,TA,TA,CBlock,TA,TA,Gd,BLQ,536.0,Rec,117.0,169.0,822.0,GasA,Gd,Y,SBrkr,1020,831,0,1851,0.0,0.0,2,1,3,1,Gd,7,Typ,1,Fa,Attchd,1964.0,RFn,2.0,440.0,TA,TA,Y,239,42,0,0,0,0,,MnWw,,0,7,2007,WD ,Normal,187000,101.02647217720151,mid,120.90683731119566,98,1,43,14,2673.0,2.5,48
1970,1971,535477130,60,RL,69.0,7590,Pave,,Reg,Lvl,AllPub,Inside,Gtl,NAmes,PosN,Norm,1Fam,2Story,5,5,1962,1962,Gable,CompShg,VinylSd,VinylSd,BrkFace,288.0,TA,TA,CBlock,TA,TA,No,ALQ,540.0,Unf,0.0,324.0,864.0,GasA,TA,Y,SBrkr,876,936,0,1812,0.0,0.0,2,0,4,1,TA,8,Typ,1,TA,Attchd,1962.0,RFn,1.0,264.0,TA,TA,Y,0,168,0,0,0,0,,,,0,7,2007,WD ,Normal,169500,93.54304635761589,mid,120.90683731119566,98,1,45,45,2676.0,2.0,25
1971,1972,535477180,20,RL,60.0,6600,Pave,,Reg,Lvl,AllPub,Inside,Gtl,NAmes,PosN,Norm,1Fam,1Story,5,5,1962,1962,Hip,CompShg,Wd Sdng,Wd Sdng,,0.0,TA,TA,CBlock,TA,TA,No,ALQ,110.0,BLQ,442.0,312.0,864.0,GasA,Gd,Y,SBrkr,864,0,0,864,0.0,0.0,1,0,2,1,TA,5,Typ,0,,Detchd,1962.0,Unf,1.0,294.0,TA,TA,Y,58,0,0,0,0,0,,,,0,12,2007,WD ,Normal,125500,145.25462962962962,mid,120.90683731119566,98,0,45,45,1728.0,1.0,25
1972,1973,535478040,85,RL,66.0,6760,Pave,,Reg,Lvl,AllPub,Inside,Gtl,NAmes,Norm,Norm,1Fam,SFoyer,5,5,1962,1962,Gable,CompShg,HdBoard,HdBoard,,0.0,TA,TA,CBlock,TA,TA,Av,ALQ,734.0,Unf,0.0,162.0,896.0,GasA,TA,Y,SBrkr,936,0,0,936,1.0,0.0,1,0,3,1,TA,6,Typ,1,Po,Attchd,1962.0,RFn,1.0,288.0,TA,TA,Y,24,90,160,0,0,0,,,,0,10,2007,WD ,Normal,130000,138.88888888888889,mid,120.90683731119566,98,0,45,45,1832.0,2.0,25
1973,1974,902100010,30,RM,60.0,6978,Pave,,Reg,Bnk,AllPub,Inside,Gtl,OldTown,Artery,Norm,1Fam,1Story,5,7,1926,1980,Gable,CompShg,MetalSd,MetalSd,,0.0,Gd,Gd,BrkTil,TA,TA,No,Unf,0.0,Unf,0.0,850.0,850.0,GasA,TA,Y,SBrkr,960,0,0,960,0.0,0.0,1,0,2,1,TA,5,Typ,0,,Detchd,1981.0,RFn,2.0,576.0,TA,TA,Y,0,0,116,0,0,0,,,,0,4,2007,WD ,Normal,103000,107.29166666666667,mid,94.78519485186341,42,0,81,27,1810.0,1.0,35
1974,1975,902105110,70,RM,60.0,9600,Pave,Grvl,Reg,Lvl,AllPub,Inside,Gtl,OldTown,Norm,Norm,1Fam,2Story,5,7,1910,2002,Gable,CompShg,Wd Sdng,Wd Shng,,0.0,TA,Gd,BrkTil,Fa,Fa,No,Unf,0.0,Unf,0.0,264.0,264.0,GasA,Ex,Y,SBrkr,768,664,0,1432,0.0,0.0,2,0,2,1,TA,7,Typ,0,,Detchd,1910.0,Unf,2.0,360.0,TA,Gd,Y,270,0,112,0,0,0,,GdPrv,,0,5,2007,WD ,Abnorml,132000,92.17877094972067,mid,94.78519485186341,42,0,97,5,1696.0,2.0,35
1975,1976,902106070,50,RM,50.0,6000,Pave,Grvl,Reg,Lvl,AllPub,Inside,Gtl,OldTown,Norm,Norm,1Fam,1.5Fin,6,6,1927,1950,Gable,CompShg,MetalSd,MetalSd,,0.0,TA,TA,BrkTil,TA,TA,No,Rec,276.0,Unf,0.0,569.0,845.0,GasA,TA,Y,SBrkr,866,430,0,1296,0.0,0.0,1,0,3,1,TA,6,Typ,0,,Detchd,1980.0,Unf,2.0,576.0,TA,TA,Y,0,0,175,0,0,0,,,,0,7,2007,WD ,Normal,127500,98.37962962962963,mid,94.78519485186341,42,0,80,57,2141.0,1.0,36
1976,1977,902106120,30,RM,56.0,4480,Pave,,Reg,Lvl,AllPub,Corner,Gtl,OldTown,Artery,Norm,1Fam,1Story,5,5,1922,1950,Gable,CompShg,AsbShng,AsbShng,,0.0,TA,TA,PConc,Fa,Fa,No,LwQ,782.0,Unf,0.0,240.0,1022.0,GasA,TA,N,FuseF,1022,0,0,1022,1.0,0.0,1,0,2,1,Fa,4,Typ,1,Gd,Detchd,1922.0,Unf,1.0,184.0,TA,Fa,N,0,122,20,0,0,0,,MnPrv,,0,2,2007,WD ,Normal,89500,87.573385518591,mid,94.78519485186341,42,0,85,57,2044.0,2.0,25
1977,1978,902107050,90,RM,60.0,7200,Pave,Grvl,Reg,Lvl,AllPub,Inside,Gtl,OldTown,Norm,Norm,Duplex,SFoyer,5,5,1980,1980,Gable,CompShg,MetalSd,MetalSd,BrkFace,180.0,TA,TA,CBlock,Gd,TA,Gd,GLQ,936.0,Unf,0.0,0.0,936.0,GasA,TA,Y,SBrkr,936,0,0,936,1.0,0.0,1,0,2,1,TA,4,Typ,0,,Detchd,1980.0,Unf,2.0,672.0,TA,TA,Y,49,0,0,0,0,0,,,,0,8,2007,WD ,Normal,140000,149.57264957264957,mid,94.78519485186341,42,0,27,27,1872.0,2.0,25
1978,1979,902110010,30,RM,56.0,3153,Pave,Grvl,Reg,Lvl,AllPub,Inside,Gtl,OldTown,Norm,Norm,1Fam,1Story,5,6,1920,1990,Gable,CompShg,MetalSd,MetalSd,,0.0,TA,TA,BrkTil,TA,TA,No,Unf,0.0,Unf,0.0,967.0,967.0,GasA,Gd,Y,SBrkr,967,0,0,967,0.0,0.0,1,0,2,1,TA,5,Typ,1,Gd,Detchd,1920.0,Unf,1.0,180.0,Fa,TA,N,0,0,26,0,0,0,,,,0,7,2007,WD ,Normal,99900,103.30920372285419,mid,94.78519485186341,42,0,87,17,1934.0,1.0,30
1979,1980,902125120,30,RM,60.0,10800,Pave,Grvl,Reg,Lvl,AllPub,Inside,Gtl,OldTown,Norm,Norm,1Fam,1Story,4,7,1885,1995,Mansard,CompShg,VinylSd,VinylSd,,0.0,TA,TA,BrkTil,Fa,TA,No,Unf,0.0,Unf,0.0,641.0,641.0,GasA,Gd,Y,SBrkr,1047,0,0,1047,0.0,0.0,1,0,2,1,TA,6,Typ,0,,Detchd,1954.0,Unf,1.0,273.0,Fa,Fa,N,0,0,0,0,0,0,,,Shed,450,8,2007,WD ,Normal,100000,95.51098376313276,mid,94.78519485186341,42,0,122,12,1688.0,1.0,28
1980,1981,902128160,30,RM,60.0,7200,Pave,,Reg,Lvl,AllPub,Inside,Gtl,OldTown,Norm,Norm,1Fam,1Story,5,8,1940,1950,Gable,CompShg,VinylSd,VinylSd,Stone,279.0,TA,TA,CBlock,TA,TA,No,Unf,0.0,Unf,0.0,808.0,808.0,GasA,Ex,Y,SBrkr,1072,0,0,1072,0.0,0.0,1,0,2,1,TA,5,Typ,2,Gd,Detchd,1940.0,Unf,2.0,379.0,TA,TA,Y,0,0,0,0,0,0,,,,0,5,2007,WD ,Normal,130000,121.26865671641791,mid,94.78519485186341,42,0,67,57,1880.0,1.0,40
1981,1982,902201090,50,RM,120.0,9000,Pave,,Reg,Lvl,AllPub,Corner,Gtl,OldTown,Norm,Norm,1Fam,1.5Fin,5,8,1900,2006,Gable,CompShg,Stucco,Stucco,,0.0,TA,TA,BrkTil,TA,Fa,No,BLQ,130.0,Unf,0.0,550.0,680.0,GasA,Ex,Y,SBrkr,680,494,0,1174,0.0,0.0,1,0,2,1,Gd,6,Typ,1,Gd,Detchd,2000.0,Unf,2.0,576.0,TA,TA,Y,116,26,40,0,0,0,,MnPrv,,0,6,2007,WD ,Normal,135000,114.99148211243612,mid,94.78519485186341,42,0,107,1,1854.0,1.0,40
1982,1983,902201130,50,RM,50.0,6000,Pave,,Reg,Lvl,AllPub,Inside,Gtl,OldTown,Norm,Norm,1Fam,1.5Fin,3,7,1948,2002,Gable,CompShg,MetalSd,MetalSd,,0.0,TA,Gd,CBlock,TA,TA,No,ALQ,331.0,Unf,0.0,318.0,649.0,GasA,Ex,Y,SBrkr,679,504,0,1183,0.0,0.0,1,1,2,1,TA,6,Typ,0,,Detchd,1981.0,Unf,1.0,308.0,TA,TA,Y,0,176,0,0,0,0,,,,0,6,2007,WD ,Normal,120000,101.43702451394759,low,101.43702451394759,1,0,59,5,1832.0,1.5,21
1983,1984,902202070,30,RM,50.0,5925,Pave,,Reg,Bnk,AllPub,Inside,Gtl,OldTown,Norm,Norm,1Fam,1Story,4,7,1937,2000,Hip,CompShg,Stucco,Stucco,BrkCmn,435.0,TA,TA,BrkTil,Fa,TA,No,Rec,168.0,Unf,0.0,739.0,907.0,GasA,TA,Y,SBrkr,1131,0,0,1131,0.0,0.0,1,0,2,1,TA,7,Typ,0,,Detchd,1995.0,Unf,2.0,672.0,TA,TA,Y,0,72,0,0,0,0,,MnPrv,,0,3,2007,WD ,Alloca,89471,79.1078691423519,mid,94.78519485186341,42,1,70,7,2038.0,1.0,28
1984,1985,902205020,50,RM,50.0,5925,Pave,,Reg,Lvl,AllPub,Inside,Gtl,OldTown,Norm,Norm,1Fam,1.5Fin,4,6,1900,1950,Gable,CompShg,MetalSd,MetalSd,,0.0,TA,TA,BrkTil,Fa,TA,No,LwQ,122.0,Rec,448.0,0.0,570.0,GasA,Gd,N,SBrkr,761,380,0,1141,0.0,0.0,1,0,3,1,TA,6,Typ,0,,Detchd,1930.0,Unf,1.0,252.0,Fa,Fa,Y,0,0,96,0,0,0,,,,0,5,2007,ConLw,Normal,85000,74.49605609114812,mid,94.78519485186341,42,1,107,57,1711.0,1.0,24
1985,1986,902205130,30,RM,50.0,6000,Pave,,Reg,Lvl,AllPub,Inside,Gtl,OldTown,Norm,Norm,1Fam,1Story,4,4,1920,1950,Hip,CompShg,MetalSd,MetalSd,,0.0,TA,TA,PConc,TA,TA,No,ALQ,250.0,Unf,0.0,710.0,960.0,GasA,Gd,Y,FuseA,960,0,0,960,0.0,0.0,1,0,2,1,Fa,5,Typ,0,,Detchd,1997.0,Unf,1.0,308.0,TA,TA,Y,0,0,168,0,0,0,,,,0,7,2007,WD ,Normal,108500,113.02083333333333,mid,94.78519485186341,42,0,87,57,1920.0,1.0,16
1986,1987,902206270,70,RM,57.0,9639,Pave,,Reg,Lvl,AllPub,Inside,Gtl,OldTown,Artery,Norm,1Fam,2Story,4,8,1900,1950,Gable,CompShg,MetalSd,MetalSd,,0.0,TA,TA,PConc,TA,TA,No,Unf,0.0,Unf,0.0,1075.0,1075.0,GasA,Ex,Y,SBrkr,1156,642,0,1798,0.0,0.0,2,1,4,1,TA,7,Typ,0,,Detchd,1935.0,Unf,2.0,342.0,TA,TA,N,0,0,160,0,0,0,,MnPrv,,0,5,2007,WD ,Normal,137000,76.19577308120134,mid,94.78519485186341,42,1,107,57,2873.0,2.5,32
1987,1988,902207010,30,RM,40.0,3880,Pave,,Reg,Lvl,AllPub,Inside,Gtl,OldTown,Norm,Norm,1Fam,1Story,5,9,1945,1997,Gable,CompShg,VinylSd,VinylSd,,0.0,TA,Gd,CBlock,TA,TA,No,ALQ,329.0,Unf,0.0,357.0,686.0,GasA,Gd,Y,SBrkr,866,0,0,866,0.0,0.0,1,0,2,1,Gd,4,Typ,0,,,,,0.0,0.0,,,Y,58,42,0,0,0,0,,,,0,8,2007,WD ,Normal,110500,127.59815242494226,mid,94.78519485186341,42,0,62,10,1552.0,1.0,45
1988,1989,902207150,30,RM,60.0,8520,Pave,,Reg,Lvl,AllPub,Inside,Gtl,OldTown,Norm,Norm,1Fam,1Story,5,6,1923,2006,Gable,CompShg,Wd Sdng,Wd Sdng,,0.0,Gd,TA,CBlock,TA,TA,No,Unf,0.0,Unf,0.0,968.0,968.0,GasA,TA,Y,SBrkr,968,0,0,968,0.0,0.0,1,0,2,1,TA,5,Typ,0,,Detchd,1935.0,Unf,2.0,480.0,Fa,TA,N,0,0,184,0,0,0,,,,0,7,2007,WD ,Normal,100000,103.30578512396694,mid,94.78519485186341,42,0,84,1,1936.0,1.0,30
1989,1990,902300020,70,RM,,10337,Pave,Pave,IR1,Lvl,AllPub,Inside,Gtl,OldTown,Norm,Norm,1Fam,2Story,8,9,1910,1999,Hip,CompShg,VinylSd,VinylSd,,0.0,Gd,Gd,BrkTil,TA,TA,No,Unf,0.0,Unf,0.0,725.0,725.0,GasA,Ex,N,SBrkr,909,863,0,1772,0.0,0.0,2,1,3,1,Gd,7,Typ,0,,Detchd,1992.0,Unf,2.0,816.0,TA,TA,Y,0,0,0,0,0,0,,MnPrv,,0,5,2007,WD ,Normal,184900,104.34537246049662,high,75.38712306438468,5,0,97,8,2497.0,2.5,72
1990,1991,902300040,70,RM,53.0,9863,Pave,Pave,Reg,Lvl,AllPub,Inside,Gtl,OldTown,Norm,Norm,1Fam,2Story,6,6,1927,1950,Gambrel,CompShg,Wd Sdng,Wd Sdng,,0.0,TA,TA,BrkTil,TA,TA,No,LwQ,196.0,Rec,210.0,322.0,728.0,GasA,TA,Y,SBrkr,914,728,0,1642,0.0,1.0,1,1,4,1,TA,9,Typ,1,Gd,Detchd,1927.0,Unf,1.0,374.0,TA,TA,Y,0,0,0,0,0,0,,,,0,3,2007,WD ,Abnorml,145000,88.30694275274055,mid,94.78519485186341,42,0,80,57,2370.0,2.0,36
1991,1992,902301030,50,RM,60.0,9600,Pave,Grvl,Reg,Lvl,AllPub,Inside,Gtl,OldTown,Norm,Norm,1Fam,1.5Fin,5,8,1925,1994,Gambrel,CompShg,VinylSd,VinylSd,,0.0,TA,TA,PConc,TA,TA,Mn,Unf,0.0,Unf,0.0,702.0,702.0,GasA,Gd,Y,SBrkr,842,630,0,1472,0.0,0.0,1,0,3,1,Gd,6,Typ,0,,Detchd,1925.0,Unf,1.0,250.0,TA,Fa,P,0,0,84,0,0,0,,GdWo,,0,7,2007,WD ,Normal,125000,84.91847826086956,mid,94.78519485186341,42,1,82,13,2174.0,1.0,40
1992,1993,902301130,70,RM,35.0,4571,Pave,Grvl,Reg,Lvl,AllPub,Inside,Gtl,OldTown,Norm,Norm,1Fam,2Story,5,7,1910,1950,Gable,CompShg,MetalSd,MetalSd,,0.0,TA,TA,BrkTil,TA,TA,No,BLQ,168.0,Unf,0.0,448.0,616.0,GasA,Ex,Y,SBrkr,616,616,0,1232,0.0,0.0,1,0,3,1,TA,6,Typ,0,,Detchd,1920.0,Unf,2.0,480.0,Fa,Fa,Y,280,0,143,0,0,0,,,,0,6,2007,WD ,Normal,114000,92.53246753246754,mid,94.78519485186341,42,0,97,57,1848.0,1.0,35
1993,1994,902302150,190,RM,85.0,13600,Pave,Grvl,Reg,Lvl,AllPub,Inside,Gtl,OldTown,Norm,Norm,2fmCon,2Story,5,5,1900,1950,Gable,CompShg,Wd Sdng,Wd Sdng,,0.0,TA,TA,BrkTil,TA,TA,No,Unf,0.0,Unf,0.0,662.0,662.0,GasA,TA,N,SBrkr,1422,915,0,2337,0.0,0.0,2,0,5,2,TA,10,Min2,0,,Detchd,1945.0,Unf,2.0,560.0,TA,TA,Y,0,57,0,0,0,0,,,,0,9,2007,WD ,Normal,90000,38.510911424903725,mid,94.78519485186341,42,1,107,57,2999.0,2.0,25
1994,1995,902303100,50,RM,56.0,8398,Pave,Grvl,Reg,Lvl,AllPub,Inside,Gtl,OldTown,Norm,Norm,1Fam,1.5Fin,6,8,1910,1990,Gable,CompShg,Wd Sdng,Wd Sdng,,0.0,TA,TA,CBlock,Gd,Gd,No,BLQ,259.0,Unf,0.0,667.0,926.0,GasA,TA,Y,SBrkr,991,659,0,1650,0.0,0.0,2,0,3,1,TA,6,Typ,0,,Detchd,1979.0,Unf,2.0,468.0,TA,TA,N,128,103,0,0,0,0,,,,0,11,2007,WD ,Normal,144100,87.33333333333333,mid,94.78519485186341,42,0,97,17,2576.0,2.0,48
1995,1996,902304040,70,RM,90.0,9900,Pave,,Reg,Lvl,AllPub,Inside,Gtl,OldTown,Norm,Norm,1Fam,2Story,6,4,1880,1950,Gable,CompShg,Wd Sdng,Wd Sdng,,0.0,TA,TA,BrkTil,TA,TA,Mn,Unf,0.0,Unf,0.0,1008.0,1008.0,GasW,TA,Y,SBrkr,1178,1032,0,2210,0.0,0.0,2,0,5,1,Fa,8,Typ,0,,Detchd,1930.0,Unf,1.0,205.0,Fa,TA,N,0,48,0,0,0,0,,,,0,5,2007,WD ,Normal,117500,53.16742081447964,mid,94.78519485186341,42,1,127,57,3218.0,2.0,24
1996,1997,902305010,70,RM,60.0,3600,Pave,Grvl,Reg,Lvl,AllPub,Inside,Gtl,OldTown,Norm,Norm,1Fam,2Story,5,7,1930,2005,Gambrel,CompShg,VinylSd,VinylSd,,0.0,TA,Gd,BrkTil,TA,Fa,No,Rec,316.0,Unf,0.0,371.0,687.0,GasA,Gd,Y,SBrkr,687,671,0,1358,0.0,0.0,1,1,3,1,Gd,6,Typ,1,Gd,Detchd,2004.0,Unf,1.0,336.0,TA,TA,Y,0,32,0,0,0,0,,MnPrv,,0,7,2007,WD ,Partial,124500,91.67893961708394,mid,94.78519485186341,42,0,77,2,2045.0,1.5,35
1997,1998,902330090,75,RM,75.0,13500,Pave,Grvl,Reg,Lvl,AllPub,Corner,Gtl,OldTown,Norm,Norm,1Fam,2.5Unf,7,8,1879,1987,Gable,CompShg,Wd Sdng,Wd Sdng,,0.0,TA,Gd,PConc,TA,TA,No,Unf,0.0,Unf,0.0,819.0,819.0,GasA,TA,Y,FuseA,1312,1142,0,2454,0.0,0.0,2,0,3,1,TA,8,Typ,1,Gd,Attchd,1950.0,Unf,2.0,576.0,TA,TA,N,0,148,150,0,0,0,,MnPrv,,0,2,2007,WD ,Normal,185000,75.38712306438468,high,75.38712306438468,5,0,128,20,3273.0,2.0,56
1998,1999,902332030,190,C (all),60.0,7200,Pave,,Reg,Lvl,AllPub,Corner,Gtl,OldTown,Norm,Norm,2fmCon,2.5Unf,6,6,1910,1998,Hip,CompShg,MetalSd,MetalSd,,0.0,TA,TA,BrkTil,TA,Fa,Mn,Rec,1046.0,Unf,0.0,168.0,1214.0,GasW,Ex,N,SBrkr,1260,1031,0,2291,0.0,1.0,2,0,4,2,TA,9,Typ,1,Gd,Detchd,1900.0,Unf,2.0,506.0,TA,TA,Y,0,0,0,0,99,0,,,,0,11,2007,WD ,Normal,133900,58.44609340899171,mid,94.78519485186341,42,1,97,9,3505.0,2.5,36
1999,2000,902401030,40,RM,40.0,5400,Pave,Pave,Reg,Lvl,AllPub,Corner,Gtl,OldTown,Norm,Norm,1Fam,1Story,6,7,1926,2004,Gable,CompShg,MetalSd,MetalSd,,0.0,TA,Gd,BrkTil,TA,TA,Mn,LwQ,370.0,Unf,0.0,779.0,1149.0,GasA,Gd,Y,FuseA,1149,467,0,1616,0.0,0.0,2,0,3,1,Gd,5,Typ,0,,Detchd,1926.0,Unf,1.0,216.0,TA,TA,Y,0,0,183,0,0,0,,,,0,10,2007,WD ,Normal,152000,94.05940594059406,mid,94.78519485186341,42,0,81,3,2765.0,2.0,42
2000,2001,902404010,30,RM,90.0,8100,Pave,Pave,Reg,Lvl,AllPub,Inside,Gtl,OldTown,Norm,Norm,1Fam,1Story,5,6,1948,1973,Gable,CompShg,VinylSd,VinylSd,,0.0,TA,TA,BrkTil,TA,TA,No,Rec,338.0,Unf,0.0,1221.0,1559.0,GasA,Gd,Y,SBrkr,1559,0,0,1559,1.0,0.0,1,0,2,1,TA,5,Min2,0,,Detchd,1948.0,Unf,2.0,812.0,TA,TA,Y,0,116,230,0,0,0,,GdWo,,0,6,2007,COD,Normal,153500,98.46055163566389,mid,94.78519485186341,42,0,59,34,3118.0,2.0,30
2001,2002,902408080,70,RM,60.0,10800,Pave,Grvl,Reg,Bnk,AllPub,Inside,Gtl,OldTown,Norm,Norm,1Fam,2Story,7,8,1890,1998,Gable,CompShg,Wd Sdng,VinylSd,,0.0,TA,Gd,BrkTil,TA,TA,No,Unf,0.0,Unf,0.0,718.0,718.0,GasA,Ex,Y,SBrkr,1576,978,0,2554,0.0,0.0,1,1,3,1,TA,8,Typ,0,,Detchd,1996.0,Unf,2.0,704.0,TA,TA,P,0,48,143,0,0,0,,,,0,7,2007,WD ,Normal,159500,62.45105716523101,high,75.38712306438468,5,1,117,9,3272.0,1.5,56
2002,2003,902427040,50,RM,52.0,9439,Pave,,Reg,Lvl,AllPub,Inside,Gtl,OldTown,Norm,Norm,1Fam,1.5Fin,5,5,1930,1950,Gable,CompShg,Wd Sdng,Wd Sdng,,0.0,TA,TA,CBlock,TA,TA,No,LwQ,324.0,Unf,0.0,588.0,912.0,GasA,Gd,Y,FuseA,912,336,0,1248,0.0,0.0,1,0,2,1,TA,6,Typ,0,,Detchd,1957.0,Unf,1.0,160.0,Fa,Fa,Y,0,0,192,0,0,0,,,,0,3,2007,WD ,Normal,87000,69.71153846153847,mid,94.78519485186341,42,1,77,57,2160.0,1.0,25
2003,2004,902427140,20,RM,52.0,8626,Pave,,Reg,Lvl,AllPub,Inside,Gtl,OldTown,Norm,Norm,1Fam,1Story,4,6,1956,1956,Gable,CompShg,MetalSd,MetalSd,,1.0,TA,TA,CBlock,,,,,0.0,,0.0,0.0,0.0,GasA,Gd,Y,SBrkr,968,0,0,968,0.0,0.0,1,0,2,1,TA,5,Typ,0,,Attchd,1956.0,Unf,1.0,331.0,Fa,TA,Y,0,0,0,0,0,0,,,,0,5,2007,WD ,Normal,104500,107.95454545454545,mid,94.78519485186341,42,0,51,51,968.0,1.0,24
2004,2005,902427180,80,RM,76.0,11800,Pave,,Reg,Lvl,AllPub,Inside,Gtl,OldTown,Norm,Norm,1Fam,SLvl,4,7,1949,2002,Gable,CompShg,Stucco,Wd Sdng,,0.0,TA,TA,Slab,,,,,0.0,,0.0,0.0,0.0,GasA,Ex,Y,SBrkr,1382,0,0,1382,0.0,0.0,2,0,1,1,TA,6,Mod,1,TA,Attchd,1957.0,RFn,1.0,384.0,TA,TA,Y,0,40,0,0,0,0,,,,0,5,2007,WD ,Normal,110000,79.59479015918959,mid,94.78519485186341,42,1,58,5,1382.0,2.0,28
2005,2006,903201090,40,RL,55.0,6854,Pave,,Reg,Bnk,AllPub,Inside,Mod,BrkSide,Norm,Norm,1Fam,1Story,5,7,1925,1994,Gable,CompShg,MetalSd,MetalSd,,0.0,TA,Gd,PConc,TA,TA,No,LwQ,317.0,Rec,227.0,212.0,756.0,GasA,TA,N,FuseA,916,144,0,1060,1.0,0.0,1,0,1,1,TA,6,Mod,1,Gd,Detchd,1969.0,Unf,1.0,308.0,Fa,TA,Y,0,65,0,0,150,0,,,,0,8,2007,WD ,Normal,136500,128.77358490566039,mid,103.67218987908643,20,0,82,13,1816.0,2.0,35
2006,2007,903204030,50,RM,55.0,8674,Pave,,Reg,HLS,AllPub,Inside,Gtl,BrkSide,RRNn,Artery,1Fam,1.5Fin,5,6,1950,1950,Gable,CompShg,MetalSd,MetalSd,,0.0,TA,TA,CBlock,Fa,TA,No,Rec,910.0,Unf,0.0,0.0,910.0,GasA,TA,Y,SBrkr,910,525,0,1435,1.0,0.0,1,0,3,1,TA,6,Typ,0,,Detchd,1950.0,Unf,1.0,308.0,TA,TA,Y,0,33,0,0,0,0,,,,0,3,2007,WD ,Normal,128250,89.37282229965157,mid,103.67218987908643,20,1,57,57,2345.0,2.0,30
2007,2008,903205085,30,RL,98.0,8731,Pave,,IR1,Lvl,AllPub,Inside,Gtl,BrkSide,Norm,Norm,1Fam,1Story,5,5,1920,1950,Gable,CompShg,Stucco,Stucco,,0.0,TA,Fa,BrkTil,TA,TA,No,BLQ,645.0,Unf,0.0,270.0,915.0,GasA,TA,Y,SBrkr,1167,0,0,1167,0.0,0.0,1,0,3,1,TA,6,Maj1,1,Gd,Detchd,1972.0,Unf,2.0,495.0,TA,TA,Y,0,0,216,0,126,0,,,,0,5,2007,WD ,Normal,144000,123.39331619537275,mid,103.67218987908643,20,0,87,57,2082.0,1.0,25
2008,2009,903206170,50,RL,70.0,8737,Pave,,IR1,Bnk,AllPub,Inside,Gtl,BrkSide,Norm,Norm,1Fam,1.5Fin,6,7,1923,1950,Gable,CompShg,BrkFace,Wd Sdng,,0.0,TA,TA,BrkTil,Gd,TA,No,Rec,300.0,Unf,0.0,765.0,1065.0,GasA,Ex,Y,FuseA,915,720,0,1635,0.0,0.0,1,1,3,1,TA,6,Typ,1,Gd,Detchd,1950.0,Unf,2.0,440.0,TA,TA,Y,0,38,0,144,0,0,,,,0,5,2007,WD ,Normal,210000,128.44036697247705,mid,103.67218987908643,20,0,84,57,2700.0,1.5,42
2009,2010,903225040,50,RM,50.0,6125,Pave,,Reg,Lvl,AllPub,Inside,Gtl,BrkSide,Norm,Norm,1Fam,1.5Fin,5,7,1939,1998,Gable,CompShg,MetalSd,MetalSd,,0.0,TA,Gd,CBlock,TA,TA,No,Rec,306.0,Unf,0.0,422.0,728.0,GasA,Ex,Y,SBrkr,728,546,0,1274,0.0,0.0,2,0,3,1,TA,6,Typ,0,,Detchd,1939.0,Unf,1.0,224.0,Fa,TA,Y,0,0,192,0,0,0,,,,0,3,2007,CWD,Normal,135000,105.96546310832025,mid,103.67218987908643,20,0,68,9,2002.0,2.0,35
2010,2011,903227140,70,RM,50.0,6000,Pave,,Reg,Lvl,AllPub,Inside,Gtl,BrkSide,Norm,Norm,1Fam,2Story,6,6,1939,1950,Gable,CompShg,MetalSd,VinylSd,,0.0,TA,TA,CBlock,TA,TA,Mn,Rec,276.0,Unf,0.0,324.0,600.0,GasA,Ex,Y,SBrkr,608,624,0,1232,0.0,0.0,1,1,3,1,TA,6,Typ,2,TA,Attchd,1939.0,Unf,1.0,217.0,TA,TA,Y,0,0,0,0,0,0,,GdWo,,0,2,2007,WD ,Normal,128000,103.8961038961039,mid,103.67218987908643,20,0,68,57,1832.0,1.5,36
2011,2012,903228080,50,RM,60.0,6000,Pave,,Reg,Lvl,AllPub,Inside,Gtl,BrkSide,Norm,Norm,1Fam,1.5Fin,6,6,1941,1950,Gable,CompShg,Wd Sdng,Wd Sdng,,0.0,TA,Gd,BrkTil,TA,Gd,No,ALQ,375.0,Unf,0.0,360.0,735.0,GasA,Ex,Y,SBrkr,869,349,0,1218,0.0,1.0,1,0,3,1,TA,6,Typ,1,Gd,Detchd,2003.0,Unf,2.0,440.0,TA,TA,Y,0,0,0,0,0,0,,,,0,3,2007,WD ,Normal,131000,107.55336617405582,mid,103.67218987908643,20,0,66,57,1953.0,1.5,36
2012,2013,903231050,45,RM,51.0,6120,Pave,,Reg,Lvl,AllPub,Inside,Gtl,BrkSide,Norm,Norm,1Fam,1.5Unf,5,7,1939,1950,Gable,CompShg,AsbShng,AsbShng,,0.0,Gd,TA,BrkTil,TA,TA,No,Unf,0.0,Unf,0.0,884.0,884.0,GasA,Ex,Y,SBrkr,884,0,0,884,0.0,0.0,1,0,2,1,TA,5,Typ,0,,Detchd,1939.0,Unf,1.0,240.0,TA,TA,Y,0,0,136,0,0,0,,MnPrv,,0,7,2007,WD ,Normal,113000,127.82805429864253,mid,103.67218987908643,20,0,68,57,1768.0,1.0,35
2013,2014,903231090,50,RM,,6240,Pave,,Reg,Lvl,AllPub,Inside,Gtl,BrkSide,Norm,Norm,1Fam,1.5Fin,6,5,1938,1950,Gable,CompShg,VinylSd,VinylSd,,0.0,TA,TA,BrkTil,TA,TA,No,LwQ,52.0,Unf,0.0,809.0,861.0,GasA,Gd,Y,SBrkr,861,548,0,1409,1.0,0.0,1,1,3,1,TA,6,Typ,1,Gd,Detchd,1968.0,Unf,2.0,528.0,TA,TA,Y,225,0,84,0,0,0,,,,0,3,2007,WD ,Normal,126000,89.42512420156139,mid,103.67218987908643,20,1,69,57,2270.0,2.5,30
2014,2015,903231180,50,RM,52.0,6240,Pave,,Reg,Lvl,AllPub,Inside,Gtl,BrkSide,Norm,Norm,1Fam,1.5Fin,5,8,1939,1952,Gable,CompShg,Wd Sdng,Wd Sdng,,0.0,TA,Gd,BrkTil,TA,TA,No,Rec,48.0,Unf,0.0,624.0,672.0,GasA,Ex,Y,SBrkr,899,423,0,1322,1.0,0.0,1,0,4,1,TA,7,Typ,0,,Detchd,1939.0,Unf,1.0,280.0,TA,TA,Y,0,0,0,0,0,0,,MnPrv,,0,7,2007,WD ,Normal,132000,99.84871406959152,mid,103.67218987908643,20,0,68,55,1994.0,2.0,40
2015,2016,903232100,50,RM,52.0,6240,Pave,,Reg,Lvl,AllPub,Inside,Gtl,BrkSide,Norm,Norm,1Fam,1.5Fin,5,7,1930,1992,Gable,CompShg,Wd Sdng,Wd Sdng,,0.0,TA,TA,BrkTil,TA,TA,No,Unf,0.0,Unf,0.0,966.0,966.0,GasA,Ex,Y,SBrkr,1014,412,0,1426,0.0,0.0,1,0,3,1,TA,6,Typ,1,Gd,Detchd,1930.0,Unf,1.0,230.0,Fa,TA,Y,174,0,96,0,0,0,,GdPrv,,0,7,2007,WD ,Normal,131750,92.3913043478261,mid,103.67218987908643,20,1,77,15,2392.0,1.0,35
2016,2017,903233030,50,RM,51.0,6120,Pave,,Reg,Lvl,AllPub,Inside,Gtl,BrkSide,Norm,Norm,1Fam,1.5Fin,5,6,1926,1950,Gable,CompShg,Wd Sdng,Wd Sdng,,0.0,TA,TA,BrkTil,TA,TA,No,ALQ,351.0,Unf,0.0,405.0,756.0,GasA,Gd,Y,FuseA,903,378,0,1281,1.0,0.0,1,0,2,1,Gd,6,Typ,0,,Detchd,1926.0,Unf,2.0,379.0,TA,TA,Y,25,0,0,0,0,0,,,,0,8,2007,WD ,Normal,132500,103.43481654957064,mid,103.67218987908643,20,0,81,57,2037.0,2.0,30
2017,2018,903233050,70,RM,51.0,6120,Pave,,Reg,Lvl,AllPub,Inside,Gtl,BrkSide,Norm,Norm,1Fam,2Story,5,8,1920,2004,Gable,CompShg,MetalSd,MetalSd,,0.0,TA,TA,BrkTil,TA,TA,Mn,Unf,0.0,Unf,0.0,939.0,939.0,GasA,Ex,Y,SBrkr,939,574,0,1513,0.0,0.0,1,1,4,1,TA,8,Typ,0,,Detchd,1933.0,Unf,1.0,180.0,Fa,Fa,N,24,0,150,0,0,0,,,,0,5,2007,WD ,Normal,137500,90.87904824851289,mid,103.67218987908643,20,1,87,3,2452.0,1.5,40
2018,2019,903233140,45,RM,51.0,6120,Pave,,Reg,Lvl,AllPub,Corner,Gtl,BrkSide,Norm,Norm,1Fam,1.5Unf,7,8,1929,2001,Gable,CompShg,Wd Sdng,Wd Sdng,,0.0,TA,TA,BrkTil,TA,TA,No,Unf,0.0,Unf,0.0,832.0,832.0,GasA,Ex,Y,FuseA,854,0,0,854,0.0,0.0,1,0,2,1,TA,5,Typ,0,,Detchd,1991.0,Unf,2.0,576.0,TA,TA,Y,48,112,0,0,0,0,,GdPrv,,0,7,2007,WD ,Normal,132000,154.56674473067915,high,154.56674473067915,1,0,78,6,1686.0,1.0,56
2019,2020,903233180,50,RM,52.0,6240,Pave,,Reg,Lvl,AllPub,Inside,Gtl,BrkSide,Norm,Norm,1Fam,1.5Fin,6,6,1931,1950,Gable,CompShg,Wd Sdng,Wd Sdng,,0.0,TA,TA,BrkTil,TA,Fa,No,LwQ,425.0,Unf,0.0,459.0,884.0,GasA,TA,Y,FuseA,959,408,0,1367,0.0,0.0,1,0,3,1,TA,6,Typ,1,Gd,Detchd,1978.0,Unf,1.0,560.0,TA,TA,Y,0,0,0,0,120,0,,,,0,11,2007,WD ,Normal,127500,93.26993416239941,mid,103.67218987908643,20,1,76,57,2251.0,1.0,36
2020,2021,903234160,30,RM,60.0,6180,Pave,,Reg,Lvl,AllPub,Corner,Gtl,BrkSide,Norm,Norm,1Fam,1Story,6,5,1926,1950,Gable,CompShg,Wd Sdng,Wd Sdng,,0.0,TA,TA,BrkTil,TA,TA,No,Unf,0.0,Unf,0.0,960.0,960.0,GasA,TA,N,SBrkr,986,0,0,986,0.0,0.0,1,0,2,1,TA,5,Typ,1,Gd,Detchd,1926.0,Unf,1.0,180.0,TA,TA,Y,0,128,0,0,0,0,,,,0,5,2007,WD ,Normal,102000,103.44827586206897,mid,103.67218987908643,20,0,81,57,1946.0,1.0,30
2021,2022,903236130,70,RM,47.0,7755,Pave,,Reg,Lvl,AllPub,Inside,Gtl,OldTown,Norm,Norm,1Fam,2Story,6,8,1918,1995,Gable,CompShg,Wd Sdng,Wd Sdng,,0.0,TA,Gd,CBlock,TA,TA,No,Unf,0.0,Unf,0.0,1100.0,1100.0,GasA,Ex,Y,FuseA,1100,1164,0,2264,0.0,0.0,2,1,4,1,TA,8,Typ,0,,Detchd,1950.0,Unf,1.0,408.0,TA,TA,Y,0,152,0,0,0,0,,MnPrv,,0,5,2007,WD ,Normal,200000,88.33922261484099,mid,94.78519485186341,42,0,89,12,3364.0,2.5,48
2022,2023,903400040,70,RL,60.0,13515,Pave,Pave,Reg,Lvl,AllPub,Inside,Gtl,BrkSide,Norm,Norm,1Fam,2Story,6,6,1919,1950,Gambrel,CompShg,Wd Sdng,Wd Sdng,,0.0,TA,TA,PConc,TA,TA,No,Unf,0.0,Unf,0.0,764.0,764.0,GasA,Ex,Y,FuseA,1060,764,0,1824,0.0,0.0,1,0,3,1,TA,8,Typ,1,Gd,Detchd,1940.0,Unf,2.0,520.0,TA,TA,N,0,0,126,0,0,0,,GdPrv,,0,7,2007,WD ,Normal,180500,98.95833333333333,mid,103.67218987908643,20,0,88,57,2588.0,1.0,36
2023,2024,903401070,50,RL,60.0,8850,Pave,Pave,Reg,Bnk,AllPub,Inside,Gtl,BrkSide,Norm,Norm,1Fam,1.5Fin,6,7,1920,1950,Gable,CompShg,Wd Sdng,Wd Shng,,0.0,TA,Gd,PConc,TA,TA,No,Unf,0.0,Unf,0.0,768.0,768.0,GasA,Ex,Y,SBrkr,752,624,0,1376,0.0,0.0,1,0,3,1,Gd,7,Typ,0,,Detchd,1977.0,Unf,2.0,576.0,TA,TA,P,0,54,144,0,0,0,,,,0,2,2007,WD ,Normal,165000,119.91279069767442,mid,103.67218987908643,20,0,87,57,2144.0,1.0,42
2024,2025,903425270,50,RL,60.0,8550,Pave,,Reg,Lvl,AllPub,Inside,Gtl,BrkSide,RRAn,Norm,1Fam,1.5Fin,5,5,1926,1950,Gable,CompShg,HdBoard,HdBoard,,0.0,TA,TA,PConc,Fa,TA,No,Unf,0.0,Unf,0.0,750.0,750.0,GasA,TA,Y,SBrkr,960,356,0,1316,0.0,0.0,1,0,4,1,TA,7,Typ,0,,Detchd,1965.0,Unf,2.0,576.0,TA,TA,Y,0,0,0,0,0,0,,,,0,10,2007,ConLw,Family,90000,68.38905775075987,mid,103.67218987908643,20,1,81,57,2066.0,1.0,25
2025,2026,903425280,70,RL,60.0,8730,Pave,,Reg,Lvl,AllPub,Inside,Gtl,BrkSide,RRAn,Norm,1Fam,2Story,6,7,1915,2003,Gable,CompShg,Wd Sdng,Wd Sdng,,0.0,TA,TA,BrkTil,TA,TA,No,Unf,0.0,Unf,0.0,698.0,698.0,GasA,Ex,Y,FuseA,698,698,0,1396,0.0,0.0,1,0,3,1,TA,7,Typ,0,,Detchd,2003.0,Unf,1.0,384.0,TA,TA,Y,0,0,0,0,259,0,,,,0,7,2007,WD ,Normal,153575,110.01074498567336,mid,103.67218987908643,20,0,92,4,2094.0,1.0,42
2026,2027,903426010,70,RM,,5700,Pave,,IR1,Lvl,AllPub,Corner,Gtl,OldTown,Feedr,Norm,1Fam,2Story,7,6,1929,1990,Gable,CompShg,Wd Sdng,Wd Shng,,0.0,TA,TA,BrkTil,TA,TA,No,Rec,336.0,Unf,0.0,336.0,672.0,GasA,Gd,N,FuseA,672,672,0,1344,1.0,0.0,1,1,3,1,Gd,6,Typ,1,Gd,Attchd,1979.0,Unf,2.0,456.0,TA,TA,Y,0,0,70,0,0,0,,GdPrv,,0,9,2007,WD ,Normal,140000,104.16666666666667,high,75.38712306438468,5,0,78,17,2016.0,2.5,42
2027,2028,903427040,50,RM,60.0,8520,Pave,Grvl,Reg,Lvl,AllPub,Inside,Gtl,OldTown,Artery,Norm,1Fam,1.5Fin,6,7,1916,1950,Gable,CompShg,Stucco,Stucco,,0.0,TA,Gd,BrkTil,TA,TA,No,Rec,168.0,LwQ,546.0,0.0,714.0,GasW,TA,N,SBrkr,1664,862,0,2526,0.0,0.0,2,0,5,1,Gd,10,Typ,1,Gd,Detchd,1916.0,Unf,1.0,216.0,TA,TA,Y,88,15,0,0,0,0,,GdWo,,0,8,2007,CWD,Family,136000,53.84006334125099,mid,94.78519485186341,42,1,91,57,3240.0,2.0,42
2028,2029,903430040,45,RM,40.0,5680,Pave,Grvl,Reg,Lvl,AllPub,Inside,Gtl,OldTown,Norm,Norm,1Fam,1.5Fin,5,4,1901,1950,Gable,CompShg,AsbShng,AsbShng,,0.0,TA,TA,CBlock,TA,TA,No,Unf,0.0,Unf,0.0,592.0,592.0,GasA,TA,N,FuseA,933,240,0,1173,0.0,0.0,2,0,3,1,TA,7,Typ,0,,Detchd,1920.0,Unf,1.0,240.0,TA,Fa,Y,0,25,77,0,0,0,,MnPrv,,0,9,2007,WD ,AdjLand,113000,96.33418584825235,mid,94.78519485186341,42,0,106,57,1765.0,2.0,20
2029,2030,903430050,50,RM,40.0,5680,Pave,Grvl,Reg,Lvl,AllPub,Inside,Gtl,OldTown,Norm,Norm,1Fam,1.5Fin,5,3,1901,1950,Gable,CompShg,AsbShng,AsbShng,,0.0,TA,TA,CBlock,TA,TA,No,Unf,0.0,Unf,0.0,969.0,969.0,GasA,TA,N,FuseA,969,245,0,1214,0.0,0.0,1,0,2,1,TA,6,Typ,0,,Detchd,1920.0,Unf,1.0,216.0,TA,TA,N,0,0,77,0,0,0,,MnPrv,,0,9,2007,WD ,AdjLand,117000,96.37561779242175,mid,94.78519485186341,42,0,106,57,2183.0,1.0,15
2030,2031,903450060,50,RM,,7758,Pave,,Reg,Lvl,AllPub,Corner,Gtl,IDOTRR,Norm,Norm,1Fam,1.5Fin,7,4,1931,1950,Gable,CompShg,Stucco,Stucco,BrkFace,600.0,TA,Fa,PConc,TA,TA,No,LwQ,224.0,Unf,0.0,816.0,1040.0,GasA,Ex,Y,FuseF,1226,592,0,1818,0.0,0.0,1,1,4,1,TA,7,Typ,2,TA,Detchd,1951.0,Unf,1.0,240.0,TA,TA,Y,0,0,0,0,184,0,,,,0,6,2007,WD ,Normal,169500,93.23432343234323,high,108.76024590163935,3,1,76,57,2858.0,1.5,28
2031,2032,903451110,45,RM,57.0,7449,Pave,Grvl,Reg,Bnk,AllPub,Inside,Gtl,IDOTRR,Norm,Norm,1Fam,1.5Unf,7,7,1930,1950,Gable,CompShg,Wd Sdng,Wd Sdng,,0.0,TA,TA,PConc,TA,TA,No,Unf,0.0,Unf,0.0,637.0,637.0,GasA,Ex,Y,FuseF,1108,0,0,1108,0.0,0.0,1,0,3,1,Gd,6,Typ,1,Gd,Attchd,1930.0,Unf,1.0,280.0,TA,TA,N,0,0,205,0,0,0,,GdPrv,,0,6,2007,WD ,Normal,139400,125.81227436823104,high,108.76024590163935,3,0,77,57,1745.0,1.0,49
2032,2033,903453080,80,RM,120.0,13200,Pave,,Reg,Lvl,AllPub,Corner,Gtl,IDOTRR,Norm,Norm,1Fam,SLvl,6,6,1963,1963,Gable,CompShg,HdBoard,HdBoard,BrkFace,234.0,TA,TA,CBlock,TA,TA,No,BLQ,375.0,Unf,0.0,366.0,741.0,GasA,Fa,Y,SBrkr,1497,797,0,2294,0.0,0.0,3,0,5,1,TA,9,Typ,1,Gd,Attchd,1963.0,Unf,2.0,658.0,TA,TA,Y,0,110,0,0,0,0,,,,0,4,2007,WD ,Normal,202500,88.27375762859634,mid,90.9090909090909,21,0,44,44,3035.0,3.0,36
2033,2034,903454010,70,RM,60.0,6882,Pave,,Reg,Lvl,AllPub,Inside,Gtl,IDOTRR,Norm,Norm,1Fam,2Story,6,7,1914,2006,Gable,CompShg,Wd Sdng,Wd Sdng,,0.0,TA,TA,PConc,TA,TA,No,Unf,0.0,Unf,0.0,684.0,684.0,GasA,TA,Y,SBrkr,773,582,0,1355,0.0,0.0,1,1,3,1,Gd,7,Typ,0,,,,,0.0,0.0,,,Y,136,0,115,0,0,0,,,,0,3,2007,WD ,Normal,127000,93.7269372693727,mid,90.9090909090909,21,0,93,1,2039.0,1.5,42
2034,2035,903454090,50,RM,50.0,9000,Pave,,Reg,Bnk,AllPub,Inside,Gtl,IDOTRR,Norm,Norm,1Fam,1.5Fin,6,6,1937,1950,Gable,CompShg,Wd Sdng,Wd Sdng,,0.0,TA,Gd,PConc,TA,TA,No,Unf,0.0,Unf,0.0,780.0,780.0,GasA,TA,Y,SBrkr,780,595,0,1375,0.0,0.0,1,1,3,1,Gd,6,Typ,1,Gd,Detchd,1979.0,Unf,1.0,544.0,TA,TA,P,0,162,0,0,126,0,,,,0,12,2007,WD ,Normal,141000,102.54545454545455,mid,90.9090909090909,21,0,70,57,2155.0,1.5,36
2035,2036,903456110,60,RM,60.0,9780,Pave,Grvl,Reg,Lvl,AllPub,Inside,Gtl,IDOTRR,Norm,Norm,1Fam,2Story,7,9,1950,2005,Gable,CompShg,VinylSd,VinylSd,,0.0,TA,Ex,CBlock,TA,TA,No,LwQ,354.0,Rec,398.0,224.0,976.0,GasA,Ex,Y,SBrkr,976,976,0,1952,0.0,0.0,1,1,4,1,Gd,8,Typ,2,TA,Detchd,1950.0,Fin,1.0,299.0,TA,TA,Y,285,0,0,0,216,0,,,,0,4,2007,WD ,Normal,212300,108.76024590163935,high,108.76024590163935,3,0,57,2,2928.0,1.5,63
2036,2037,903457040,50,RM,60.0,10320,Pave,Grvl,Reg,Lvl,AllPub,Inside,Gtl,IDOTRR,Norm,Norm,1Fam,1.5Fin,6,5,1915,1950,Gable,CompShg,MetalSd,MetalSd,,0.0,TA,TA,CBlock,TA,Fa,No,LwQ,375.0,Unf,0.0,763.0,1138.0,GasA,Gd,Y,SBrkr,1138,1042,0,2180,0.0,0.0,1,1,3,1,TA,7,Typ,1,Gd,Detchd,2006.0,Unf,2.0,720.0,TA,TA,N,0,0,170,0,0,0,,,,0,5,2007,WD ,Normal,161000,73.85321100917432,mid,90.9090909090909,21,1,92,57,3318.0,1.5,30
2037,2038,903457130,190,RM,52.0,4330,Pave,Grvl,Reg,Lvl,AllPub,Inside,Gtl,IDOTRR,Norm,Norm,2fmCon,1.5Fin,4,6,1958,1958,Gable,CompShg,MetalSd,MetalSd,,0.0,TA,TA,BrkTil,Fa,TA,No,Rec,681.0,ALQ,127.0,0.0,808.0,GasA,TA,Y,SBrkr,838,477,0,1315,1.0,0.0,2,0,3,1,TA,5,Typ,0,,Detchd,1958.0,RFn,2.0,436.0,TA,TA,Y,0,0,0,0,0,0,,,,0,2,2007,COD,Abnorml,99500,75.66539923954373,mid,90.9090909090909,21,1,49,49,2123.0,3.0,24
2038,2039,903458020,75,RM,60.0,7200,Pave,,Reg,Lvl,AllPub,Inside,Gtl,IDOTRR,Norm,Norm,1Fam,2.5Unf,5,7,1920,1996,Gable,CompShg,MetalSd,MetalSd,,0.0,TA,TA,BrkTil,TA,Fa,No,Unf,0.0,Unf,0.0,530.0,530.0,GasA,TA,N,SBrkr,581,530,0,1111,0.0,0.0,1,0,3,1,Fa,6,Typ,0,,Detchd,1935.0,Unf,1.0,288.0,TA,TA,N,0,0,144,0,0,0,,,,0,3,2007,WD ,Normal,101000,90.9090909090909,mid,90.9090909090909,21,0,87,11,1641.0,1.0,35
2039,2040,903458060,30,RM,40.0,4800,Pave,,Reg,Lvl,AllPub,Inside,Gtl,IDOTRR,Norm,Norm,1Fam,1Story,4,7,1916,1990,Gable,CompShg,MetalSd,MetalSd,,0.0,TA,TA,CBlock,TA,TA,No,LwQ,197.0,Unf,0.0,999.0,1196.0,GasA,Ex,Y,FuseA,1196,0,0,1196,1.0,0.0,1,0,2,1,TA,5,Typ,0,,Detchd,1957.0,Unf,2.0,440.0,TA,TA,Y,0,0,0,0,0,0,,,,0,7,2007,WD ,Normal,109900,91.88963210702342,mid,90.9090909090909,21,0,91,17,2392.0,2.0,28
2040,2041,903475040,50,RM,,12358,Pave,,IR1,Lvl,AllPub,Inside,Gtl,OldTown,Feedr,Norm,1Fam,1.5Fin,5,6,1941,1950,Gable,CompShg,MetalSd,MetalSd,,0.0,TA,TA,CBlock,TA,TA,No,Rec,360.0,Unf,0.0,360.0,720.0,GasA,TA,Y,SBrkr,854,0,528,1382,0.0,0.0,1,1,2,1,TA,7,Typ,0,,Detchd,1991.0,Unf,2.0,660.0,TA,TA,Y,237,0,0,0,0,0,,,,0,5,2007,WD ,Normal,128500,92.98118668596237,mid,94.78519485186341,42,0,66,57,2102.0,1.5,30
2041,2042,903475060,190,RM,60.0,10120,Pave,,IR1,Bnk,AllPub,Inside,Gtl,OldTown,Feedr,Norm,2fmCon,2.5Unf,7,4,1910,1950,Hip,CompShg,Wd Sdng,Wd Sdng,,0.0,Fa,TA,CBlock,TA,TA,No,Unf,0.0,Unf,0.0,925.0,925.0,GasA,TA,N,FuseF,964,925,0,1889,0.0,0.0,1,1,4,2,TA,9,Typ,1,Gd,Detchd,1960.0,Unf,1.0,308.0,TA,TA,N,0,0,264,0,0,0,,MnPrv,,0,1,2007,WD ,Normal,122000,64.58443620963473,high,75.38712306438468,5,1,97,57,2814.0,1.5,28
2042,2043,903476100,45,RM,55.0,4388,Pave,,IR1,Bnk,AllPub,Inside,Gtl,OldTown,Feedr,Norm,1Fam,1.5Unf,5,7,1930,1950,Gable,CompShg,WdShing,Wd Sdng,,0.0,TA,Gd,BrkTil,TA,TA,No,LwQ,116.0,Unf,0.0,556.0,672.0,GasA,Ex,Y,SBrkr,840,0,0,840,0.0,0.0,1,0,3,1,TA,5,Typ,1,TA,,,,0.0,0.0,,,N,0,0,0,0,0,0,,,,0,6,2007,WD ,Normal,87000,103.57142857142857,mid,94.78519485186341,42,0,77,57,1512.0,1.0,35
2043,2044,903484080,50,RM,60.0,10320,Pave,Grvl,Reg,Lvl,AllPub,Corner,Gtl,IDOTRR,Artery,Norm,1Fam,1.5Fin,4,1,1910,1950,Gable,CompShg,Wd Sdng,Wd Sdng,,0.0,Fa,Fa,CBlock,TA,Fa,No,Unf,0.0,Unf,0.0,771.0,771.0,GasA,Fa,Y,SBrkr,866,504,114,1484,0.0,0.0,2,0,3,1,TA,6,Sal,0,,Detchd,1910.0,Unf,1.0,264.0,TA,Fa,N,14,211,0,0,84,0,,,,0,9,2007,COD,Abnorml,50000,33.692722371967655,mid,90.9090909090909,21,1,97,57,2255.0,2.0,4
2044,2045,904100100,70,RL,107.0,12888,Pave,,Reg,Bnk,AllPub,Inside,Gtl,Sawyer,Feedr,Norm,1Fam,2Story,7,8,1937,1980,Gable,CompShg,Wd Sdng,Wd Sdng,,0.0,TA,Gd,CBlock,TA,TA,No,ALQ,288.0,Unf,0.0,717.0,1005.0,GasA,TA,Y,SBrkr,1262,1005,0,2267,1.0,0.0,1,1,3,1,TA,7,Typ,2,Gd,Attchd,1937.0,Fin,2.0,498.0,TA,TA,Y,521,0,0,0,0,0,,,,0,4,2007,WD ,Normal,219000,96.60344067048963,high,111.76178177917723,2,1,70,27,3272.0,2.5,56
2045,2046,904101070,50,RL,138.0,18030,Pave,,IR1,Bnk,AllPub,Inside,Gtl,ClearCr,Norm,Norm,1Fam,1.5Fin,5,6,1946,1994,Gable,CompShg,MetalSd,MetalSd,,0.0,TA,TA,CBlock,TA,TA,No,Rec,152.0,BLQ,469.0,977.0,1598.0,GasA,TA,Y,SBrkr,1636,971,479,3086,0.0,0.0,3,0,3,1,Ex,12,Maj1,1,Gd,,,,0.0,0.0,,,Y,122,0,0,0,0,0,,MnPrv,,0,3,2007,WD ,Normal,200500,64.97083603370058,mid,105.28488852188273,7,1,61,13,4684.0,3.0,30
2046,2047,904301110,50,RL,60.0,8160,Pave,,Reg,Lvl,AllPub,Inside,Gtl,Edwards,Norm,Norm,1Fam,1.5Fin,5,6,1940,1950,Gable,CompShg,MetalSd,MetalSd,,0.0,TA,TA,BrkTil,TA,TA,No,ALQ,312.0,Unf,0.0,444.0,756.0,GasA,Fa,N,FuseF,756,378,0,1134,1.0,0.0,1,1,3,1,TA,7,Typ,0,,Detchd,1940.0,Unf,1.0,240.0,TA,TA,P,0,0,0,0,0,0,,,,0,4,2007,WD ,AdjLand,126000,111.11111111111111,mid,111.85768715889198,38,0,67,57,1890.0,2.5,30
2047,2048,904302010,190,RL,59.0,4484,Pave,,IR1,Lvl,AllPub,Corner,Gtl,SWISU,Norm,Norm,2fmCon,1.5Fin,5,6,1942,1979,Gable,CompShg,Plywood,Plywood,,0.0,TA,TA,CBlock,TA,TA,No,ALQ,485.0,Unf,0.0,187.0,672.0,GasA,TA,N,SBrkr,778,504,0,1282,1.0,0.0,1,0,2,1,TA,4,Typ,0,,Detchd,1942.0,Unf,1.0,240.0,TA,TA,Y,0,88,0,0,0,0,,MnPrv,,0,7,2007,WD ,Normal,108500,84.63338533541342,mid,84.63338533541342,5,0,65,28,1954.0,2.0,30
2048,2049,905100060,190,RL,75.0,11235,Pave,,Reg,Lvl,AllPub,Inside,Gtl,Sawyer,Norm,Norm,2fmCon,SFoyer,5,5,1963,1963,Gable,CompShg,HdBoard,HdBoard,,0.0,TA,TA,CBlock,Gd,TA,Av,ALQ,925.0,Unf,0.0,0.0,925.0,GasA,TA,Y,SBrkr,999,0,0,999,1.0,0.0,1,0,3,1,TA,6,Typ,0,,Detchd,1963.0,Unf,1.0,308.0,TA,TA,Y,40,176,0,0,0,0,,MnPrv,,0,3,2007,WD ,Normal,130000,130.13013013013014,mid,128.2051282051282,35,0,44,44,1924.0,2.0,25
2049,2050,905100080,85,RL,75.0,11235,Pave,,Reg,Lvl,AllPub,Inside,Gtl,Sawyer,Norm,Norm,1Fam,SFoyer,5,5,1964,1980,Gable,CompShg,HdBoard,HdBoard,BrkFace,30.0,TA,TA,CBlock,Gd,TA,Av,BLQ,785.0,Unf,0.0,635.0,1420.0,GasA,Gd,Y,SBrkr,1452,0,0,1452,1.0,0.0,1,0,2,1,TA,6,Min2,1,TA,Detchd,1964.0,Unf,2.0,572.0,TA,TA,Y,92,0,88,0,0,0,,,,0,11,2007,WD ,Normal,158450,109.12534435261708,mid,128.2051282051282,35,1,43,27,2872.0,2.0,25
2050,2051,905101070,20,RL,62.0,14299,Pave,,Reg,Lvl,AllPub,Inside,Gtl,Sawyer,Feedr,Norm,1Fam,1Story,4,3,1964,1964,Gable,CompShg,HdBoard,HdBoard,,0.0,TA,TA,CBlock,TA,TA,No,Rec,513.0,LwQ,144.0,348.0,1005.0,GasA,TA,Y,SBrkr,1005,0,0,1005,1.0,0.0,1,0,3,1,TA,5,Typ,0,,Detchd,1964.0,Unf,2.0,440.0,TA,TA,N,0,0,0,0,0,0,,MnPrv,,0,7,2007,WD ,Normal,115400,114.82587064676616,mid,128.2051282051282,35,1,43,43,2010.0,2.0,12
2051,2052,905101200,20,RL,61.0,7943,Pave,,Reg,Lvl,AllPub,Inside,Gtl,Sawyer,Feedr,Norm,1Fam,1Story,4,5,1961,1961,Gable,CompShg,VinylSd,VinylSd,BrkCmn,192.0,TA,Fa,CBlock,TA,TA,Mn,Rec,903.0,Unf,0.0,126.0,1029.0,GasA,Gd,Y,SBrkr,1029,0,0,1029,1.0,0.0,1,0,3,1,TA,5,Typ,0,,Attchd,1961.0,Unf,1.0,261.0,TA,TA,Y,64,0,39,0,0,0,,,,0,4,2007,WD ,Normal,118500,115.1603498542274,mid,128.2051282051282,35,1,46,46,2058.0,2.0,20
2052,2053,905102010,80,RL,65.0,14149,Pave,,IR1,Lvl,AllPub,Inside,Gtl,Sawyer,Norm,Norm,1Fam,SLvl,5,8,1964,2001,Hip,CompShg,HdBoard,HdBoard,BrkFace,50.0,Gd,Gd,CBlock,TA,TA,Gd,LwQ,68.0,BLQ,722.0,190.0,980.0,GasA,TA,Y,SBrkr,1020,0,0,1020,0.0,1.0,2,0,3,1,TA,5,Typ,1,Po,Detchd,1970.0,Unf,2.0,528.0,TA,TA,Y,0,0,0,0,0,0,,,,0,5,2007,WD ,Normal,165000,161.76470588235293,mid,128.2051282051282,35,0,43,6,2000.0,2.5,40
2053,2054,905103110,20,RL,,11677,Pave,,IR1,Lvl,AllPub,Inside,Gtl,Sawyer,Norm,Norm,1Fam,1Story,5,4,1966,1966,Gable,CompShg,HdBoard,HdBoard,BrkFace,442.0,TA,TA,CBlock,TA,TA,Av,Rec,249.0,BLQ,761.0,30.0,1040.0,GasA,TA,Y,SBrkr,1040,0,0,1040,1.0,0.0,1,0,3,1,TA,6,Typ,0,,Attchd,1966.0,RFn,1.0,264.0,TA,TA,Y,0,90,0,0,0,0,,MnPrv,,0,2,2007,WD ,Normal,123000,118.26923076923077,mid,128.2051282051282,35,0,41,41,2080.0,2.0,20
2054,2055,905104030,85,RL,70.0,8400,Pave,,Reg,Lvl,AllPub,Inside,Gtl,Sawyer,Norm,Norm,1Fam,SFoyer,6,5,1966,1966,Gable,CompShg,VinylSd,VinylSd,,0.0,TA,TA,CBlock,TA,TA,Gd,LwQ,187.0,Rec,627.0,0.0,814.0,GasA,Gd,Y,SBrkr,913,0,0,913,1.0,0.0,1,0,3,1,TA,6,Typ,0,,Detchd,1990.0,Unf,1.0,240.0,TA,TA,Y,0,0,252,0,0,0,,,,0,5,2007,WD ,Normal,129000,141.2924424972618,mid,128.2051282051282,35,0,41,41,1727.0,2.0,30
2055,2056,905104090,20,RL,99.0,7094,Pave,,IR1,Lvl,AllPub,Inside,Gtl,Sawyer,Norm,Norm,1Fam,1Story,5,5,1966,1966,Gable,CompShg,VinylSd,VinylSd,,0.0,TA,TA,CBlock,TA,TA,No,Rec,180.0,LwQ,374.0,340.0,894.0,GasA,TA,Y,SBrkr,894,0,0,894,0.0,0.0,1,0,3,1,TA,5,Typ,0,,Detchd,1966.0,RFn,1.0,384.0,TA,TA,Y,0,0,0,0,0,0,,MnPrv,,0,5,2007,WD ,Normal,125000,139.82102908277406,mid,128.2051282051282,35,0,41,41,1788.0,1.0,25
2056,2057,905104170,20,RL,,8978,Pave,,IR1,Lvl,AllPub,Corner,Gtl,Sawyer,Norm,Norm,1Fam,1Story,5,5,1968,1968,Gable,CompShg,Plywood,Plywood,,0.0,TA,TA,PConc,TA,TA,No,Unf,0.0,Unf,0.0,948.0,948.0,GasA,TA,Y,SBrkr,948,0,0,948,0.0,0.0,1,0,3,1,TA,6,Typ,0,,Attchd,1968.0,Unf,1.0,300.0,TA,TA,Y,147,0,0,0,0,0,,,,0,5,2007,WD ,Family,108000,113.92405063291139,mid,128.2051282051282,35,1,39,39,1896.0,1.0,25
2057,2058,905104240,190,RL,70.0,8425,Pave,,Reg,Lvl,AllPub,FR3,Gtl,Sawyer,Feedr,Norm,2fmCon,1Story,5,6,1971,1990,Gable,CompShg,HdBoard,HdBoard,,0.0,TA,TA,CBlock,Gd,TA,Av,GLQ,748.0,Unf,0.0,20.0,768.0,GasA,Gd,Y,SBrkr,868,0,0,868,1.0,0.0,1,0,2,1,TA,6,Typ,0,,Detchd,1989.0,Unf,2.0,576.0,TA,TA,Y,138,0,0,0,0,0,,GdPrv,,0,5,2007,WD ,Normal,119900,138.1336405529954,mid,128.2051282051282,35,0,36,17,1636.0,2.0,30
2058,2059,905105040,20,RL,86.0,8665,Pave,,IR1,Lvl,AllPub,Inside,Gtl,Sawyer,Norm,Norm,1Fam,1Story,5,5,1968,1968,Gable,CompShg,HdBoard,HdBoard,BrkFace,89.0,TA,TA,CBlock,TA,TA,Mn,Rec,168.0,BLQ,288.0,420.0,876.0,GasA,TA,Y,SBrkr,897,0,0,897,0.0,0.0,1,0,3,1,TA,5,Typ,0,,Attchd,1968.0,RFn,1.0,264.0,TA,TA,Y,0,0,0,0,0,0,,,,0,1,2007,WD ,Normal,115000,128.2051282051282,mid,128.2051282051282,35,0,39,39,1773.0,1.0,25
2059,2060,905105170,20,RL,,8398,Pave,,IR1,Lvl,AllPub,Inside,Gtl,Sawyer,Norm,Norm,1Fam,1Story,5,5,1967,1967,Gable,CompShg,MetalSd,MetalSd,BrkFace,323.0,TA,Gd,CBlock,TA,TA,No,LwQ,114.0,BLQ,529.0,300.0,943.0,GasA,TA,Y,SBrkr,943,0,0,943,1.0,0.0,1,0,2,1,TA,5,Typ,0,,Detchd,1972.0,Unf,2.0,528.0,TA,TA,Y,132,0,0,0,0,0,,,,0,6,2007,WD ,Normal,134500,142.62990455991516,mid,128.2051282051282,35,0,40,40,1886.0,2.0,25
2060,2061,905105260,20,RL,66.0,7742,Pave,,Reg,Lvl,AllPub,Inside,Gtl,Sawyer,Norm,Norm,1Fam,1Story,5,7,1966,1966,Gable,CompShg,HdBoard,HdBoard,,0.0,TA,TA,CBlock,TA,TA,No,BLQ,763.0,Unf,0.0,192.0,955.0,GasA,Ex,Y,SBrkr,955,0,0,955,1.0,0.0,1,0,3,1,TA,6,Typ,0,,Attchd,1966.0,Unf,1.0,386.0,TA,TA,Y,0,0,0,0,0,0,,MnPrv,,0,1,2007,WD ,Normal,127000,132.98429319371726,mid,128.2051282051282,35,0,41,41,1910.0,2.0,35
2061,2062,905106150,20,RL,109.0,8724,Pave,,Reg,Lvl,AllPub,Inside,Gtl,Sawyer,Norm,Norm,1Fam,1Story,5,5,1968,1968,Gable,CompShg,VinylSd,VinylSd,,0.0,TA,TA,CBlock,Gd,TA,No,BLQ,492.0,Unf,0.0,402.0,894.0,GasA,Gd,Y,SBrkr,894,0,0,894,0.0,0.0,1,0,3,1,TA,5,Typ,1,Po,Attchd,1968.0,Fin,2.0,450.0,TA,TA,Y,0,0,0,0,0,0,,,,0,5,2007,WD ,Normal,129000,144.29530201342283,mid,128.2051282051282,35,0,39,39,1788.0,1.0,25
2062,2063,905107140,20,RL,71.0,8197,Pave,,Reg,Lvl,AllPub,Inside,Gtl,Sawyer,Norm,Norm,1Fam,1Story,6,5,1977,1977,Gable,CompShg,Plywood,Plywood,BrkFace,148.0,TA,TA,CBlock,TA,TA,No,Unf,0.0,Unf,0.0,660.0,660.0,GasA,Ex,Y,SBrkr,1285,0,0,1285,0.0,0.0,1,1,3,1,TA,7,Typ,1,TA,Attchd,1977.0,RFn,2.0,528.0,TA,TA,Y,138,0,0,0,0,0,,MnPrv,,0,4,2007,WD ,Normal,143500,111.67315175097276,mid,128.2051282051282,35,1,30,30,1945.0,1.5,30
2063,2064,905200010,20,RL,,8169,Pave,,Reg,Lvl,AllPub,Corner,Gtl,Sawyer,Feedr,Norm,1Fam,1Story,5,7,1966,1966,Gable,CompShg,Plywood,Plywood,,0.0,TA,Gd,CBlock,TA,TA,No,Rec,216.0,ALQ,435.0,261.0,912.0,GasA,Ex,Y,SBrkr,912,0,0,912,1.0,0.0,1,0,3,1,Gd,6,Typ,0,,Detchd,1966.0,Unf,1.0,315.0,TA,TA,Y,204,0,0,0,0,0,,MnPrv,,0,7,2007,WD ,Normal,129000,141.44736842105263,mid,128.2051282051282,35,0,41,41,1824.0,2.0,35
2064,2065,905201080,20,RL,81.0,14175,Pave,,Reg,Bnk,AllPub,Inside,Mod,Sawyer,PosA,Norm,1Fam,1Story,5,5,1956,1998,Hip,CompShg,BrkFace,BrkFace,,0.0,TA,TA,CBlock,TA,TA,No,Rec,386.0,ALQ,522.0,332.0,1240.0,GasA,Gd,Y,SBrkr,1375,0,0,1375,1.0,0.0,1,0,3,1,TA,6,Typ,1,Gd,Attchd,1956.0,Unf,1.0,323.0,TA,TA,Y,0,0,0,0,0,0,,,,0,12,2007,WD ,Normal,187000,136.0,mid,128.2051282051282,35,0,51,9,2615.0,2.0,25
2065,2066,905225020,60,RL,99.0,16779,Pave,,Reg,Lvl,AllPub,Inside,Gtl,Sawyer,Feedr,Norm,1Fam,2Story,5,4,1920,1996,Gable,CompShg,Wd Sdng,Wd Sdng,BrkFace,356.0,TA,Fa,CBlock,Gd,TA,No,BLQ,267.0,Unf,0.0,404.0,671.0,GasA,Fa,Y,SBrkr,1567,1087,0,2654,0.0,0.0,3,0,4,1,TA,11,Mod,1,Gd,Attchd,1946.0,Unf,2.0,638.0,TA,TA,Y,128,570,0,0,0,0,,,Shed,500,5,2007,WD ,Normal,158000,59.53278070836473,mid,128.2051282051282,35,1,87,11,3325.0,3.0,20
2066,2067,905226050,30,RL,,25339,Pave,,Reg,Lvl,AllPub,Inside,Gtl,Sawyer,Norm,Norm,1Fam,1Story,5,7,1918,2007,Gable,CompShg,Wd Sdng,Wd Sdng,,0.0,TA,Gd,BrkTil,TA,TA,No,Unf,0.0,Unf,0.0,816.0,816.0,GasA,Ex,Y,SBrkr,1416,0,0,1416,0.0,0.0,2,0,3,1,Gd,7,Typ,0,,Attchd,2007.0,Unf,2.0,576.0,TA,TA,N,0,0,112,0,0,0,,,,0,8,2007,WD ,Normal,112000,79.09604519774011,mid,128.2051282051282,35,1,89,0,2232.0,2.0,35
2067,2068,905226080,50,RL,70.0,6960,Pave,,Reg,Lvl,AllPub,Inside,Gtl,Sawyer,Norm,Norm,1Fam,1.5Fin,7,8,1940,1998,Gable,CompShg,Wd Sdng,Wd Sdng,,0.0,TA,TA,BrkTil,TA,TA,No,ALQ,258.0,Unf,0.0,422.0,680.0,GasA,Ex,Y,FuseA,798,504,0,1302,0.0,0.0,1,1,2,1,Gd,6,Typ,2,Gd,Attchd,1940.0,Unf,1.0,224.0,TA,TA,Y,0,0,0,0,126,0,,MnPrv,,0,7,2007,WD ,Normal,165250,126.92012288786482,high,111.76178177917723,2,0,67,9,1982.0,1.5,56
2068,2069,905226130,20,RL,91.0,11375,Pave,,Reg,Lvl,AllPub,Inside,Gtl,Sawyer,Norm,Norm,1Fam,1Story,6,5,1954,1995,Gable,CompShg,VinylSd,VinylSd,,0.0,TA,TA,CBlock,TA,TA,No,Rec,736.0,Unf,0.0,231.0,967.0,GasA,TA,Y,SBrkr,1299,0,0,1299,0.0,0.0,1,0,3,1,Gd,6,Typ,1,TA,Attchd,1954.0,Unf,2.0,494.0,TA,TA,Y,81,0,280,0,0,0,,,,0,10,2007,WD ,Normal,150000,115.47344110854503,mid,128.2051282051282,35,0,53,12,2266.0,1.0,30
2069,2070,905226170,20,RL,85.0,13770,Pave,,Reg,Lvl,AllPub,Corner,Gtl,Sawyer,Feedr,Norm,1Fam,1Story,5,6,1958,1998,Gable,CompShg,Plywood,Plywood,BrkFace,340.0,TA,TA,CBlock,TA,TA,Mn,Rec,190.0,BLQ,873.0,95.0,1158.0,GasA,TA,Y,SBrkr,1176,0,0,1176,1.0,0.0,1,0,3,1,TA,6,Typ,2,Gd,Attchd,1958.0,Unf,1.0,303.0,TA,TA,Y,0,0,0,0,0,0,,,,0,10,2007,VWD,Normal,137000,116.49659863945578,mid,128.2051282051282,35,0,49,9,2334.0,2.0,30
2070,2071,905228020,20,RL,,9000,Pave,,Reg,Lvl,AllPub,Inside,Gtl,Sawyer,Norm,Norm,1Fam,1Story,4,7,1945,1950,Gable,CompShg,Wd Sdng,Wd Sdng,,0.0,Fa,TA,Slab,,,,,0.0,,0.0,0.0,0.0,GasA,TA,N,FuseA,998,0,0,998,0.0,0.0,1,0,3,1,TA,5,Min2,0,,2Types,1952.0,Unf,2.0,460.0,Fa,TA,Y,0,0,140,0,0,0,,,,0,5,2007,WD ,Normal,89500,89.67935871743487,mid,128.2051282051282,35,1,62,57,998.0,1.0,28
2071,2072,905301050,20,RL,,115149,Pave,,IR2,Low,AllPub,CulDSac,Sev,ClearCr,Norm,Norm,1Fam,1Story,7,5,1971,2002,Gable,CompShg,Plywood,Plywood,Stone,351.0,TA,TA,CBlock,Gd,TA,Gd,GLQ,1219.0,Unf,0.0,424.0,1643.0,GasA,TA,Y,SBrkr,1824,0,0,1824,1.0,0.0,2,0,2,1,Gd,5,Typ,2,TA,Attchd,1971.0,Unf,2.0,739.0,TA,TA,Y,380,48,0,0,0,0,,,,0,6,2007,WD ,Normal,302000,165.5701754385965,high,162.81951112721563,2,0,36,5,3467.0,3.0,35
2072,2073,905352010,20,RL,,11075,Pave,,Reg,Lvl,AllPub,Corner,Gtl,ClearCr,Norm,Norm,1Fam,1Story,6,5,1984,1984,Hip,CompShg,Wd Sdng,Wd Sdng,BrkFace,136.0,TA,TA,PConc,Gd,TA,No,BLQ,299.0,LwQ,891.0,0.0,1190.0,GasA,Ex,Y,SBrkr,1522,0,0,1522,0.0,0.0,2,0,3,1,TA,7,Typ,1,TA,Attchd,1984.0,Fin,2.0,552.0,TA,TA,Y,0,77,0,0,168,0,,GdPrv,,0,2,2007,WD ,Normal,182000,119.57950065703022,mid,105.28488852188273,7,0,23,23,2712.0,2.0,30
2073,2074,905352180,60,RL,97.0,10029,Pave,,IR1,Lvl,AllPub,Corner,Gtl,ClearCr,Norm,Norm,1Fam,2Story,6,5,1988,1989,Gable,CompShg,Plywood,Plywood,BrkFace,268.0,Gd,TA,PConc,Gd,TA,No,GLQ,831.0,Unf,0.0,320.0,1151.0,GasA,TA,Y,SBrkr,1164,896,0,2060,0.0,1.0,2,1,4,1,TA,8,Typ,1,TA,Attchd,1988.0,Unf,2.0,521.0,TA,TA,Y,0,228,0,0,192,0,,,,0,9,2007,WD ,Normal,211000,102.42718446601941,mid,105.28488852188273,7,0,19,18,3211.0,3.0,30
2074,2075,905376090,20,RL,,17541,Pave,,IR1,Lvl,AllPub,Corner,Gtl,Edwards,Norm,Norm,1Fam,1Story,5,7,1948,2005,Hip,CompShg,Wd Sdng,Wd Sdng,,0.0,TA,Gd,CBlock,TA,Gd,Mn,BLQ,300.0,Unf,0.0,109.0,409.0,GasA,Ex,Y,SBrkr,1325,0,0,1325,0.0,0.0,2,0,3,1,Gd,6,Typ,1,TA,Detchd,1996.0,Unf,2.0,576.0,TA,TA,Y,0,42,0,0,0,0,,,,0,7,2007,WD ,Normal,216000,163.0188679245283,mid,111.85768715889198,38,0,59,2,1734.0,2.0,35
2075,2076,905377020,20,RL,,22692,Pave,,IR1,Lvl,AllPub,Inside,Gtl,Edwards,Norm,Norm,1Fam,1Story,5,5,1953,1953,Gable,CompShg,MetalSd,MetalSd,,0.0,TA,TA,CBlock,TA,TA,No,Rec,587.0,Unf,0.0,486.0,1073.0,GasA,TA,Y,SBrkr,1630,0,0,1630,0.0,0.0,2,0,3,1,TA,6,Mod,1,TA,Detchd,1953.0,Unf,2.0,649.0,TA,TA,P,0,64,0,0,0,0,,,,0,3,2007,COD,Normal,130000,79.75460122699387,mid,111.85768715889198,38,1,54,54,2703.0,2.0,25
2076,2077,905377050,20,RL,84.0,17808,Pave,,Reg,Lvl,AllPub,Inside,Gtl,Edwards,Feedr,Norm,1Fam,1Story,4,5,1946,1950,Gable,CompShg,Wd Sdng,Wd Sdng,,0.0,TA,TA,CBlock,TA,TA,No,Unf,0.0,Unf,0.0,484.0,484.0,GasA,TA,N,SBrkr,1242,0,0,1242,0.0,0.0,1,0,2,1,TA,4,Mod,0,,Attchd,1946.0,Unf,1.0,336.0,TA,TA,N,0,0,0,0,0,0,,,,0,7,2007,WD ,Normal,109900,88.48631239935588,mid,111.85768715889198,38,1,61,57,1726.0,1.0,20
2077,2078,905401020,20,RL,102.0,12671,Pave,,IR1,Lvl,AllPub,Corner,Gtl,ClearCr,Norm,Norm,1Fam,1Story,6,7,1954,1994,Hip,CompShg,MetalSd,MetalSd,Stone,300.0,TA,Gd,CBlock,Gd,Fa,No,LwQ,353.0,Unf,0.0,935.0,1288.0,GasA,Ex,Y,SBrkr,2422,0,0,2422,0.0,0.0,3,0,4,1,Gd,6,Min2,2,Gd,Attchd,1954.0,Fin,2.0,527.0,TA,TA,Y,0,63,0,0,144,0,,,,0,7,2007,WD ,Normal,255000,105.28488852188273,mid,105.28488852188273,7,0,53,13,3710.0,3.0,42
2078,2079,905426010,20,RL,84.0,12615,Pave,,Reg,Lvl,AllPub,Corner,Gtl,Edwards,Norm,Norm,1Fam,1Story,6,7,1950,2001,Gable,CompShg,WdShing,Wd Shng,,0.0,TA,TA,CBlock,TA,Gd,Av,ALQ,477.0,Unf,0.0,725.0,1202.0,GasA,TA,Y,SBrkr,2158,0,0,2158,1.0,0.0,2,0,4,1,Gd,7,Typ,1,Gd,Attchd,1950.0,Unf,2.0,576.0,TA,TA,Y,0,29,39,0,0,0,,MnPrv,,0,6,2007,WD ,Normal,243000,112.60426320667284,mid,111.85768715889198,38,0,57,6,3360.0,3.0,42
2079,2080,905451390,50,RL,70.0,10512,Pave,,Reg,Lvl,AllPub,Inside,Gtl,Edwards,Norm,Norm,1Fam,1.5Fin,6,6,1954,1954,Gable,CompShg,Wd Sdng,Wd Sdng,,0.0,TA,TA,CBlock,TA,TA,No,BLQ,491.0,Unf,0.0,497.0,988.0,GasA,Ex,Y,SBrkr,988,638,0,1626,0.0,0.0,1,1,3,1,Gd,6,Typ,0,,Attchd,1954.0,Unf,1.0,332.0,TA,TA,Y,366,0,0,0,0,0,,,,0,5,2007,WD ,Normal,154000,94.71094710947109,mid,111.85768715889198,38,1,53,53,2614.0,1.5,36
2080,2081,905475270,20,RL,60.0,5400,Pave,,Reg,HLS,AllPub,Inside,Gtl,SWISU,Norm,Norm,1Fam,1Story,5,5,1958,1958,Gable,CompShg,MetalSd,MetalSd,,0.0,TA,TA,CBlock,TA,TA,No,Rec,453.0,Unf,0.0,411.0,864.0,GasA,TA,Y,SBrkr,864,0,0,864,0.0,1.0,1,0,3,1,TA,6,Typ,0,,Attchd,1958.0,Unf,1.0,399.0,TA,TA,Y,0,0,0,0,0,0,,,,0,5,2007,WD ,Normal,118000,136.57407407407408,mid,84.63338533541342,5,0,49,49,1728.0,1.5,25
2081,2082,905475520,30,RL,,11515,Pave,,IR1,Lvl,AllPub,CulDSac,Gtl,Edwards,Norm,Norm,1Fam,1Story,4,5,1958,1994,Gable,CompShg,HdBoard,HdBoard,,0.0,TA,TA,Slab,,,,,0.0,,0.0,0.0,0.0,GasA,TA,N,SBrkr,943,0,0,943,0.0,0.0,1,0,3,1,Gd,5,Min2,0,,Detchd,1958.0,Unf,1.0,308.0,TA,TA,N,0,0,60,0,0,0,,,,0,8,2007,WD ,Normal,80000,84.83563096500531,mid,111.85768715889198,38,1,49,13,943.0,1.0,20
2082,2083,905476160,90,RL,42.0,7711,Pave,,IR1,Lvl,AllPub,Inside,Gtl,Edwards,Norm,Norm,Duplex,1Story,4,3,1977,1977,Gable,CompShg,MetalSd,MetalSd,,0.0,TA,TA,PConc,Gd,TA,Gd,GLQ,1440.0,Unf,0.0,0.0,1440.0,GasA,TA,Y,SBrkr,1440,0,0,1440,2.0,0.0,2,0,4,2,TA,8,Typ,0,,,,,0.0,0.0,,,N,321,0,0,0,0,0,,,,0,8,2007,Oth,Abnorml,150000,104.16666666666667,mid,111.85768715889198,38,0,30,30,2880.0,4.0,12
2083,2084,905476170,30,RL,58.0,9098,Pave,,IR1,Lvl,AllPub,Inside,Gtl,Edwards,Norm,Norm,1Fam,1Story,4,7,1920,2002,Gable,CompShg,Wd Sdng,Wd Sdng,,0.0,TA,TA,BrkTil,TA,TA,Mn,ALQ,348.0,Unf,0.0,180.0,528.0,GasA,Ex,Y,SBrkr,605,0,0,605,1.0,0.0,1,0,2,1,TA,5,Typ,0,,,,,0.0,0.0,,,N,0,0,144,0,0,0,,,,0,7,2007,WD ,Normal,86000,142.1487603305785,mid,111.85768715889198,38,0,87,5,1133.0,2.0,28
2084,2085,905476225,120,RL,39.0,3869,Pave,,Reg,Lvl,AllPub,Inside,Mod,Edwards,Norm,Norm,TwnhsE,1Story,5,6,1984,1984,Gable,CompShg,Wd Sdng,Wd Sdng,BrkFace,149.0,Gd,Ex,CBlock,TA,TA,No,LwQ,283.0,GLQ,755.0,0.0,1038.0,GasA,Gd,Y,SBrkr,1038,0,0,1038,0.0,0.0,2,0,2,1,TA,5,Typ,0,,Attchd,1984.0,RFn,1.0,264.0,TA,TA,Y,0,105,0,0,0,0,,,,0,7,2007,WD ,Normal,130000,125.24084778420038,mid,111.85768715889198,38,0,23,23,2076.0,2.0,30
2085,2086,905478140,20,RL,58.0,9280,Pave,,Reg,Lvl,AllPub,Inside,Gtl,Edwards,Norm,Norm,1Fam,1Story,5,6,1951,1951,Gable,CompShg,Wd Sdng,Wd Sdng,,0.0,TA,TA,CBlock,Fa,TA,No,ALQ,557.0,Unf,0.0,785.0,1342.0,GasA,Ex,Y,SBrkr,1342,0,0,1342,1.0,0.0,1,0,4,1,TA,7,Typ,0,,Detchd,1951.0,Unf,1.0,256.0,TA,TA,Y,0,0,0,0,0,0,,,,0,4,2007,WD ,Normal,125000,93.14456035767512,mid,111.85768715889198,38,1,56,56,2684.0,2.0,30
2086,2087,905478220,50,RL,60.0,11100,Pave,,Reg,Lvl,AllPub,Inside,Gtl,Edwards,Norm,Norm,1Fam,1.5Fin,5,6,1951,1994,Gable,CompShg,Wd Sdng,Wd Sdng,,0.0,TA,TA,PConc,TA,TA,Mn,LwQ,1080.0,Unf,0.0,0.0,1080.0,GasA,TA,N,SBrkr,1080,400,0,1480,1.0,0.0,1,0,4,1,TA,7,Typ,1,Gd,Attchd,1951.0,Unf,1.0,253.0,TA,TA,Y,0,0,68,0,0,0,,,,0,7,2007,WD ,Normal,136500,92.22972972972973,mid,111.85768715889198,38,1,56,13,2560.0,2.0,30
2087,2088,905480090,50,RL,50.0,7550,Pave,,Reg,Lvl,AllPub,Inside,Gtl,Edwards,Norm,Norm,1Fam,1.5Fin,4,5,1920,1950,Gambrel,CompShg,MetalSd,MetalSd,,0.0,Fa,Fa,BrkTil,TA,Fa,No,Unf,0.0,Unf,0.0,951.0,951.0,GasW,Fa,N,SBrkr,986,376,0,1362,0.0,0.0,2,0,4,1,TA,7,Typ,0,,Detchd,1920.0,Unf,1.0,280.0,Fa,TA,P,0,0,0,0,0,0,,MnPrv,,0,3,2007,WD ,Normal,96000,70.48458149779735,mid,111.85768715889198,38,1,87,57,2313.0,2.0,20
2088,2089,905480180,20,RL,60.0,9060,Pave,,Reg,Lvl,AllPub,Inside,Gtl,Edwards,Artery,Norm,1Fam,1Story,5,6,1957,2006,Hip,CompShg,Wd Sdng,Wd Sdng,BrkFace,98.0,TA,TA,PConc,,,,,0.0,,0.0,0.0,0.0,GasA,Ex,Y,SBrkr,1340,0,0,1340,0.0,0.0,1,0,3,1,TA,7,Typ,1,Gd,Attchd,1957.0,RFn,1.0,252.0,TA,TA,Y,116,0,0,180,0,0,,MnPrv,,0,6,2007,WD ,Normal,120000,89.55223880597015,mid,111.85768715889198,38,1,50,1,1340.0,1.0,30
2089,2090,906200230,50,RL,104.0,23920,Pave,,Reg,Lvl,AllPub,Inside,Gtl,SawyerW,Feedr,Norm,1Fam,1.5Fin,6,5,1984,1984,Gable,CompShg,Wd Sdng,Wd Sdng,,0.0,TA,TA,CBlock,TA,TA,No,Unf,0.0,Unf,0.0,1105.0,1105.0,GasA,Ex,Y,SBrkr,1105,717,0,1822,0.0,0.0,2,0,4,1,Gd,7,Min2,1,Po,Attchd,1984.0,Unf,2.0,515.0,TA,TA,P,0,195,1012,0,0,444,TA,,,0,4,2007,WD ,Normal,228500,125.41163556531285,mid,116.79256246368391,9,0,23,23,2927.0,2.0,30
2090,2091,906201022,20,RL,114.0,10357,Pave,,IR1,Lvl,AllPub,Corner,Gtl,SawyerW,Feedr,Norm,1Fam,1Story,7,5,1990,1991,Hip,CompShg,HdBoard,HdBoard,,0.0,Gd,TA,PConc,Gd,TA,Mn,GLQ,738.0,Unf,0.0,172.0,910.0,GasA,Gd,Y,SBrkr,1442,0,0,1442,1.0,0.0,2,0,3,1,Gd,6,Typ,1,TA,Attchd,1990.0,Fin,2.0,719.0,TA,TA,Y,0,244,0,0,0,0,,,,0,5,2007,WD ,Normal,179900,124.75728155339806,high,118.54554381085218,12,0,17,16,2352.0,3.0,35
2091,2092,906201023,60,RL,116.0,13474,Pave,,Reg,Lvl,AllPub,Inside,Gtl,SawyerW,Feedr,Norm,1Fam,2Story,7,5,1990,1991,Gable,CompShg,HdBoard,Plywood,BrkFace,246.0,Gd,TA,CBlock,Gd,TA,No,ALQ,700.0,Unf,0.0,0.0,700.0,GasA,Gd,Y,SBrkr,1122,1121,0,2243,1.0,0.0,2,1,4,1,Gd,8,Typ,1,TA,Attchd,1990.0,RFn,3.0,746.0,TA,TA,Y,127,44,224,0,0,0,,,,0,6,2007,WD ,Normal,225000,100.31208203299153,high,118.54554381085218,12,1,17,16,2943.0,3.5,35
2092,2093,906201200,60,RL,86.0,10380,Pave,,IR1,Lvl,AllPub,Inside,Gtl,SawyerW,Norm,Norm,1Fam,2Story,7,5,1986,1987,Gable,CompShg,Plywood,Plywood,BrkFace,172.0,Gd,TA,CBlock,TA,TA,Gd,LwQ,28.0,ALQ,1474.0,0.0,1502.0,GasA,Ex,Y,SBrkr,1553,1177,0,2730,1.0,0.0,2,1,4,1,Gd,8,Typ,1,TA,Attchd,1987.0,Fin,2.0,576.0,TA,TA,Y,201,96,0,0,0,0,,MnPrv,,0,8,2007,WD ,Normal,301000,110.25641025641026,high,118.54554381085218,12,0,21,20,4232.0,3.5,35
2093,2094,906203140,60,RL,103.0,13125,Pave,,IR1,Lvl,AllPub,Corner,Gtl,SawyerW,Norm,Norm,1Fam,2Story,7,5,1991,1991,Gable,CompShg,HdBoard,HdBoard,,0.0,Gd,TA,PConc,Ex,TA,Mn,BLQ,48.0,GLQ,634.0,422.0,1104.0,GasA,Ex,Y,SBrkr,912,1215,0,2127,1.0,0.0,2,1,4,1,Gd,8,Typ,1,TA,Attchd,1991.0,RFn,3.0,833.0,TA,TA,Y,72,192,224,0,0,0,,GdPrv,,0,11,2007,WD ,Normal,238000,111.89468735307945,high,118.54554381085218,12,0,16,16,3231.0,3.5,35
2094,2095,906204140,60,RL,82.0,11287,Pave,,Reg,Lvl,AllPub,Inside,Gtl,SawyerW,Norm,Norm,1Fam,2Story,7,6,1989,1989,Gable,CompShg,Plywood,Plywood,BrkFace,340.0,Gd,TA,CBlock,Gd,TA,Av,GLQ,421.0,Unf,0.0,386.0,807.0,GasA,Gd,Y,SBrkr,1175,807,0,1982,0.0,0.0,2,1,3,1,Gd,7,Typ,1,TA,Attchd,1989.0,Fin,2.0,575.0,TA,TA,Y,0,84,0,196,0,0,,,,0,1,2007,WD ,Normal,228500,115.28758829465187,high,118.54554381085218,12,0,18,18,2789.0,2.5,42
2095,2096,906223040,60,RL,75.0,9317,Pave,,Reg,Lvl,AllPub,Inside,Gtl,SawyerW,Norm,Norm,1Fam,2Story,7,5,1994,2001,Gable,CompShg,VinylSd,VinylSd,,0.0,Gd,Gd,PConc,Gd,Gd,No,GLQ,497.0,Unf,0.0,282.0,779.0,GasA,Ex,Y,SBrkr,1029,929,0,1958,1.0,0.0,2,1,3,1,Gd,7,Typ,1,TA,Attchd,1994.0,RFn,2.0,499.0,TA,TA,Y,202,93,0,0,0,0,,,,0,7,2007,CWD,Normal,220000,112.35955056179775,high,118.54554381085218,12,0,13,6,2737.0,3.5,35
2096,2097,906340080,60,RL,77.0,9965,Pave,,Reg,Lvl,AllPub,Inside,Gtl,CollgCr,Norm,Norm,1Fam,2Story,7,5,2007,2007,Gable,CompShg,VinylSd,VinylSd,Stone,220.0,Gd,TA,PConc,Ex,TA,Av,GLQ,984.0,Unf,0.0,280.0,1264.0,GasA,Ex,Y,SBrkr,1282,1414,0,2696,1.0,0.0,2,1,4,1,Ex,10,Typ,1,Gd,BuiltIn,2007.0,Fin,3.0,792.0,TA,TA,Y,120,184,0,0,168,0,,,,0,10,2007,New,Partial,383970,142.4221068249258,high,134.98323407750004,42,0,0,0,3960.0,3.5,35
2097,2098,906340090,60,RL,77.0,9965,Pave,,Reg,Lvl,AllPub,Inside,Gtl,CollgCr,Norm,Norm,1Fam,2Story,8,5,2006,2007,Hip,CompShg,VinylSd,VinylSd,Stone,340.0,Gd,TA,PConc,Ex,TA,Gd,GLQ,1150.0,Unf,0.0,316.0,1466.0,GasA,Ex,Y,SBrkr,1466,1362,0,2828,1.0,0.0,3,0,4,1,Gd,11,Typ,1,TA,BuiltIn,2006.0,RFn,3.0,1052.0,TA,TA,Y,125,144,0,0,0,0,,,,0,4,2007,New,Partial,424870,150.23691654879772,high,134.98323407750004,42,0,1,0,4294.0,4.0,40
2098,2099,906378120,20,RL,71.0,9178,Pave,,Reg,Lvl,AllPub,Inside,Gtl,CollgCr,Norm,Norm,1Fam,1Story,8,5,2007,2007,Gable,CompShg,VinylSd,VinylSd,Stone,306.0,Gd,TA,PConc,Gd,TA,Av,Unf,0.0,Unf,0.0,1643.0,1643.0,GasA,Ex,Y,SBrkr,1651,0,0,1651,0.0,0.0,2,0,3,1,Gd,7,Typ,1,Gd,Attchd,2007.0,Fin,3.0,870.0,TA,TA,Y,204,64,0,0,0,0,,,,0,9,2007,New,Partial,250000,151.42337976983646,high,134.98323407750004,42,0,0,0,3294.0,2.0,40
2099,2100,906378150,20,RL,93.0,10481,Pave,,IR1,Lvl,AllPub,Inside,Gtl,CollgCr,Norm,Norm,1Fam,1Story,8,5,2006,2007,Hip,CompShg,CemntBd,CmentBd,,0.0,Gd,TA,PConc,Gd,TA,Av,Unf,0.0,Unf,0.0,2140.0,2140.0,GasA,Ex,Y,SBrkr,2140,0,0,2140,0.0,0.0,2,1,3,1,Gd,8,Typ,0,,Attchd,2006.0,Fin,3.0,894.0,TA,TA,Y,136,32,0,0,0,0,,,,0,6,2007,New,Partial,360000,168.22429906542055,high,134.98323407750004,42,0,1,0,4280.0,2.5,40
2100,2101,906378170,20,RL,91.0,10652,Pave,,IR1,Lvl,AllPub,Inside,Gtl,CollgCr,Norm,Norm,1Fam,1Story,7,5,2006,2007,Gable,CompShg,VinylSd,VinylSd,Stone,306.0,Gd,TA,PConc,Gd,TA,Av,Unf,0.0,Unf,0.0,1494.0,1494.0,GasA,Ex,Y,SBrkr,1494,0,0,1494,0.0,0.0,2,0,3,1,Gd,7,Typ,1,Gd,Attchd,2006.0,RFn,3.0,840.0,TA,TA,Y,160,33,0,0,0,0,,,,0,8,2007,New,Partial,279500,187.08165997322624,high,134.98323407750004,42,0,1,0,2988.0,2.0,35
2101,2102,906380010,20,RL,103.0,11175,Pave,,IR1,Lvl,AllPub,Corner,Gtl,CollgCr,Norm,Norm,1Fam,1Story,7,5,2007,2007,Gable,CompShg,VinylSd,VinylSd,,0.0,Gd,TA,PConc,Gd,TA,Av,Unf,0.0,Unf,0.0,1316.0,1316.0,GasA,Ex,Y,SBrkr,1316,0,0,1316,0.0,0.0,2,0,3,1,Gd,6,Typ,1,Gd,Attchd,2007.0,Fin,2.0,440.0,TA,TA,Y,0,20,0,0,0,0,,,,0,10,2007,New,Partial,200141,152.08282674772036,high,134.98323407750004,42,0,0,0,2632.0,2.0,35
2102,2103,906380040,20,RL,66.0,10235,Pave,,IR1,Lvl,AllPub,Inside,Gtl,CollgCr,Norm,Norm,1Fam,1Story,8,5,2007,2007,Gable,CompShg,VinylSd,VinylSd,Stone,306.0,Gd,TA,PConc,Gd,TA,Av,Unf,0.0,Unf,0.0,1643.0,1643.0,GasA,Ex,Y,SBrkr,1651,0,0,1651,0.0,0.0,2,0,3,1,Gd,7,Typ,1,Gd,Attchd,2007.0,RFn,3.0,870.0,TA,TA,Y,192,64,0,0,0,0,,,,0,9,2007,New,Partial,246500,149.30345245305875,high,134.98323407750004,42,0,0,0,3294.0,2.0,40
2103,2104,906380070,60,RL,69.0,9588,Pave,,IR1,Lvl,AllPub,Inside,Gtl,CollgCr,Norm,Norm,1Fam,2Story,8,5,2007,2007,Gable,CompShg,CemntBd,CmentBd,Stone,270.0,Gd,TA,PConc,Ex,TA,No,Unf,0.0,Unf,0.0,1482.0,1482.0,GasA,Ex,Y,SBrkr,1482,1092,0,2574,0.0,0.0,2,1,3,1,Ex,10,Typ,1,Gd,BuiltIn,2007.0,Fin,3.0,868.0,TA,TA,Y,0,148,0,0,0,0,,,,0,11,2007,New,Partial,276000,107.22610722610723,high,134.98323407750004,42,1,0,0,4056.0,2.5,40
2104,2105,906380120,20,RL,68.0,8814,Pave,,Reg,Lvl,AllPub,Inside,Gtl,CollgCr,Norm,Norm,1Fam,1Story,7,5,2005,2007,Gable,CompShg,VinylSd,VinylSd,BrkFace,80.0,Gd,TA,PConc,Gd,TA,No,GLQ,925.0,Unf,0.0,349.0,1274.0,GasA,Ex,Y,SBrkr,1274,0,0,1274,1.0,0.0,2,0,3,1,Gd,6,Typ,0,,Attchd,2005.0,RFn,2.0,508.0,TA,TA,Y,264,98,0,0,0,0,,,,0,1,2007,New,Partial,203000,159.34065934065933,high,134.98323407750004,42,0,2,0,2548.0,3.0,35
2105,2106,906380140,60,RL,85.0,11103,Pave,,IR1,Lvl,AllPub,Corner,Gtl,CollgCr,Norm,Norm,1Fam,2Story,7,5,2006,2006,Gable,CompShg,VinylSd,VinylSd,,0.0,Gd,TA,PConc,Gd,TA,No,Unf,0.0,Unf,0.0,728.0,728.0,GasA,Ex,Y,SBrkr,728,728,0,1456,0.0,0.0,2,1,3,1,Gd,8,Typ,1,TA,Attchd,2006.0,Fin,2.0,440.0,TA,TA,Y,0,0,0,0,0,0,,,,0,7,2007,New,Partial,155835,107.02953296703296,high,134.98323407750004,42,1,1,1,2184.0,2.5,35
2106,2107,906380160,20,RL,74.0,8556,Pave,,Reg,Lvl,AllPub,Inside,Gtl,CollgCr,Norm,Norm,1Fam,1Story,7,5,2006,2006,Gable,CompShg,VinylSd,VinylSd,,0.0,Gd,TA,PConc,Gd,TA,Av,Unf,0.0,Unf,0.0,1240.0,1240.0,GasA,Ex,Y,SBrkr,1240,0,0,1240,0.0,0.0,2,0,2,1,Gd,5,Typ,0,,Attchd,2006.0,RFn,3.0,826.0,TA,TA,Y,140,93,0,0,0,0,,,,0,5,2007,WD ,Normal,194000,156.4516129032258,high,134.98323407750004,42,0,1,1,2480.0,2.0,35
2107,2108,906380200,20,RL,64.0,6762,Pave,,Reg,Lvl,AllPub,Inside,Gtl,CollgCr,Norm,Norm,1Fam,1Story,7,5,2007,2007,Gable,CompShg,VinylSd,VinylSd,BrkFace,108.0,Gd,TA,PConc,Gd,TA,No,GLQ,664.0,Unf,0.0,544.0,1208.0,GasA,Ex,Y,SBrkr,1208,0,0,1208,1.0,0.0,2,0,2,1,Gd,6,Typ,0,,Attchd,2007.0,RFn,2.0,628.0,TA,TA,Y,105,54,0,0,0,0,,,,0,9,2007,New,Partial,195400,161.75496688741723,high,134.98323407750004,42,0,0,0,2416.0,3.0,35
2108,2109,906382020,20,RL,75.0,11750,Pave,,IR1,Lvl,AllPub,Inside,Gtl,CollgCr,Norm,Norm,1Fam,1Story,7,5,2005,2006,Gable,CompShg,VinylSd,VinylSd,BrkFace,204.0,Gd,TA,PConc,Gd,TA,Mn,GLQ,20.0,Unf,0.0,1526.0,1546.0,GasA,Ex,Y,SBrkr,1546,0,0,1546,0.0,0.0,2,0,3,1,Gd,7,Typ,0,,Attchd,2005.0,RFn,3.0,796.0,TA,TA,Y,144,42,0,0,0,0,,,,0,6,2007,WD ,Normal,217000,140.36222509702458,high,134.98323407750004,42,0,2,1,3092.0,2.0,35
2109,2110,906382060,20,RL,73.0,8760,Pave,,Reg,Lvl,AllPub,Inside,Gtl,CollgCr,Norm,Norm,1Fam,1Story,8,5,2006,2006,Gable,CompShg,VinylSd,VinylSd,BrkFace,132.0,Gd,TA,PConc,Gd,TA,No,GLQ,36.0,Unf,0.0,1453.0,1489.0,GasA,Ex,Y,SBrkr,1500,0,0,1500,0.0,0.0,2,0,3,1,Gd,7,Typ,1,Gd,Attchd,2005.0,RFn,2.0,674.0,TA,TA,Y,144,38,0,0,0,0,,,,0,6,2007,WD ,Normal,212999,141.99933333333334,high,134.98323407750004,42,0,1,1,2989.0,2.0,40
2110,2111,906392080,20,RL,64.0,7242,Pave,,Reg,Lvl,AllPub,Inside,Gtl,CollgCr,Norm,Norm,1Fam,1Story,7,5,2005,2006,Gable,CompShg,VinylSd,VinylSd,,0.0,Gd,TA,PConc,Gd,TA,No,Unf,0.0,Unf,0.0,1270.0,1270.0,GasA,Ex,Y,SBrkr,1270,0,0,1270,0.0,0.0,2,0,2,1,Gd,6,Typ,0,,Attchd,2005.0,RFn,2.0,524.0,TA,TA,Y,0,96,0,0,0,0,,,,0,7,2007,WD ,Normal,175900,138.50393700787401,high,134.98323407750004,42,0,2,1,2540.0,2.0,35
2111,2112,906394020,60,RL,78.0,9316,Pave,,Reg,Lvl,AllPub,Inside,Gtl,CollgCr,Norm,Norm,1Fam,2Story,7,5,2005,2006,Gable,CompShg,VinylSd,VinylSd,,0.0,Gd,TA,PConc,Gd,TA,Gd,Unf,0.0,Unf,0.0,879.0,879.0,GasA,Ex,Y,SBrkr,879,916,0,1795,0.0,0.0,2,1,3,1,Gd,7,Typ,0,,Attchd,2005.0,RFn,2.0,578.0,TA,TA,Y,164,111,0,0,0,0,,,,0,10,2007,WD ,Normal,191000,106.40668523676881,high,134.98323407750004,42,1,2,1,2674.0,2.5,35
2112,2113,906394050,20,RL,78.0,9317,Pave,,IR1,Lvl,AllPub,Inside,Gtl,CollgCr,Norm,Norm,1Fam,1Story,6,5,2006,2006,Gable,CompShg,VinylSd,VinylSd,,0.0,Gd,TA,PConc,Gd,TA,No,GLQ,24.0,Unf,0.0,1290.0,1314.0,GasA,Gd,Y,SBrkr,1314,0,0,1314,0.0,0.0,2,0,3,1,Gd,6,Typ,1,Gd,Attchd,2006.0,RFn,2.0,440.0,TA,TA,Y,0,22,0,0,0,0,,,,0,3,2007,WD ,Normal,176432,134.2709284627093,mid,134.2709284627093,23,0,1,1,2628.0,2.0,30
2113,2114,906402070,60,RL,,14364,Pave,,IR1,Low,AllPub,Inside,Mod,SawyerW,Norm,Norm,1Fam,2Story,7,5,1988,1989,Gable,CompShg,Plywood,Plywood,BrkFace,128.0,Gd,TA,CBlock,Gd,TA,Gd,GLQ,1065.0,Unf,0.0,92.0,1157.0,GasA,Ex,Y,SBrkr,1180,882,0,2062,1.0,0.0,2,1,3,1,TA,7,Typ,1,Gd,Attchd,1988.0,Fin,2.0,454.0,TA,TA,Y,60,55,0,0,154,0,,,,0,4,2007,WD ,Normal,277000,134.33559650824444,high,118.54554381085218,12,0,19,18,3219.0,3.5,35
2114,2115,906403060,60,RL,,8883,Pave,,IR1,Lvl,AllPub,Inside,Gtl,SawyerW,Norm,Norm,1Fam,2Story,7,5,1988,1988,Gable,CompShg,HdBoard,HdBoard,BrkFace,360.0,Gd,TA,PConc,Gd,TA,No,GLQ,608.0,LwQ,321.0,0.0,929.0,GasA,Ex,Y,SBrkr,946,927,0,1873,1.0,0.0,2,1,3,1,Gd,7,Typ,1,TA,Attchd,1988.0,RFn,2.0,619.0,TA,TA,Y,108,48,0,0,144,0,,GdPrv,,0,5,2007,WD ,Normal,207000,110.51788574479444,high,118.54554381085218,12,0,19,19,2802.0,3.5,35
2115,2116,906426060,50,RL,,159000,Pave,,IR2,Low,AllPub,CulDSac,Sev,ClearCr,Norm,Norm,1Fam,1.5Fin,6,7,1958,2006,Gable,CompShg,Wd Sdng,HdBoard,BrkCmn,472.0,Gd,TA,CBlock,Gd,TA,Gd,Rec,697.0,Unf,0.0,747.0,1444.0,GasA,Gd,Y,SBrkr,1444,700,0,2144,0.0,1.0,2,0,4,1,Gd,7,Typ,2,TA,Attchd,1958.0,Fin,2.0,389.0,TA,TA,Y,0,98,0,0,0,0,,,Shed,500,6,2007,WD ,Normal,277000,129.19776119402985,mid,105.28488852188273,7,0,49,1,3588.0,2.5,42
2116,2117,906426195,60,RL,,53107,Pave,,IR2,Low,AllPub,Corner,Mod,ClearCr,Feedr,Norm,1Fam,2Story,6,5,1992,1992,Gable,CompShg,HdBoard,HdBoard,,0.0,Gd,TA,PConc,Gd,TA,Av,GLQ,985.0,Unf,0.0,595.0,1580.0,GasA,Ex,Y,SBrkr,1079,874,0,1953,1.0,0.0,2,1,3,1,Gd,9,Typ,2,Fa,Attchd,1992.0,Fin,2.0,501.0,TA,TA,Y,216,231,0,0,0,0,,,,0,6,2007,WD ,Normal,240000,122.88786482334869,mid,105.28488852188273,7,0,15,15,3533.0,3.5,30
2117,2118,906475110,60,RL,,12205,Pave,,IR1,Low,AllPub,Inside,Gtl,ClearCr,Norm,Norm,1Fam,2Story,6,8,1966,2007,Gable,CompShg,HdBoard,HdBoard,BrkFace,157.0,TA,TA,CBlock,TA,Fa,Gd,LwQ,568.0,Unf,0.0,264.0,832.0,GasA,Gd,Y,SBrkr,976,1111,0,2087,0.0,0.0,2,1,5,1,Gd,9,Typ,0,,Attchd,1966.0,Fin,2.0,444.0,TA,TA,Y,133,168,0,0,0,0,,,,0,7,2007,WD ,Normal,187500,89.8418782942022,mid,105.28488852188273,7,1,41,0,2919.0,2.5,48
2118,2119,906475170,20,RL,155.0,20064,Pave,,IR1,Low,AllPub,Inside,Sev,ClearCr,Norm,Norm,1Fam,1Story,8,6,1976,1976,Shed,WdShngl,Wd Sdng,Wd Sdng,,0.0,Gd,TA,CBlock,Gd,Gd,Gd,LwQ,51.0,GLQ,915.0,0.0,966.0,GasA,Ex,Y,SBrkr,1743,0,0,1743,2.0,0.0,0,1,0,1,Gd,5,Typ,2,Fa,Attchd,1976.0,Fin,2.0,529.0,TA,TA,Y,646,0,0,0,0,0,,,,0,5,2007,WD ,Normal,279000,160.06884681583477,high,162.81951112721563,2,0,31,31,2709.0,2.5,48
2119,2120,907125040,20,RL,,14217,Pave,,IR2,Lvl,AllPub,CulDSac,Gtl,CollgCr,Norm,Norm,1Fam,1Story,5,5,1994,1994,Gable,CompShg,VinylSd,VinylSd,,0.0,TA,TA,PConc,Gd,TA,No,ALQ,550.0,Unf,0.0,472.0,1022.0,GasA,Gd,Y,SBrkr,1022,0,0,1022,0.0,1.0,1,0,3,1,TA,6,Typ,0,,Detchd,1995.0,Unf,2.0,747.0,TA,TA,Y,0,0,0,0,0,0,,,,0,8,2007,WD ,Normal,139500,136.49706457925635,mid,134.2709284627093,23,0,13,13,2044.0,1.5,25
2120,2121,907125120,20,RL,65.0,8775,Pave,,Reg,Lvl,AllPub,Inside,Gtl,CollgCr,Norm,Norm,1Fam,1Story,5,5,1994,1994,Gable,CompShg,VinylSd,VinylSd,,0.0,TA,TA,PConc,Gd,TA,No,GLQ,495.0,Unf,0.0,495.0,990.0,GasA,Gd,Y,SBrkr,990,0,0,990,0.0,0.0,1,0,3,1,TA,5,Typ,0,,Attchd,1996.0,Unf,1.0,299.0,TA,TA,Y,0,64,0,0,0,0,,,,0,4,2007,WD ,Normal,126000,127.27272727272727,mid,134.2709284627093,23,0,13,13,1980.0,1.0,25
2121,2122,907130060,20,RL,105.0,11249,Pave,,IR2,Lvl,AllPub,Inside,Gtl,CollgCr,Norm,Norm,1Fam,1Story,6,5,1995,1995,Gable,CompShg,VinylSd,VinylSd,,0.0,Gd,Gd,PConc,Gd,Gd,No,ALQ,334.0,BLQ,544.0,322.0,1200.0,GasA,Ex,Y,SBrkr,1200,0,0,1200,1.0,0.0,2,0,3,1,Gd,6,Typ,0,,Attchd,1995.0,RFn,2.0,521.0,TA,TA,Y,0,26,0,0,0,0,,,,0,8,2007,WD ,Normal,177500,147.91666666666666,mid,134.2709284627093,23,0,12,12,2400.0,3.0,30
2122,2123,907131060,60,RL,57.0,10021,Pave,,IR1,Lvl,AllPub,Inside,Gtl,CollgCr,Norm,Norm,1Fam,2Story,6,6,1997,2006,Gable,CompShg,VinylSd,VinylSd,,0.0,TA,Gd,PConc,Gd,TA,No,GLQ,539.0,Unf,0.0,96.0,635.0,GasA,Ex,Y,SBrkr,646,662,0,1308,1.0,0.0,2,1,3,1,Gd,6,Typ,0,,Attchd,1997.0,RFn,2.0,497.0,TA,TA,Y,142,54,0,0,0,0,,,,0,5,2007,WD ,Normal,175000,133.79204892966362,mid,134.2709284627093,23,0,10,1,1943.0,3.5,36
2123,2124,907131120,60,RL,,9531,Pave,,IR1,Lvl,AllPub,CulDSac,Gtl,CollgCr,Norm,Norm,1Fam,2Story,6,5,1998,1998,Gable,CompShg,VinylSd,VinylSd,,0.0,TA,TA,PConc,Gd,TA,Mn,GLQ,706.0,Unf,0.0,88.0,794.0,GasA,Ex,Y,SBrkr,882,914,0,1796,1.0,0.0,2,1,3,1,TA,7,Typ,0,,Attchd,1998.0,RFn,2.0,546.0,TA,TA,Y,0,36,0,0,0,0,,MnPrv,,0,5,2007,WD ,Normal,211000,117.48329621380846,mid,134.2709284627093,23,1,9,9,2590.0,3.5,30
2124,2125,907135050,20,RL,60.0,8428,Pave,,IR2,Lvl,AllPub,Inside,Gtl,CollgCr,Norm,Norm,1Fam,1Story,5,7,1994,1994,Gable,CompShg,VinylSd,VinylSd,,0.0,TA,Gd,PConc,Gd,Gd,No,GLQ,420.0,Unf,0.0,570.0,990.0,GasA,Ex,Y,SBrkr,990,0,0,990,1.0,0.0,1,0,3,1,TA,5,Typ,0,,Detchd,1995.0,Unf,1.0,384.0,TA,TA,Y,256,0,0,0,0,0,,,,0,7,2007,WD ,Normal,146000,147.4747474747475,mid,134.2709284627093,23,0,13,13,1980.0,2.0,35
2125,2126,907135080,20,RL,70.0,16561,Pave,,IR2,Low,AllPub,Inside,Mod,CollgCr,Norm,Norm,1Fam,1Story,5,5,1996,1996,Gable,CompShg,VinylSd,VinylSd,,0.0,TA,TA,PConc,Gd,TA,No,ALQ,549.0,Unf,0.0,548.0,1097.0,GasA,Ex,Y,SBrkr,1097,0,0,1097,1.0,0.0,1,1,3,1,TA,6,Typ,0,,Attchd,1996.0,Unf,1.0,242.0,TA,TA,Y,306,0,0,0,0,0,,GdPrv,,0,7,2007,WD ,Normal,147900,134.82224247948952,mid,134.2709284627093,23,0,11,11,2194.0,2.5,25
2126,2127,907135180,20,RL,60.0,8070,Pave,,Reg,Lvl,AllPub,Inside,Gtl,CollgCr,Norm,Norm,1Fam,1Story,4,5,1994,1995,Gable,CompShg,VinylSd,VinylSd,,0.0,TA,TA,PConc,Gd,TA,No,GLQ,588.0,Unf,0.0,402.0,990.0,GasA,Ex,Y,SBrkr,990,0,0,990,1.0,0.0,1,0,3,1,TA,5,Typ,0,,,,,0.0,0.0,,,Y,0,0,0,0,0,0,,,,0,8,2007,WD ,Normal,123600,124.84848484848484,mid,134.2709284627093,23,0,13,12,1980.0,2.0,20
2127,2128,907180040,60,RL,69.0,9337,Pave,,IR1,Lvl,AllPub,Inside,Gtl,CollgCr,Norm,Norm,1Fam,2Story,6,5,1997,1997,Gable,CompShg,VinylSd,VinylSd,,0.0,TA,Gd,PConc,Gd,TA,No,GLQ,648.0,Unf,0.0,176.0,824.0,GasA,Ex,Y,SBrkr,905,881,0,1786,1.0,0.0,2,1,3,1,Gd,7,Typ,0,,Attchd,1997.0,RFn,2.0,684.0,TA,TA,Y,0,162,0,0,0,0,,,,0,5,2007,WD ,Normal,204750,114.64165733482643,mid,134.2709284627093,23,1,10,10,2610.0,3.5,30
2128,2129,907187040,60,RL,47.0,10820,Pave,,IR2,Lvl,AllPub,CulDSac,Gtl,CollgCr,Norm,Norm,1Fam,2Story,7,5,1999,1999,Gable,CompShg,VinylSd,VinylSd,,0.0,Gd,TA,PConc,Gd,TA,Gd,GLQ,342.0,Unf,0.0,646.0,988.0,GasA,Ex,Y,SBrkr,988,885,0,1873,0.0,0.0,2,1,3,1,Gd,7,Typ,1,TA,Attchd,1999.0,RFn,2.0,597.0,TA,TA,Y,202,123,0,0,0,0,,,,0,3,2007,WD ,Normal,235500,125.73411639081687,high,134.98323407750004,42,0,8,8,2861.0,2.5,35
2129,2130,907187060,60,RL,43.0,12352,Pave,,IR2,Lvl,AllPub,CulDSac,Gtl,CollgCr,Norm,Norm,1Fam,2Story,7,5,1998,1999,Gable,CompShg,VinylSd,VinylSd,BrkFace,290.0,Gd,TA,PConc,Gd,TA,No,GLQ,638.0,Unf,0.0,215.0,853.0,GasA,Ex,Y,SBrkr,853,900,0,1753,1.0,0.0,2,1,3,1,TA,7,Typ,1,Fa,Attchd,1998.0,RFn,2.0,534.0,TA,TA,Y,0,74,0,0,0,0,,,,0,3,2007,WD ,Normal,217000,123.78779235596122,high,134.98323407750004,42,0,9,8,2606.0,3.5,35
2130,2131,907192020,60,RL,68.0,9543,Pave,,IR1,Lvl,AllPub,Inside,Gtl,CollgCr,Norm,Norm,1Fam,2Story,7,5,2001,2001,Gable,CompShg,VinylSd,VinylSd,,0.0,Gd,TA,PConc,Gd,TA,No,Unf,0.0,Unf,0.0,845.0,845.0,GasA,Ex,Y,SBrkr,845,845,0,1690,0.0,0.0,2,1,3,1,Gd,7,Typ,0,,Attchd,2001.0,RFn,2.0,517.0,TA,TA,Y,0,103,0,0,0,0,,,,0,2,2007,WD ,Normal,190550,112.75147928994083,high,134.98323407750004,42,1,6,6,2535.0,2.5,35
2131,2132,907192040,60,RL,,8826,Pave,,Reg,Lvl,AllPub,Inside,Gtl,CollgCr,Norm,Norm,1Fam,2Story,7,5,2000,2000,Gable,CompShg,VinylSd,VinylSd,BrkFace,144.0,Gd,TA,PConc,Gd,TA,No,GLQ,841.0,Unf,0.0,144.0,985.0,GasA,Ex,Y,SBrkr,985,857,0,1842,1.0,0.0,2,1,3,1,Gd,7,Typ,1,TA,Attchd,2000.0,Fin,2.0,486.0,TA,TA,Y,193,96,0,0,0,0,,,,0,7,2007,WD ,Normal,217500,118.07817589576547,high,134.98323407750004,42,1,7,7,2827.0,3.5,35
2132,2133,907192120,20,RL,72.0,10665,Pave,,IR1,Lvl,AllPub,Inside,Gtl,CollgCr,Norm,Norm,1Fam,1Story,7,5,2003,2003,Gable,CompShg,VinylSd,VinylSd,BrkFace,167.0,Gd,TA,PConc,Gd,TA,Av,GLQ,1013.0,Unf,0.0,440.0,1453.0,GasA,Ex,Y,SBrkr,1479,0,0,1479,1.0,0.0,2,0,3,1,Gd,7,Typ,0,,Attchd,2003.0,RFn,2.0,558.0,TA,TA,Y,144,29,0,0,0,0,,,,0,6,2007,WD ,Normal,226000,152.80594996619337,high,134.98323407750004,42,0,4,4,2932.0,3.0,35
2133,2134,907192150,60,RL,72.0,11317,Pave,,Reg,Lvl,AllPub,Inside,Gtl,CollgCr,Norm,Norm,1Fam,2Story,7,5,2003,2003,Gable,CompShg,VinylSd,VinylSd,BrkFace,101.0,Gd,TA,PConc,Gd,TA,No,Unf,0.0,Unf,0.0,840.0,840.0,GasA,Ex,Y,SBrkr,840,828,0,1668,0.0,0.0,2,1,3,1,Gd,8,Typ,0,,Attchd,2003.0,RFn,2.0,500.0,TA,TA,Y,144,68,0,0,0,0,,,,0,9,2007,WD ,Normal,180000,107.9136690647482,high,134.98323407750004,42,1,4,4,2508.0,2.5,35
2134,2135,907200130,20,RL,97.0,11800,Pave,,IR1,Bnk,AllPub,Inside,Gtl,CollgCr,Norm,Norm,1Fam,1Story,5,5,1974,1974,Gable,CompShg,HdBoard,HdBoard,,0.0,TA,TA,CBlock,Gd,TA,Av,BLQ,663.0,Unf,0.0,201.0,864.0,GasA,TA,Y,SBrkr,894,0,0,894,0.0,0.0,1,0,3,1,TA,5,Typ,0,,Attchd,1974.0,Unf,2.0,440.0,TA,TA,Y,0,0,0,0,0,0,,,,0,8,2007,WD ,Family,131000,146.5324384787472,mid,134.2709284627093,23,0,33,33,1758.0,1.0,25
2135,2136,907200190,80,RL,59.0,8660,Pave,,IR1,Lvl,AllPub,Inside,Gtl,CollgCr,Norm,Norm,1Fam,SLvl,5,5,1976,1976,Gable,CompShg,VinylSd,VinylSd,BrkFace,113.0,TA,Gd,CBlock,Gd,TA,Av,GLQ,502.0,Unf,0.0,513.0,1015.0,GasA,TA,Y,SBrkr,1025,0,0,1025,0.0,0.0,2,0,3,1,TA,6,Typ,1,Fa,Detchd,1979.0,Unf,2.0,370.0,TA,TA,Y,127,0,0,0,0,0,,,,0,7,2007,WD ,Normal,153500,149.7560975609756,mid,134.2709284627093,23,0,31,31,2040.0,2.0,25
2136,2137,907200250,80,RL,72.0,9720,Pave,,Reg,Lvl,AllPub,Inside,Gtl,CollgCr,Norm,Norm,1Fam,SLvl,5,7,1977,1977,Gable,CompShg,Plywood,VinylSd,BrkFace,51.0,TA,TA,CBlock,TA,Ex,Av,ALQ,755.0,Unf,0.0,240.0,995.0,GasA,TA,Y,SBrkr,1009,0,0,1009,0.0,0.0,2,0,3,1,TA,6,Typ,1,Fa,Detchd,1977.0,Unf,2.0,576.0,TA,TA,Y,0,0,0,0,0,0,,MnPrv,,0,6,2007,WD ,Normal,160000,158.57284440039643,mid,134.2709284627093,23,0,30,30,2004.0,2.0,35
2137,2138,907200270,20,RL,45.0,8982,Pave,,IR1,Lvl,AllPub,CulDSac,Gtl,CollgCr,Norm,Norm,1Fam,1Story,5,5,1977,1977,Gable,CompShg,CemntBd,CmentBd,,0.0,TA,TA,CBlock,Gd,TA,Av,ALQ,539.0,Unf,0.0,501.0,1040.0,GasA,TA,Y,SBrkr,1040,0,0,1040,0.0,0.0,1,1,3,1,TA,5,Typ,0,,Detchd,1977.0,Unf,2.0,748.0,TA,TA,Y,0,0,0,0,0,0,,MnPrv,,0,1,2007,WD ,Normal,134900,129.71153846153845,mid,134.2709284627093,23,0,30,30,2080.0,1.5,25
2138,2139,907202100,20,RL,39.0,16300,Pave,,IR1,Lvl,AllPub,CulDSac,Gtl,CollgCr,Norm,Norm,1Fam,1Story,5,4,1977,1977,Gable,CompShg,HdBoard,HdBoard,,0.0,TA,TA,CBlock,Gd,TA,Av,Rec,60.0,BLQ,417.0,399.0,876.0,GasA,TA,Y,SBrkr,907,0,0,907,1.0,0.0,1,0,3,1,TA,5,Typ,0,,Attchd,1977.0,RFn,1.0,308.0,TA,TA,Y,0,0,0,0,0,0,,MnPrv,,0,1,2007,WD ,Normal,130000,143.32965821389195,mid,134.2709284627093,23,0,30,30,1783.0,2.0,20
2139,2140,907202220,20,RL,75.0,9675,Pave,,Reg,Lvl,AllPub,Corner,Gtl,CollgCr,Norm,Norm,1Fam,1Story,5,6,1975,1975,Hip,CompShg,HdBoard,HdBoard,,0.0,TA,TA,CBlock,TA,TA,No,BLQ,330.0,Rec,432.0,102.0,864.0,GasA,TA,Y,SBrkr,879,0,0,879,0.0,0.0,1,0,3,1,TA,5,Typ,0,,Attchd,1975.0,Unf,2.0,440.0,TA,TA,Y,0,80,0,0,0,0,,,,0,9,2007,Con,Normal,120000,136.51877133105802,mid,134.2709284627093,23,0,32,32,1743.0,1.0,30
2140,2141,907203060,20,RL,70.0,7700,Pave,,Reg,Lvl,AllPub,Corner,Gtl,CollgCr,Norm,Norm,1Fam,1Story,5,5,1972,1972,Gable,CompShg,VinylSd,VinylSd,,0.0,TA,TA,CBlock,TA,TA,No,LwQ,138.0,Rec,468.0,276.0,882.0,GasA,TA,Y,SBrkr,882,0,0,882,1.0,0.0,1,0,3,1,TA,5,Typ,0,,Detchd,1980.0,Unf,2.0,461.0,TA,TA,Y,96,0,0,0,0,0,,MnPrv,,0,3,2007,WD ,Normal,112500,127.55102040816327,mid,134.2709284627093,23,0,35,35,1764.0,2.0,25
2141,2142,907203110,20,RL,120.0,10356,Pave,,Reg,Lvl,AllPub,Corner,Gtl,CollgCr,Norm,Norm,1Fam,1Story,5,6,1975,1975,Gable,CompShg,HdBoard,HdBoard,,0.0,TA,TA,CBlock,TA,TA,Av,BLQ,716.0,Unf,0.0,253.0,969.0,GasA,TA,Y,SBrkr,969,0,0,969,0.0,0.0,1,1,3,1,TA,5,Typ,0,,Attchd,1975.0,Unf,2.0,440.0,TA,TA,Y,0,0,0,0,0,0,,MnPrv,,0,1,2007,WD ,Normal,122000,125.90299277605779,mid,134.2709284627093,23,0,32,32,1938.0,1.5,30
2142,2143,907227060,20,RL,60.0,7200,Pave,,Reg,Lvl,AllPub,Inside,Gtl,CollgCr,Norm,Norm,1Fam,1Story,5,5,1972,2000,Gable,CompShg,VinylSd,VinylSd,,0.0,TA,TA,CBlock,TA,TA,No,ALQ,671.0,Unf,0.0,193.0,864.0,GasA,Gd,Y,SBrkr,864,0,0,864,1.0,0.0,1,0,3,1,Ex,5,Typ,0,,Detchd,1977.0,Fin,2.0,576.0,Gd,Ex,Y,155,0,0,0,0,0,,,,0,9,2007,WD ,Normal,127000,146.99074074074073,mid,134.2709284627093,23,0,35,7,1728.0,2.0,25
2143,2144,907227100,20,RL,60.0,7200,Pave,,Reg,Lvl,AllPub,Inside,Gtl,CollgCr,Norm,Norm,1Fam,1Story,4,8,1972,2006,Gable,CompShg,Plywood,Plywood,,0.0,TA,Gd,CBlock,TA,TA,No,Rec,385.0,Unf,0.0,0.0,385.0,GasA,Gd,Y,SBrkr,875,0,0,875,0.0,0.0,1,0,3,1,Gd,5,Typ,0,,Detchd,1975.0,Unf,2.0,728.0,TA,TA,Y,352,0,0,0,0,0,,,,0,10,2007,WD ,Normal,117000,133.71428571428572,mid,134.2709284627093,23,0,35,1,1260.0,1.0,32
2144,2145,907250050,20,RL,80.0,10386,Pave,,Reg,Lvl,AllPub,Inside,Gtl,CollgCr,Norm,Norm,1Fam,1Story,8,5,2004,2005,Gable,CompShg,CemntBd,CmentBd,Stone,246.0,Gd,TA,PConc,Gd,TA,No,GLQ,1464.0,Unf,0.0,536.0,2000.0,GasA,Ex,Y,SBrkr,2000,0,0,2000,1.0,0.0,2,0,3,1,Gd,8,Typ,0,,Attchd,2004.0,Fin,3.0,888.0,TA,TA,Y,168,0,0,0,0,0,,,,0,7,2007,WD ,Normal,305900,152.95,high,134.98323407750004,42,0,3,2,4000.0,3.0,40
2145,2146,907252020,60,RL,,9375,Pave,,Reg,Lvl,AllPub,Inside,Gtl,CollgCr,Norm,Norm,1Fam,2Story,8,5,2002,2002,Gable,CompShg,VinylSd,VinylSd,BrkFace,149.0,Gd,TA,PConc,Gd,TA,No,Unf,0.0,Unf,0.0,1284.0,1284.0,GasA,Ex,Y,SBrkr,1284,885,0,2169,0.0,0.0,2,1,3,1,Gd,7,Typ,1,Gd,Attchd,2002.0,RFn,2.0,647.0,TA,TA,Y,192,87,0,0,0,0,,,,0,8,2007,WD ,Normal,228500,105.3480866758875,high,134.98323407750004,42,1,5,5,3453.0,2.5,40
2146,2147,907252190,20,RL,,11354,Pave,,Reg,Lvl,AllPub,Inside,Gtl,CollgCr,Norm,Norm,1Fam,1Story,7,5,2000,2000,Gable,CompShg,VinylSd,VinylSd,,0.0,Gd,TA,PConc,TA,TA,Gd,GLQ,1412.0,Unf,0.0,261.0,1673.0,GasA,Ex,Y,SBrkr,1673,0,0,1673,1.0,0.0,2,0,3,1,Gd,7,Typ,1,TA,Attchd,2000.0,RFn,2.0,583.0,TA,TA,Y,306,113,0,0,116,0,,,,0,1,2007,WD ,Normal,270000,161.38673042438734,high,134.98323407750004,42,0,7,7,3346.0,3.0,35
2147,2148,907260040,20,RL,70.0,8749,Pave,,Reg,Lvl,AllPub,Inside,Gtl,CollgCr,Norm,Norm,1Fam,1Story,7,5,2002,2002,Gable,CompShg,VinylSd,VinylSd,BrkFace,100.0,Gd,TA,PConc,Gd,TA,No,Unf,0.0,Unf,0.0,1459.0,1459.0,GasA,Ex,Y,SBrkr,1459,0,0,1459,0.0,0.0,2,0,3,1,Gd,6,Typ,1,Gd,Attchd,2002.0,RFn,2.0,527.0,TA,TA,Y,192,39,0,0,0,0,,,,0,9,2007,WD ,Normal,192000,131.59698423577794,high,134.98323407750004,42,0,5,5,2918.0,2.0,35
2148,2149,907260050,60,RL,70.0,8749,Pave,,Reg,Lvl,AllPub,Inside,Gtl,CollgCr,Norm,Norm,1Fam,2Story,7,5,2003,2003,Gable,CompShg,VinylSd,VinylSd,,0.0,Gd,TA,PConc,Gd,TA,No,GLQ,654.0,Unf,0.0,325.0,979.0,GasA,Ex,Y,SBrkr,992,940,0,1932,1.0,0.0,2,1,3,1,Gd,7,Typ,1,Gd,Attchd,2003.0,RFn,2.0,610.0,TA,TA,Y,0,120,0,0,0,0,,,,0,6,2007,WD ,Normal,213000,110.24844720496894,high,134.98323407750004,42,1,4,4,2911.0,3.5,35
2149,2150,907262020,60,RL,65.0,8158,Pave,,Reg,Lvl,AllPub,Inside,Gtl,CollgCr,Norm,Norm,1Fam,2Story,7,5,2002,2002,Gable,CompShg,VinylSd,VinylSd,BrkFace,214.0,Gd,TA,PConc,Gd,TA,No,Unf,0.0,Unf,0.0,860.0,860.0,GasA,Ex,Y,SBrkr,860,869,0,1729,0.0,0.0,2,1,3,1,Gd,7,Typ,0,,Attchd,2002.0,Fin,2.0,542.0,TA,TA,Y,386,63,0,0,0,0,,,,0,8,2007,WD ,Normal,200000,115.6737998843262,high,134.98323407750004,42,1,5,5,2589.0,2.5,35
2150,2151,907270040,60,RL,66.0,16226,Pave,,IR3,Lvl,AllPub,Inside,Gtl,CollgCr,Norm,Norm,1Fam,2Story,8,5,1998,1999,Gable,CompShg,VinylSd,VinylSd,,0.0,Gd,TA,PConc,Gd,TA,No,GLQ,281.0,Unf,0.0,747.0,1028.0,GasA,Ex,Y,SBrkr,1210,1242,0,2452,0.0,0.0,2,1,4,1,Gd,9,Typ,1,TA,BuiltIn,1998.0,Fin,2.0,683.0,TA,TA,Y,208,50,0,0,0,0,,,,0,5,2007,WD ,Normal,267000,108.89070146818923,high,134.98323407750004,42,1,9,8,3480.0,2.5,40
2151,2152,907275080,20,RL,73.0,11927,Pave,,Reg,Lvl,AllPub,Inside,Gtl,CollgCr,Norm,Norm,1Fam,1Story,8,5,1994,1995,Hip,CompShg,HdBoard,HdBoard,BrkFace,519.0,Gd,TA,PConc,Gd,TA,Gd,BLQ,408.0,GLQ,465.0,683.0,1556.0,GasA,Ex,Y,SBrkr,1592,0,0,1592,0.0,0.0,2,0,3,1,Gd,7,Typ,1,TA,Attchd,1994.0,Fin,2.0,484.0,TA,TA,Y,120,35,0,0,0,0,,,,0,6,2007,WD ,Normal,228000,143.21608040201005,high,134.98323407750004,42,0,13,12,3148.0,2.0,40
2152,2153,907275150,60,RL,,12728,Pave,,Reg,Lvl,AllPub,Inside,Gtl,CollgCr,Norm,Norm,1Fam,2Story,8,5,2001,2001,Gable,CompShg,VinylSd,VinylSd,BrkFace,256.0,Gd,TA,PConc,Gd,TA,Mn,GLQ,1198.0,Unf,0.0,333.0,1531.0,GasA,Ex,Y,SBrkr,1531,908,0,2439,1.0,0.0,2,1,4,1,Gd,7,Typ,1,TA,Attchd,2001.0,Fin,2.0,560.0,TA,TA,Y,184,121,0,0,0,0,,,,0,1,2007,WD ,Normal,275000,112.75112751127512,high,134.98323407750004,42,1,6,6,3970.0,3.5,40
2153,2154,907280090,60,RL,,15295,Pave,,IR3,Lvl,AllPub,Corner,Gtl,CollgCr,Norm,Norm,1Fam,2Story,7,5,1996,2002,Gable,CompShg,VinylSd,VinylSd,BrkFace,254.0,Gd,TA,PConc,Gd,TA,Mn,GLQ,762.0,Unf,0.0,98.0,860.0,GasA,Ex,Y,SBrkr,1212,780,0,1992,1.0,0.0,2,1,3,1,Gd,7,Min2,2,TA,Attchd,1996.0,RFn,2.0,608.0,TA,TA,Y,225,32,0,0,0,0,,,,0,6,2007,WD ,Normal,211000,105.92369477911646,high,134.98323407750004,42,1,11,5,2852.0,3.5,35
2154,2155,907280100,20,RL,90.0,11248,Pave,,IR1,Lvl,AllPub,Corner,Gtl,CollgCr,Norm,Norm,1Fam,1Story,9,5,2002,2002,Hip,CompShg,VinylSd,VinylSd,Stone,215.0,Gd,TA,PConc,Gd,TA,Av,GLQ,1059.0,Unf,0.0,567.0,1626.0,GasA,Ex,Y,SBrkr,1668,0,0,1668,1.0,0.0,2,0,3,1,Gd,7,Typ,1,TA,Attchd,2002.0,Fin,3.0,702.0,TA,TA,Y,257,45,0,0,0,0,,,,0,7,2007,WD ,Normal,285000,170.86330935251797,high,134.98323407750004,42,0,5,5,3294.0,3.0,45
2155,2156,907285040,60,RL,80.0,10000,Pave,,Reg,Lvl,AllPub,Inside,Gtl,CollgCr,Norm,Norm,1Fam,2Story,8,5,1995,1996,Gable,CompShg,VinylSd,VinylSd,BrkFace,438.0,Gd,TA,PConc,Gd,TA,No,GLQ,1079.0,Unf,0.0,141.0,1220.0,GasA,Ex,Y,SBrkr,1220,870,0,2090,1.0,0.0,2,1,3,1,Gd,8,Typ,1,TA,Attchd,1995.0,RFn,2.0,556.0,TA,TA,Y,0,65,0,0,0,0,,,,0,12,2007,WD ,Normal,240000,114.83253588516746,high,134.98323407750004,42,1,12,11,3310.0,3.5,40
2156,2157,907290140,120,RM,36.0,4435,Pave,,Reg,Lvl,AllPub,Inside,Gtl,CollgCr,Norm,Norm,TwnhsE,1Story,6,5,2003,2003,Gable,CompShg,VinylSd,VinylSd,BrkFace,170.0,Gd,TA,PConc,Gd,TA,Av,GLQ,659.0,Unf,0.0,189.0,848.0,GasA,Ex,Y,SBrkr,848,0,0,848,1.0,0.0,1,0,1,1,Gd,3,Typ,0,,Attchd,2003.0,Fin,2.0,420.0,TA,TA,Y,140,0,0,0,0,0,,,,0,11,2007,WD ,Normal,131500,155.07075471698113,mid,134.2709284627093,23,0,4,4,1696.0,2.0,30
2157,2158,907295040,20,RL,73.0,17227,Pave,,IR2,Lvl,AllPub,CulDSac,Mod,CollgCr,Norm,Norm,1Fam,1Story,8,5,1999,2000,Gable,CompShg,VinylSd,VinylSd,BrkFace,158.0,Gd,TA,PConc,Gd,TA,Gd,GLQ,915.0,Unf,0.0,426.0,1341.0,GasA,Ex,Y,SBrkr,1341,0,0,1341,1.0,0.0,1,1,1,1,Gd,5,Typ,1,TA,Attchd,1999.0,RFn,2.0,482.0,TA,TA,Y,240,84,0,0,0,0,,,,0,1,2007,WD ,Normal,246900,184.11633109619686,high,134.98323407750004,42,0,8,7,2682.0,2.5,40
2158,2159,907401060,60,RL,65.0,8200,Pave,,Reg,Lvl,AllPub,Inside,Gtl,CollgCr,Norm,Norm,1Fam,2Story,7,5,2003,2004,Gable,CompShg,VinylSd,VinylSd,,0.0,Gd,TA,PConc,Gd,TA,No,Unf,0.0,Unf,0.0,847.0,847.0,GasA,Ex,Y,SBrkr,847,1081,0,1928,0.0,0.0,2,1,4,1,Gd,8,Typ,1,Gd,BuiltIn,2003.0,Fin,2.0,434.0,TA,TA,Y,100,48,0,0,0,0,,,,0,7,2007,WD ,Normal,219500,113.84854771784232,high,134.98323407750004,42,1,4,3,2775.0,2.5,35
2159,2160,907405130,20,RL,65.0,8450,Pave,,Reg,Lvl,AllPub,Inside,Gtl,CollgCr,Norm,Norm,1Fam,1Story,7,5,2003,2003,Gable,CompShg,VinylSd,VinylSd,,0.0,Gd,TA,PConc,Gd,TA,Mn,GLQ,699.0,Unf,0.0,638.0,1337.0,GasA,Ex,Y,SBrkr,1337,0,0,1337,1.0,0.0,2,0,3,1,Gd,6,Typ,0,,Attchd,2003.0,RFn,2.0,531.0,TA,TA,Y,0,39,0,0,0,0,,,,0,10,2007,WD ,Normal,185000,138.36948391922215,high,134.98323407750004,42,0,4,4,2674.0,3.0,35
2160,2161,907410020,60,RL,70.0,8145,Pave,,IR1,Lvl,AllPub,Inside,Gtl,CollgCr,Norm,Norm,1Fam,2Story,7,5,2007,2007,Gable,CompShg,VinylSd,VinylSd,,0.0,Gd,TA,PConc,Gd,TA,No,Unf,0.0,Unf,0.0,738.0,738.0,GasA,Ex,Y,SBrkr,738,738,0,1476,0.0,0.0,2,1,3,1,Gd,7,Typ,0,,Attchd,2007.0,RFn,2.0,552.0,TA,TA,Y,0,35,0,0,0,0,,,,0,6,2007,New,Partial,179400,121.54471544715447,high,134.98323407750004,42,0,0,0,2214.0,2.5,35
2161,2162,907410050,60,RL,79.0,9245,Pave,,IR1,Lvl,AllPub,Inside,Gtl,CollgCr,Norm,Norm,1Fam,2Story,7,5,2006,2006,Gable,CompShg,VinylSd,VinylSd,,0.0,Gd,TA,PConc,Gd,TA,Av,Unf,0.0,Unf,0.0,939.0,939.0,GasA,Ex,Y,SBrkr,939,858,0,1797,0.0,0.0,2,1,3,1,Gd,8,Typ,0,,Attchd,2006.0,RFn,2.0,639.0,TA,TA,Y,144,53,0,0,0,0,,,,0,4,2007,WD ,Normal,213500,118.80912632164718,high,134.98323407750004,42,1,1,1,2736.0,2.5,35
2162,2163,907414060,20,RL,63.0,8500,Pave,,Reg,Lvl,AllPub,FR2,Gtl,CollgCr,Norm,Norm,1Fam,1Story,7,5,2004,2004,Gable,CompShg,VinylSd,VinylSd,BrkFace,106.0,Gd,TA,PConc,Gd,TA,Av,Unf,0.0,Unf,0.0,1422.0,1422.0,GasA,Ex,Y,SBrkr,1422,0,0,1422,0.0,0.0,2,0,3,1,Gd,7,Typ,0,,Attchd,2004.0,RFn,2.0,626.0,TA,TA,Y,192,60,0,0,0,0,,,,0,11,2007,WD ,Normal,179600,126.30098452883263,high,134.98323407750004,42,0,3,3,2844.0,2.0,35
2163,2164,907414070,20,RL,65.0,8769,Pave,,Reg,Lvl,AllPub,FR2,Gtl,CollgCr,Norm,Norm,1Fam,1Story,7,5,2005,2005,Gable,CompShg,VinylSd,VinylSd,,0.0,Gd,TA,PConc,Gd,TA,Av,GLQ,709.0,Unf,0.0,460.0,1169.0,GasA,Ex,Y,SBrkr,1190,0,0,1190,1.0,0.0,2,0,2,1,Gd,5,Typ,0,,Attchd,2005.0,RFn,2.0,578.0,TA,TA,Y,100,41,0,0,0,0,,,,0,10,2007,WD ,Normal,173500,145.7983193277311,high,134.98323407750004,42,0,2,2,2359.0,3.0,35
2164,2165,907420050,20,RL,64.0,8334,Pave,,Reg,Lvl,AllPub,Inside,Gtl,CollgCr,Norm,Norm,1Fam,1Story,6,5,2006,2007,Gable,CompShg,VinylSd,VinylSd,,0.0,Gd,TA,PConc,Gd,TA,No,Unf,0.0,Unf,0.0,1330.0,1330.0,GasA,Ex,Y,SBrkr,1330,0,0,1330,0.0,0.0,2,0,3,1,Gd,6,Typ,1,Gd,Attchd,2006.0,Fin,2.0,437.0,TA,TA,Y,0,23,0,0,0,0,,,,0,7,2007,New,Partial,167840,126.19548872180451,mid,134.2709284627093,23,0,1,0,2660.0,2.0,30
2165,2166,907420060,60,RL,64.0,8333,Pave,,Reg,Lvl,AllPub,Inside,Gtl,CollgCr,Norm,Norm,1Fam,2Story,7,5,2006,2006,Gable,CompShg,VinylSd,VinylSd,,0.0,Gd,TA,PConc,Gd,TA,No,Unf,0.0,Unf,0.0,738.0,738.0,GasA,Gd,Y,SBrkr,738,753,0,1491,0.0,0.0,2,1,3,1,Gd,7,Typ,1,Gd,Attchd,2006.0,RFn,2.0,484.0,TA,TA,Y,100,30,0,0,0,0,,,,0,5,2007,WD ,Normal,168675,113.12877263581488,high,134.98323407750004,42,1,1,1,2229.0,2.5,35
2166,2167,907420110,60,RL,64.0,9045,Pave,,IR1,Lvl,AllPub,Inside,Gtl,CollgCr,Norm,Norm,1Fam,2Story,5,5,2005,2005,Gable,CompShg,VinylSd,VinylSd,,0.0,Gd,TA,PConc,Gd,TA,Mn,Unf,0.0,Unf,0.0,768.0,768.0,GasA,Ex,Y,SBrkr,768,768,0,1536,0.0,0.0,2,1,3,1,Gd,6,Typ,0,,Attchd,2005.0,Fin,2.0,400.0,TA,TA,Y,0,40,0,0,0,0,,,,0,6,2007,WD ,Normal,167000,108.72395833333333,mid,134.2709284627093,23,1,2,2,2304.0,2.5,25
2167,2168,908102100,20,RL,70.0,9170,Pave,,Reg,Lvl,AllPub,Corner,Gtl,Edwards,Feedr,Norm,1Fam,1Story,5,7,1965,1965,Hip,CompShg,MetalSd,MetalSd,,0.0,TA,TA,CBlock,TA,TA,No,ALQ,698.0,GLQ,96.0,420.0,1214.0,GasA,Ex,Y,SBrkr,1214,0,0,1214,1.0,0.0,1,0,2,1,TA,6,Typ,0,,Detchd,1965.0,Unf,2.0,461.0,Fa,Fa,Y,0,0,184,0,0,0,,GdPrv,Shed,400,4,2007,WD ,Normal,140000,115.32125205930807,mid,111.85768715889198,38,0,42,42,2428.0,2.0,35
2168,2169,908102160,85,RL,75.0,9825,Pave,,Reg,Low,AllPub,Inside,Gtl,Edwards,Norm,Norm,1Fam,SFoyer,5,5,1967,1967,Gable,CompShg,HdBoard,HdBoard,BrkFace,162.0,TA,TA,CBlock,Gd,TA,Gd,ALQ,936.0,Unf,0.0,0.0,936.0,GasA,Gd,Y,SBrkr,936,0,0,936,1.0,0.0,1,0,2,1,TA,4,Typ,1,Fa,Attchd,1967.0,Unf,1.0,384.0,TA,TA,Y,405,0,0,0,0,0,,,Shed,450,8,2007,WD ,Abnorml,118500,126.6025641025641,mid,111.85768715889198,38,0,40,40,1872.0,2.0,25
2169,2170,908103090,20,RL,67.0,8308,Pave,,Reg,Lvl,AllPub,Inside,Gtl,Edwards,Norm,Norm,1Fam,1Story,4,6,1963,1963,Gable,CompShg,VinylSd,VinylSd,Stone,20.0,TA,Gd,CBlock,TA,TA,No,BLQ,132.0,LwQ,841.0,115.0,1088.0,GasA,TA,Y,SBrkr,1088,0,0,1088,0.0,0.0,1,0,2,1,TA,4,Typ,0,,Detchd,2002.0,Unf,2.0,520.0,TA,TA,P,0,0,0,0,0,0,,,,0,6,2007,COD,Normal,110000,101.1029411764706,mid,111.85768715889198,38,0,44,44,2176.0,1.0,24
2170,2171,908127040,20,RL,73.0,10921,Pave,,Reg,HLS,AllPub,Inside,Gtl,Edwards,Norm,Norm,1Fam,1Story,4,5,1965,1965,Hip,CompShg,HdBoard,HdBoard,BrkFace,48.0,TA,TA,CBlock,TA,TA,No,Rec,520.0,Unf,0.0,440.0,960.0,GasA,TA,Y,FuseF,960,0,0,960,1.0,0.0,1,0,3,1,TA,6,Typ,0,,Attchd,1965.0,Fin,1.0,432.0,TA,TA,P,120,0,0,0,0,0,,,,0,5,2007,WD ,Normal,94750,98.69791666666667,mid,111.85768715889198,38,1,42,42,1920.0,2.0,20
2171,2172,908127060,50,RL,74.0,16287,Pave,,Reg,Lvl,AllPub,Inside,Gtl,Edwards,Norm,Norm,1Fam,1.5Fin,5,6,1925,1950,Gable,CompShg,VinylSd,VinylSd,,0.0,TA,Gd,CBlock,TA,TA,No,ALQ,130.0,BLQ,105.0,666.0,901.0,GasA,TA,Y,SBrkr,901,450,0,1351,1.0,0.0,1,0,3,1,TA,7,Typ,1,Gd,Detchd,1975.0,Unf,2.0,576.0,TA,TA,N,0,0,43,0,100,0,,,,0,7,2007,WD ,Normal,122000,90.30347890451517,mid,111.85768715889198,38,1,82,57,2252.0,2.0,30
2172,2173,908127070,20,RL,80.0,8240,Pave,,Reg,Lvl,AllPub,Inside,Gtl,Edwards,Norm,Norm,1Fam,1Story,6,6,1960,1960,Hip,CompShg,HdBoard,HdBoard,Stone,198.0,TA,TA,CBlock,TA,TA,No,Unf,0.0,Unf,0.0,1179.0,1179.0,GasA,Gd,Y,SBrkr,1179,0,0,1179,0.0,0.0,1,0,2,1,TA,5,Min2,0,,Attchd,1960.0,Fin,2.0,622.0,TA,TA,P,0,0,0,0,0,0,,GdPrv,,0,6,2007,WD ,Normal,110000,93.29940627650551,mid,111.85768715889198,38,1,47,47,2358.0,1.0,36
2173,2174,908127100,90,RL,81.0,11841,Grvl,,Reg,Lvl,AllPub,Inside,Gtl,Edwards,Norm,Norm,Duplex,SFoyer,6,5,1990,1990,Gable,CompShg,HdBoard,HdBoard,BrkFace,104.0,TA,Gd,CBlock,Gd,TA,Av,GLQ,816.0,Unf,0.0,0.0,816.0,GasA,TA,Y,SBrkr,816,0,0,816,1.0,0.0,1,0,3,1,TA,5,Typ,0,,,,,0.0,0.0,,,Y,0,32,0,0,0,0,,,,0,5,2007,WD ,Normal,118500,145.22058823529412,mid,111.85768715889198,38,0,17,17,1632.0,2.0,30
2174,2175,908152060,80,RL,65.0,6285,Pave,,Reg,Lvl,AllPub,Inside,Gtl,Edwards,Norm,Norm,1Fam,SLvl,6,6,1976,1976,Gable,CompShg,HdBoard,Plywood,,0.0,TA,Fa,CBlock,TA,TA,Av,GLQ,504.0,Unf,0.0,456.0,960.0,GasA,TA,Y,SBrkr,1044,0,0,1044,1.0,0.0,1,0,3,1,TA,7,Typ,1,Fa,Detchd,1976.0,Unf,2.0,528.0,TA,Fa,Y,228,0,0,0,0,0,,,,0,4,2007,WD ,Normal,133500,127.8735632183908,mid,111.85768715889198,38,0,31,31,2004.0,2.0,36
2175,2176,908152070,20,RL,,7917,Pave,,IR1,Lvl,AllPub,Corner,Gtl,Edwards,Norm,Norm,1Fam,1Story,6,7,1976,1976,Hip,CompShg,HdBoard,HdBoard,BrkFace,174.0,TA,Gd,CBlock,TA,Gd,No,BLQ,751.0,Unf,0.0,392.0,1143.0,GasA,TA,Y,SBrkr,1113,0,0,1113,1.0,0.0,1,1,3,1,TA,6,Typ,1,Fa,Attchd,1987.0,RFn,1.0,504.0,TA,Gd,Y,370,30,0,0,0,0,,GdPrv,,0,5,2007,WD ,Normal,148000,132.973944294699,mid,111.85768715889198,38,0,31,31,2256.0,2.5,42
2176,2177,908152180,90,RL,,9555,Pave,,IR1,Lvl,AllPub,CulDSac,Gtl,Edwards,Norm,Norm,Duplex,2Story,5,6,1979,1979,Gable,CompShg,Plywood,Plywood,,0.0,TA,TA,Slab,,,,,0.0,,0.0,0.0,0.0,GasA,TA,Y,SBrkr,1100,1133,0,2233,0.0,0.0,2,1,5,2,TA,11,Typ,0,,Attchd,1979.0,Fin,2.0,579.0,TA,Gd,Y,0,0,0,0,0,0,,,,0,2,2007,WD ,Normal,141000,63.14375279892521,mid,111.85768715889198,38,1,28,28,2233.0,2.5,30
2177,2178,908152260,20,RL,74.0,8536,Pave,,Reg,Lvl,AllPub,Corner,Gtl,Edwards,Norm,Norm,1Fam,1Story,5,5,2006,2007,Gable,CompShg,VinylSd,VinylSd,,0.0,TA,TA,PConc,Gd,TA,No,Unf,0.0,Unf,0.0,1125.0,1125.0,GasA,Gd,Y,SBrkr,1125,0,0,1125,0.0,0.0,1,1,2,1,TA,5,Typ,0,,Attchd,2007.0,Unf,2.0,430.0,TA,TA,Y,80,64,0,0,0,0,,,,0,4,2007,New,Partial,155000,137.77777777777777,mid,111.85768715889198,38,0,1,0,2250.0,1.5,25
2178,2179,908152280,20,RL,60.0,7024,Pave,,Reg,Lvl,AllPub,Inside,Gtl,Edwards,Norm,Norm,1Fam,1Story,5,5,2005,2006,Gable,CompShg,VinylSd,VinylSd,,0.0,TA,TA,PConc,Ex,Gd,No,ALQ,980.0,Unf,0.0,110.0,1090.0,GasA,Gd,Y,SBrkr,1090,0,0,1090,1.0,0.0,1,1,2,1,TA,5,Typ,0,,Attchd,2005.0,Fin,2.0,450.0,TA,TA,Y,0,49,0,0,0,0,,,,0,6,2007,WD ,Normal,157000,144.03669724770643,mid,111.85768715889198,38,0,2,1,2180.0,2.5,25
2179,2180,908152290,60,RL,60.0,7023,Pave,,Reg,Lvl,AllPub,Inside,Gtl,Edwards,Norm,Norm,1Fam,2Story,5,5,2005,2006,Gable,CompShg,VinylSd,VinylSd,,0.0,TA,TA,PConc,Gd,Gd,No,GLQ,611.0,Unf,0.0,123.0,734.0,GasA,Gd,Y,SBrkr,734,674,0,1408,1.0,0.0,2,1,3,1,TA,6,Typ,0,,BuiltIn,2005.0,Fin,2.0,489.0,TA,TA,Y,0,85,0,0,0,0,,,,0,5,2007,WD ,Normal,171500,121.80397727272727,mid,111.85768715889198,38,0,2,1,2142.0,3.5,25
2180,2181,908154195,20,RL,128.0,39290,Pave,,IR1,Bnk,AllPub,Inside,Gtl,Edwards,Norm,Norm,1Fam,1Story,10,5,2008,2009,Hip,CompShg,CemntBd,CmentBd,Stone,1224.0,Ex,TA,PConc,Ex,TA,Gd,GLQ,4010.0,Unf,0.0,1085.0,5095.0,GasA,Ex,Y,SBrkr,5095,0,0,5095,1.0,1.0,2,1,2,1,Ex,15,Typ,2,Gd,Attchd,2008.0,Fin,3.0,1154.0,TA,TA,Y,546,484,0,0,0,0,,,Elev,17000,10,2007,New,Partial,183850,36.084396467124634,high,37.79733082552126,2,0,-1,-2,10190.0,4.0,50
2181,2182,908154205,60,RL,130.0,40094,Pave,,IR1,Bnk,AllPub,Inside,Gtl,Edwards,PosN,PosN,1Fam,2Story,10,5,2007,2008,Hip,CompShg,CemntBd,CmentBd,Stone,762.0,Ex,TA,PConc,Ex,TA,Gd,GLQ,2260.0,Unf,0.0,878.0,3138.0,GasA,Ex,Y,SBrkr,3138,1538,0,4676,1.0,0.0,3,1,3,1,Ex,11,Typ,1,Gd,BuiltIn,2007.0,Fin,3.0,884.0,TA,TA,Y,208,406,0,0,0,0,,,,0,10,2007,New,Partial,184750,39.51026518391788,high,37.79733082552126,2,0,0,-1,7814.0,4.5,50
2182,2183,908186050,180,RM,35.0,3675,Pave,,Reg,Lvl,AllPub,Inside,Gtl,Edwards,Norm,Norm,TwnhsE,SFoyer,6,5,2005,2005,Gable,CompShg,VinylSd,VinylSd,Stone,76.0,TA,TA,PConc,Gd,TA,Gd,GLQ,467.0,Unf,0.0,80.0,547.0,GasA,Ex,Y,SBrkr,1072,0,0,1072,1.0,0.0,1,0,2,1,Gd,5,Typ,0,,Basment,2005.0,Fin,2.0,525.0,TA,TA,Y,0,44,0,0,0,0,,,,0,5,2007,WD ,Normal,140000,130.59701492537314,mid,111.85768715889198,38,0,2,2,1619.0,2.0,30
2183,2184,908204090,20,RL,64.0,6400,Pave,,Reg,Lvl,AllPub,Inside,Gtl,Edwards,Norm,Norm,1Fam,1Story,5,7,1959,2000,Gable,CompShg,WdShing,Wd Shng,,0.0,TA,TA,CBlock,TA,TA,Av,Rec,77.0,ALQ,831.0,52.0,960.0,GasA,Ex,Y,SBrkr,960,0,0,960,1.0,0.0,1,0,2,1,Fa,4,Typ,0,,Detchd,1959.0,Unf,1.0,392.0,TA,TA,Y,144,0,35,0,0,0,,,,0,12,2007,WD ,Normal,131750,137.23958333333334,mid,111.85768715889198,38,0,48,7,1920.0,2.0,35
2184,2185,908204180,90,RL,74.0,6882,Pave,,Reg,Lvl,AllPub,Corner,Gtl,Edwards,Norm,Norm,Duplex,1Story,4,3,1955,1955,Gable,CompShg,AsbShng,Plywood,BrkCmn,128.0,TA,TA,PConc,,,,,0.0,,0.0,0.0,0.0,GasA,TA,N,SBrkr,1152,0,0,1152,0.0,0.0,2,0,2,2,Fa,6,Typ,0,,,,,0.0,0.0,,,N,0,0,0,0,0,0,,,,0,9,2007,WD ,Normal,61500,53.385416666666664,mid,111.85768715889198,38,1,52,52,1152.0,2.0,12
2185,2186,908225240,20,RL,75.0,10215,Pave,,Reg,Bnk,AllPub,Inside,Gtl,Edwards,Norm,Norm,1Fam,1Story,4,5,1954,1954,Hip,CompShg,Wd Sdng,Wd Sdng,BrkFace,132.0,TA,TA,PConc,TA,TA,No,ALQ,492.0,Unf,0.0,372.0,864.0,GasA,Ex,Y,SBrkr,948,0,0,948,0.0,0.0,1,0,3,1,TA,5,Typ,0,,Attchd,1954.0,Unf,1.0,248.0,TA,TA,Y,0,0,0,0,0,0,,,,0,2,2007,WD ,Normal,111000,117.0886075949367,mid,111.85768715889198,38,0,53,53,1812.0,1.0,20
2186,2187,908225310,90,RL,52.0,8741,Pave,,Reg,Lvl,AllPub,Inside,Gtl,Edwards,Norm,Norm,Duplex,1Story,5,6,1946,1950,Gable,CompShg,Plywood,Plywood,,0.0,TA,TA,CBlock,TA,TA,No,Unf,0.0,Unf,0.0,1195.0,1195.0,GasA,TA,N,SBrkr,1195,0,0,1195,0.0,0.0,2,0,4,2,TA,8,Typ,0,,,,,0.0,0.0,,,N,118,0,0,0,0,0,,GdWo,,0,7,2007,WD ,Abnorml,98500,82.42677824267783,mid,111.85768715889198,38,1,61,57,2390.0,2.0,30
2187,2188,908226180,30,RH,70.0,4270,Pave,,Reg,Bnk,AllPub,Inside,Mod,Edwards,Norm,Norm,1Fam,1Story,3,6,1931,2006,Gable,CompShg,MetalSd,MetalSd,,0.0,TA,TA,BrkTil,TA,TA,No,Rec,544.0,Unf,0.0,0.0,544.0,GasA,Ex,Y,SBrkr,774,0,0,774,0.0,0.0,1,0,3,1,Gd,6,Typ,0,,,,,0.0,0.0,,,Y,0,0,286,0,0,0,,,,0,5,2007,WD ,Normal,79000,102.0671834625323,low,102.0671834625323,1,0,76,1,1318.0,1.0,18
2188,2189,908228010,40,RL,62.0,10042,Pave,,Reg,Bnk,AllPub,Corner,Gtl,Edwards,Norm,Norm,1Fam,1.5Fin,6,8,1920,1995,Gable,CompShg,Wd Sdng,Wd Sdng,,0.0,TA,TA,BrkTil,TA,TA,No,LwQ,144.0,ALQ,278.0,238.0,660.0,GasA,TA,Y,SBrkr,740,125,0,865,1.0,0.0,1,0,2,1,TA,4,Typ,1,Gd,Detchd,1920.0,Unf,1.0,216.0,TA,TA,Y,0,0,84,0,0,0,,,,0,8,2007,WD ,Normal,108500,125.43352601156069,mid,111.85768715889198,38,0,87,12,1525.0,2.0,48
2189,2190,908250100,20,RL,68.0,9450,Pave,,Reg,Bnk,AllPub,Inside,Mod,Edwards,Norm,Norm,1Fam,1Story,4,5,1954,1954,Gable,CompShg,MetalSd,MetalSd,,0.0,TA,TA,CBlock,TA,TA,No,LwQ,552.0,Unf,0.0,342.0,894.0,GasA,Ex,Y,SBrkr,894,0,0,894,0.0,0.0,1,0,3,1,TA,5,Typ,0,,Detchd,1999.0,Unf,2.0,400.0,TA,TA,Y,0,0,0,0,0,0,,,,0,5,2007,WD ,Abnorml,110000,123.04250559284117,mid,111.85768715889198,38,0,53,53,1788.0,1.0,20
2190,2191,908275090,50,RL,70.0,11767,Pave,,Reg,Lvl,AllPub,Inside,Gtl,Edwards,Norm,Norm,1Fam,2Story,4,7,1910,2000,Gable,CompShg,MetalSd,HdBoard,,0.0,TA,TA,CBlock,Fa,TA,No,Unf,0.0,Unf,0.0,560.0,560.0,GasA,Gd,N,SBrkr,796,550,0,1346,0.0,0.0,1,1,2,1,TA,6,Min2,0,,Detchd,1950.0,Unf,1.0,384.0,Fa,TA,Y,168,24,0,0,0,0,,GdWo,,0,5,2007,WD ,Normal,112000,83.20950965824666,mid,111.85768715889198,38,1,97,7,1906.0,1.5,28
2191,2192,908275200,20,RL,60.0,8172,Pave,,Reg,Lvl,AllPub,Inside,Gtl,Edwards,Norm,Norm,1Fam,1Story,4,5,1955,1955,Gable,CompShg,MetalSd,MetalSd,,0.0,TA,TA,CBlock,TA,TA,No,BLQ,544.0,Unf,0.0,224.0,768.0,GasA,TA,Y,SBrkr,768,0,0,768,0.0,0.0,1,0,2,1,TA,4,Typ,1,Fa,Detchd,1959.0,Unf,1.0,355.0,TA,TA,Y,0,0,196,0,0,0,,MnPrv,,0,7,2007,WD ,Normal,125000,162.76041666666666,mid,111.85768715889198,38,0,52,52,1536.0,1.0,20
2192,2193,908275240,20,RL,60.0,8172,Pave,,Reg,HLS,AllPub,Inside,Gtl,Edwards,Norm,Norm,1Fam,1Story,4,5,1955,1955,Gable,CompShg,WdShing,Plywood,,0.0,TA,TA,CBlock,TA,TA,No,ALQ,682.0,Unf,0.0,182.0,864.0,GasA,TA,Y,SBrkr,864,0,0,864,1.0,0.0,1,0,3,1,TA,5,Typ,0,,Detchd,1996.0,Unf,2.0,528.0,TA,TA,N,196,0,0,0,0,0,,,,0,10,2007,COD,Family,79275,91.75347222222223,mid,111.85768715889198,38,1,52,52,1728.0,2.0,20
2193,2194,908276230,20,RL,60.0,8190,Pave,,Reg,Lvl,AllPub,Inside,Gtl,Edwards,Norm,Norm,1Fam,1Story,4,6,1954,1954,Hip,CompShg,Wd Sdng,Wd Sdng,,0.0,TA,TA,CBlock,TA,TA,No,Rec,732.0,Unf,0.0,216.0,948.0,GasA,Ex,Y,SBrkr,948,0,0,948,1.0,0.0,1,0,3,1,TA,5,Typ,1,TA,Detchd,1956.0,Unf,1.0,280.0,TA,TA,Y,0,36,0,0,0,0,,,,0,10,2007,WD ,Normal,119000,125.52742616033755,mid,111.85768715889198,38,0,53,53,1896.0,2.0,24
2194,2195,909176080,190,RH,60.0,10896,Pave,Pave,Reg,Bnk,AllPub,Inside,Gtl,SWISU,Feedr,Norm,2fmCon,2.5Fin,6,7,1914,1995,Hip,CompShg,VinylSd,VinylSd,,0.0,Fa,TA,CBlock,TA,Fa,No,LwQ,256.0,Unf,0.0,1184.0,1440.0,GasA,Ex,Y,FuseA,1440,1440,515,3395,0.0,0.0,2,0,8,2,Fa,14,Typ,0,,,,,0.0,0.0,,,N,0,110,0,0,0,0,,,,0,3,2007,WD ,Abnorml,200000,58.910162002945505,mid,84.63338533541342,5,1,93,12,4835.0,2.0,42
2195,2196,909176170,90,RL,60.0,10890,Pave,,Reg,Lvl,AllPub,Inside,Gtl,SWISU,Norm,Norm,Duplex,2Story,5,6,1923,1950,Hip,CompShg,Wd Sdng,Plywood,,0.0,TA,TA,PConc,TA,TA,Mn,Rec,371.0,Unf,0.0,925.0,1296.0,Grav,Fa,N,FuseA,1296,1296,0,2592,2.0,0.0,2,0,6,2,TA,12,Min2,0,,,,,0.0,0.0,,,Y,0,742,240,0,0,0,,,Shed,1512,1,2007,WD ,AdjLand,150000,57.870370370370374,mid,84.63338533541342,5,1,84,57,3888.0,4.0,30
2196,2197,909250150,70,RL,55.0,10592,Pave,,Reg,Lvl,AllPub,Inside,Gtl,Crawfor,Norm,Norm,1Fam,2Story,6,7,1923,1996,Hip,CompShg,Wd Sdng,Wd Sdng,,0.0,TA,Gd,PConc,TA,Fa,No,Unf,0.0,Unf,0.0,602.0,602.0,GasA,TA,Y,SBrkr,900,602,0,1502,0.0,0.0,1,1,3,1,Gd,7,Typ,2,TA,Detchd,1923.0,Unf,1.0,180.0,TA,TA,Y,96,0,112,0,53,0,,,,0,8,2007,WD ,Normal,165000,109.85352862849534,mid,109.85352862849534,23,0,84,11,2104.0,1.5,42
2197,2198,909250160,45,RL,55.0,10594,Pave,,Reg,Lvl,AllPub,Inside,Gtl,Crawfor,Norm,Norm,1Fam,1.5Unf,5,5,1926,1950,Gable,CompShg,Wd Sdng,Wd Sdng,,0.0,TA,TA,BrkTil,TA,TA,No,Unf,0.0,Unf,0.0,768.0,768.0,Grav,Fa,N,SBrkr,789,0,0,789,0.0,0.0,1,0,2,1,TA,5,Typ,0,,Detchd,1926.0,Unf,1.0,200.0,Po,Po,Y,0,0,112,0,0,0,,MnPrv,,0,6,2007,WD ,Normal,96500,122.30671736375159,mid,109.85352862849534,23,0,81,57,1557.0,1.0,25
2198,2199,909251030,30,RL,54.0,7223,Pave,,Reg,Lvl,AllPub,Inside,Gtl,Crawfor,Norm,Norm,1Fam,1Story,5,5,1926,1950,Hip,CompShg,Stucco,Plywood,,0.0,TA,TA,PConc,TA,TA,Mn,BLQ,319.0,Unf,0.0,971.0,1290.0,GasA,TA,Y,SBrkr,1422,0,0,1422,0.0,0.0,1,0,3,1,TA,6,Typ,0,,Detchd,1973.0,Unf,1.0,352.0,TA,TA,Y,0,0,64,0,0,0,,MnPrv,,0,4,2007,WD ,Normal,136500,95.9915611814346,mid,109.85352862849534,23,1,81,57,2712.0,1.0,25
2199,2200,909251040,50,RL,51.0,6821,Pave,,Reg,HLS,AllPub,Inside,Gtl,Crawfor,Norm,Norm,1Fam,1.5Fin,6,7,1921,2005,Gable,CompShg,Wd Sdng,Wd Sdng,,0.0,TA,TA,BrkTil,TA,TA,No,BLQ,113.0,Unf,0.0,538.0,651.0,GasA,Gd,Y,SBrkr,759,539,0,1298,0.0,0.0,2,0,2,1,TA,8,Typ,1,Gd,Detchd,1994.0,Unf,1.0,240.0,TA,TA,P,216,0,168,0,0,0,,,,0,8,2007,WD ,Normal,146500,112.86594761171033,mid,109.85352862849534,23,0,86,2,1949.0,2.0,42
2200,2201,909252010,50,RL,60.0,7200,Pave,,Reg,Lvl,AllPub,Corner,Gtl,SWISU,Feedr,Norm,1Fam,1.5Fin,5,7,1937,1950,Gable,CompShg,Wd Sdng,Wd Sdng,BrkFace,252.0,TA,TA,BrkTil,Gd,TA,No,ALQ,569.0,Unf,0.0,162.0,731.0,GasA,Ex,Y,SBrkr,981,787,0,1768,1.0,0.0,1,1,3,1,Gd,7,Typ,2,TA,Detchd,1939.0,Unf,1.0,240.0,TA,TA,Y,0,0,264,0,0,0,,MnPrv,,0,6,2007,WD ,Normal,175000,98.98190045248869,mid,84.63338533541342,5,0,70,57,2499.0,2.5,35
2201,2202,909252150,70,RL,63.0,4000,Pave,,Reg,Lvl,AllPub,Inside,Gtl,Crawfor,Norm,Norm,1Fam,2Story,7,8,1930,1995,Gable,CompShg,Wd Sdng,Wd Sdng,,0.0,TA,TA,BrkTil,Gd,TA,No,GLQ,246.0,Unf,0.0,285.0,531.0,GasA,TA,Y,SBrkr,567,531,0,1098,1.0,0.0,1,0,2,1,TA,5,Typ,1,Gd,Detchd,1930.0,Unf,1.0,216.0,TA,TA,Y,0,0,0,0,0,0,,MnPrv,,0,6,2007,WD ,Normal,148500,135.24590163934425,high,126.14942528735632,11,0,77,12,1629.0,2.0,56
2202,2203,909252170,70,RL,53.0,6720,Pave,,Reg,Lvl,AllPub,Inside,Gtl,Crawfor,Norm,Norm,1Fam,2Story,6,7,1921,1950,Gable,CompShg,VinylSd,VinylSd,,0.0,TA,TA,BrkTil,TA,TA,No,Unf,0.0,Unf,0.0,585.0,585.0,GasA,TA,N,SBrkr,851,585,0,1436,0.0,0.0,1,0,3,1,TA,7,Typ,1,Gd,Detchd,1992.0,Unf,1.0,228.0,TA,TA,Y,184,0,0,0,0,0,,,,0,4,2007,CWD,Normal,141500,98.53760445682451,mid,109.85352862849534,23,1,86,57,2021.0,1.0,42
2203,2204,909254090,50,RL,55.0,7642,Pave,,Reg,Lvl,AllPub,Corner,Gtl,Crawfor,Norm,Norm,1Fam,1.5Fin,7,8,1918,1998,Gable,CompShg,Wd Sdng,Wd Sdng,,0.0,Gd,TA,BrkTil,TA,TA,No,Unf,0.0,Unf,0.0,912.0,912.0,GasA,Gd,Y,SBrkr,912,514,0,1426,0.0,0.0,1,1,3,1,Gd,7,Typ,1,Gd,Detchd,1925.0,Unf,1.0,216.0,TA,TA,Y,0,240,0,0,0,0,,GdPrv,,0,6,2007,WD ,Normal,189950,133.2047685834502,high,126.14942528735632,11,0,89,9,2338.0,1.5,56
2204,2205,909254100,70,RL,53.0,7155,Pave,,Reg,Lvl,AllPub,Inside,Gtl,Crawfor,Norm,Norm,1Fam,2Story,6,8,1926,1991,Gable,CompShg,Wd Sdng,Wd Sdng,,0.0,TA,TA,BrkTil,TA,TA,No,Unf,0.0,Unf,0.0,686.0,686.0,GasA,TA,Y,SBrkr,686,775,0,1461,0.0,0.0,1,0,3,1,TA,6,Typ,1,Gd,Detchd,1926.0,Unf,1.0,225.0,TA,TA,N,0,0,116,0,0,0,,MnPrv,,0,7,2007,WD ,Normal,135000,92.40246406570841,mid,109.85352862849534,23,1,81,16,2147.0,1.0,48
2205,2206,909254130,75,RL,53.0,7128,Pave,,Reg,Lvl,AllPub,Inside,Gtl,Crawfor,Norm,Norm,1Fam,2.5Unf,7,5,1941,1950,Gable,CompShg,MetalSd,MetalSd,,0.0,TA,Gd,CBlock,TA,TA,No,Rec,364.0,Unf,0.0,554.0,918.0,GasA,Gd,Y,SBrkr,918,728,0,1646,0.0,0.0,2,0,4,1,TA,7,Typ,2,Gd,Detchd,1941.0,Unf,1.0,240.0,TA,TA,Y,0,0,0,0,126,0,,MnPrv,,0,8,2007,WD ,Normal,164000,99.63547995139733,high,126.14942528735632,11,1,66,57,2564.0,2.0,35
2206,2207,909254140,30,RL,40.0,4280,Pave,,Reg,Lvl,AllPub,Inside,Gtl,Crawfor,Norm,Norm,1Fam,1Story,5,6,1913,2002,Gable,CompShg,WdShing,Stucco,,0.0,TA,TA,PConc,TA,TA,No,LwQ,365.0,Unf,0.0,75.0,440.0,GasA,TA,N,SBrkr,694,0,0,694,0.0,0.0,1,0,2,1,Gd,4,Typ,1,Gd,Detchd,1990.0,Unf,1.0,352.0,Gd,TA,P,0,0,34,0,0,0,,MnPrv,,0,3,2007,WD ,Normal,90350,130.18731988472624,mid,109.85352862849534,23,0,94,5,1134.0,1.0,30
2207,2208,909254150,50,RL,53.0,5362,Pave,,Reg,Lvl,AllPub,Corner,Gtl,Crawfor,Norm,Norm,1Fam,1.5Fin,5,6,1910,2003,Gable,CompShg,Wd Sdng,Wd Shng,,0.0,TA,TA,PConc,TA,TA,No,Unf,0.0,Unf,0.0,661.0,661.0,GasA,Ex,Y,SBrkr,661,589,0,1250,0.0,0.0,2,0,3,1,TA,8,Typ,1,Gd,Detchd,1985.0,Unf,2.0,552.0,TA,TA,Y,242,0,81,0,0,0,,,,0,11,2007,WD ,Normal,139000,111.2,mid,109.85352862849534,23,0,97,4,1911.0,2.0,30
2208,2209,909256120,30,RL,50.0,6305,Pave,,Reg,Bnk,AllPub,Inside,Gtl,Crawfor,Norm,Norm,1Fam,1Story,5,7,1938,1950,Gable,CompShg,MetalSd,MetalSd,,0.0,TA,Gd,PConc,Fa,Fa,No,Unf,0.0,Unf,0.0,920.0,920.0,GasA,Ex,Y,SBrkr,954,0,0,954,0.0,0.0,1,0,2,1,Fa,5,Typ,1,Gd,Basment,1938.0,Unf,1.0,240.0,Fa,TA,Y,0,0,0,0,0,0,,MnPrv,,0,6,2007,WD ,Normal,119750,125.52410901467505,mid,109.85352862849534,23,0,69,57,1874.0,1.0,35
2209,2210,909275020,90,RH,82.0,7136,Pave,,IR1,HLS,AllPub,Inside,Gtl,Crawfor,Norm,Norm,Duplex,2Story,6,6,1946,1950,Gable,CompShg,MetalSd,MetalSd,BrkFace,423.0,TA,TA,CBlock,Gd,TA,No,Rec,484.0,Unf,0.0,495.0,979.0,GasA,TA,N,FuseF,979,979,0,1958,0.0,0.0,2,0,4,2,TA,8,Typ,0,,Attchd,1946.0,Unf,2.0,492.0,TA,TA,Y,0,0,0,0,0,0,,,,0,8,2007,WD ,Normal,145000,74.05515832482125,mid,109.85352862849534,23,1,61,57,2937.0,2.0,36
2210,2211,909275030,90,RH,82.0,6270,Pave,,Reg,HLS,AllPub,Inside,Gtl,Crawfor,Norm,Norm,Duplex,2Story,5,6,1949,1950,Gable,CompShg,MetalSd,MetalSd,,0.0,TA,TA,CBlock,TA,TA,No,BLQ,284.0,Unf,0.0,717.0,1001.0,GasA,TA,N,FuseA,1001,1001,0,2002,0.0,0.0,2,0,4,2,TA,8,Typ,0,,2Types,1949.0,Unf,3.0,871.0,TA,TA,Y,0,0,0,0,0,0,,,,0,8,2007,WD ,Normal,145000,72.42757242757243,mid,109.85352862849534,23,1,58,57,3003.0,2.0,30
2211,2212,909275110,70,RL,60.0,7230,Pave,,Reg,Lvl,AllPub,Inside,Gtl,Crawfor,Norm,Norm,1Fam,2.5Unf,7,7,1927,1992,Gable,CompShg,VinylSd,VinylSd,,0.0,TA,TA,BrkTil,TA,TA,No,Unf,0.0,Unf,0.0,851.0,851.0,GasA,Gd,Y,SBrkr,867,851,0,1718,0.0,0.0,2,1,4,1,Gd,8,Typ,1,TA,Detchd,1927.0,Unf,2.0,264.0,TA,TA,Y,291,0,60,0,153,0,,GdPrv,,0,10,2007,WD ,Normal,238000,138.53317811408616,high,126.14942528735632,11,0,80,15,2569.0,2.5,49
2212,2213,909275160,20,RL,126.0,13108,Pave,,IR2,HLS,AllPub,Inside,Gtl,Crawfor,Norm,Norm,1Fam,1Story,5,5,1951,1951,Gable,CompShg,Wd Sdng,Wd Sdng,,0.0,TA,TA,CBlock,,,,,0.0,,0.0,0.0,0.0,GasA,Fa,Y,SBrkr,1226,0,0,1226,0.0,0.0,1,1,2,1,TA,7,Min1,1,Gd,Attchd,1951.0,Fin,2.0,400.0,TA,TA,Y,174,24,120,0,228,0,,,,0,6,2007,WD ,Normal,153500,125.20391517128874,mid,109.85352862849534,23,0,56,56,1226.0,1.5,25
2213,2214,909275310,70,RL,86.0,22420,Pave,,IR1,Lvl,AllPub,Inside,Gtl,Crawfor,Feedr,Norm,1Fam,2Story,6,6,1918,1950,Hip,CompShg,Wd Sdng,Stucco,,0.0,TA,TA,BrkTil,Gd,TA,No,BLQ,1128.0,Unf,0.0,242.0,1370.0,GasW,TA,N,FuseA,1370,1254,0,2624,1.0,0.0,2,1,4,1,TA,10,Typ,1,Gd,Detchd,1918.0,Unf,3.0,864.0,TA,TA,N,0,0,0,0,0,0,,,,0,11,2007,WD ,Normal,239000,91.08231707317073,mid,109.85352862849534,23,1,89,57,3994.0,3.5,36
2214,2215,909276160,70,RL,78.0,12168,Pave,,Reg,HLS,AllPub,Inside,Mod,Crawfor,Norm,Norm,1Fam,2Story,8,6,1934,1998,Gable,CompShg,BrkFace,Wd Sdng,,0.0,TA,TA,PConc,Gd,TA,Mn,BLQ,428.0,Unf,0.0,537.0,965.0,GasA,TA,Y,SBrkr,1940,1254,0,3194,0.0,0.0,2,1,4,1,TA,10,Typ,2,Gd,Basment,1934.0,Unf,2.0,380.0,TA,TA,Y,0,0,0,0,0,0,,,,0,9,2007,WD ,Alloca,359100,112.42955541640576,high,126.14942528735632,11,1,73,9,4159.0,2.5,48
2215,2216,909276210,50,RL,110.0,7810,Pave,,IR1,HLS,AllPub,Inside,Gtl,Crawfor,Norm,Norm,1Fam,1.5Fin,4,6,1930,2003,Gable,CompShg,AsbShng,CmentBd,,0.0,TA,Gd,BrkTil,TA,Gd,No,GLQ,189.0,Unf,0.0,741.0,930.0,GasA,Ex,Y,SBrkr,1230,525,0,1755,0.0,0.0,2,0,4,1,Gd,7,Typ,1,TA,Detchd,1930.0,Unf,1.0,231.0,Fa,TA,Y,0,40,0,0,0,0,,,,0,11,2007,WD ,Normal,188000,107.12250712250712,mid,109.85352862849534,23,0,77,4,2685.0,2.0,24
2216,2217,909279080,50,RL,,11275,Pave,,IR1,HLS,AllPub,Corner,Mod,Crawfor,Norm,Norm,1Fam,1.5Fin,6,7,1932,1950,Gable,CompShg,MetalSd,MetalSd,BrkFace,480.0,TA,TA,CBlock,TA,TA,Mn,Rec,297.0,LwQ,557.0,0.0,854.0,GasA,TA,Y,SBrkr,1096,895,0,1991,0.0,0.0,1,1,3,1,TA,7,Typ,1,Gd,Detchd,1977.0,Unf,2.0,432.0,TA,Fa,Y,0,0,19,0,0,0,,,,0,3,2007,WD ,Normal,220000,110.49723756906077,mid,109.85352862849534,23,0,75,57,2845.0,1.5,42
2217,2218,909281020,190,RL,79.0,6221,Pave,,IR1,Lvl,AllPub,Inside,Gtl,Crawfor,Norm,Norm,2fmCon,1.5Fin,5,5,1941,1950,Gable,CompShg,VinylSd,VinylSd,,0.0,TA,TA,CBlock,TA,Fa,No,LwQ,533.0,Unf,0.0,195.0,728.0,GasA,Ex,Y,SBrkr,760,595,0,1355,0.0,0.0,2,0,3,1,TA,5,Typ,0,,Detchd,1966.0,Unf,2.0,528.0,TA,TA,Y,0,0,0,0,144,0,,MnPrv,,0,10,2007,WD ,Normal,140000,103.3210332103321,mid,109.85352862849534,23,0,66,57,2083.0,2.0,25
2218,2219,909281130,70,RL,70.0,10570,Pave,,Reg,Bnk,AllPub,Inside,Mod,Crawfor,Norm,Norm,1Fam,2Story,8,8,1932,1994,Hip,CompShg,BrkFace,BrkFace,,0.0,Gd,TA,CBlock,Gd,Gd,No,Rec,297.0,Unf,0.0,556.0,853.0,GasA,TA,Y,SBrkr,1549,1178,0,2727,0.0,0.0,2,1,3,1,Gd,10,Maj1,2,TA,Detchd,1932.0,Unf,2.0,440.0,TA,TA,Y,0,74,0,0,0,0,,,,0,12,2007,WD ,Normal,315000,115.51155115511551,high,126.14942528735632,11,0,75,13,3580.0,2.5,64
2219,2220,909282020,70,RL,61.0,7259,Pave,,IR1,Lvl,AllPub,Inside,Mod,Crawfor,Norm,Norm,1Fam,2Story,6,8,1945,2002,Gambrel,CompShg,Wd Sdng,Wd Sdng,,0.0,TA,TA,CBlock,TA,TA,No,ALQ,774.0,LwQ,150.0,104.0,1028.0,GasA,Ex,Y,SBrkr,1436,884,0,2320,1.0,0.0,2,1,3,1,Gd,9,Typ,1,TA,Detchd,1945.0,Unf,1.0,180.0,TA,TA,Y,224,0,0,0,0,0,,MnPrv,,0,7,2007,WD ,Normal,259500,111.85344827586206,mid,109.85352862849534,23,0,62,5,3348.0,3.5,48
2220,2221,909425140,20,RL,110.0,14442,Pave,,Reg,Lvl,AllPub,Inside,Gtl,Crawfor,Norm,Norm,1Fam,1Story,6,7,1957,2004,Hip,CompShg,CemntBd,CmentBd,BrkFace,106.0,TA,TA,PConc,TA,TA,No,GLQ,1186.0,Unf,0.0,291.0,1477.0,GasA,Ex,Y,SBrkr,1839,0,0,1839,1.0,0.0,2,0,3,1,Gd,7,Typ,2,TA,Attchd,1957.0,Fin,2.0,416.0,TA,TA,Y,0,87,0,0,200,0,,,,0,6,2007,WD ,Normal,257500,140.02175095160413,mid,109.85352862849534,23,0,50,3,3316.0,3.0,42
2221,2222,909425270,70,RL,75.0,13125,Pave,,Reg,Lvl,AllPub,Inside,Gtl,Crawfor,Norm,Norm,1Fam,2Story,7,6,1940,1984,Gable,CompShg,Wd Sdng,Wd Sdng,,0.0,TA,TA,CBlock,TA,TA,No,BLQ,410.0,Unf,0.0,390.0,800.0,GasA,TA,Y,SBrkr,960,780,0,1740,0.0,0.0,1,1,3,1,TA,6,Typ,2,Gd,Attchd,1940.0,Unf,1.0,240.0,TA,TA,Y,0,0,0,0,0,0,,,,0,7,2007,CWD,Normal,219500,126.14942528735632,high,126.14942528735632,11,0,67,23,2540.0,1.5,42
2222,2223,909428120,20,RL,,21000,Pave,,Reg,Bnk,AllPub,Corner,Gtl,Crawfor,Norm,Norm,1Fam,1Story,6,5,1953,1953,Hip,CompShg,Wd Sdng,Wd Sdng,BrkFace,184.0,TA,Gd,CBlock,Gd,TA,Mn,ALQ,35.0,Rec,869.0,905.0,1809.0,GasA,TA,Y,SBrkr,2259,0,0,2259,1.0,0.0,2,0,3,1,Gd,7,Typ,2,Gd,Basment,1953.0,Unf,2.0,450.0,TA,TA,Y,166,120,192,0,0,0,,MnPrv,,0,10,2007,COD,Abnorml,217000,96.06020362992474,mid,109.85352862849534,23,1,54,54,4068.0,3.0,30
2223,2224,909428180,20,RL,,25485,Pave,,IR1,Lvl,AllPub,CulDSac,Gtl,Crawfor,Norm,Norm,1Fam,1Story,6,4,1960,1960,Gable,CompShg,Wd Sdng,MetalSd,BrkFace,423.0,TA,Fa,CBlock,TA,Gd,Mn,LwQ,540.0,Rec,1020.0,0.0,1560.0,GasA,TA,Y,SBrkr,1560,0,0,1560,0.0,0.0,1,1,3,1,TA,6,Typ,3,TA,Attchd,1960.0,RFn,2.0,580.0,TA,TA,Y,0,75,584,0,0,0,,,,0,5,2007,WD ,Normal,201000,128.84615384615384,mid,109.85352862849534,23,0,47,47,3120.0,1.5,24
2224,2225,909428340,20,RL,,21579,Pave,,IR1,Lvl,AllPub,CulDSac,Gtl,Crawfor,Norm,Norm,1Fam,1Story,6,6,1968,1968,Hip,CompShg,HdBoard,BrkFace,,0.0,TA,TA,PConc,Gd,TA,No,BLQ,813.0,Unf,0.0,675.0,1488.0,GasA,Ex,Y,SBrkr,1488,0,0,1488,0.0,1.0,2,0,3,1,TA,7,Typ,2,Gd,Attchd,1968.0,RFn,2.0,552.0,TA,TA,Y,0,0,216,0,0,0,,,,0,9,2007,CWD,Normal,215000,144.48924731182797,mid,109.85352862849534,23,0,39,39,2976.0,2.5,36
2225,2226,909451130,160,RM,24.0,1782,Pave,,Reg,Lvl,AllPub,Inside,Gtl,Blueste,Norm,Norm,Twnhs,2Story,6,6,1980,1980,Gable,CompShg,MetalSd,MetalSd,,0.0,TA,Gd,CBlock,Gd,TA,No,GLQ,330.0,Unf,0.0,186.0,516.0,GasA,Gd,Y,SBrkr,529,516,0,1045,0.0,0.0,1,0,2,1,TA,5,Typ,1,TA,Detchd,1980.0,Unf,2.0,462.0,TA,TA,Y,180,0,0,0,0,0,,MnPrv,,0,12,2007,WD ,Normal,123900,118.56459330143541,mid,118.56459330143541,1,0,27,27,1561.0,1.0,36
2226,2227,909452102,20,RL,,17871,Pave,,IR2,Lvl,AllPub,Inside,Gtl,Crawfor,Norm,Norm,1Fam,1Story,4,5,1995,1996,Gable,CompShg,VinylSd,VinylSd,,0.0,TA,TA,PConc,Gd,TA,No,Unf,0.0,Unf,0.0,1680.0,1680.0,GasA,Gd,Y,SBrkr,1680,0,0,1680,0.0,0.0,2,0,4,1,Gd,7,Typ,0,,Attchd,1996.0,Unf,2.0,628.0,TA,TA,Y,152,0,0,0,0,0,,,,0,6,2007,WD ,Normal,170000,101.19047619047619,mid,109.85352862849534,23,0,12,11,3360.0,2.0,20
2227,2228,909455060,120,RM,35.0,3907,Pave,,IR1,Bnk,AllPub,Inside,Mod,Blueste,Norm,Norm,TwnhsE,1Story,8,5,1988,1988,Gable,CompShg,HdBoard,HdBoard,,0.0,TA,TA,CBlock,Gd,TA,Gd,GLQ,577.0,Unf,0.0,427.0,1004.0,GasA,Gd,Y,SBrkr,1020,0,0,1020,1.0,0.0,1,0,1,1,TA,4,Typ,0,,Attchd,1988.0,Unf,2.0,509.0,TA,TA,Y,135,0,0,0,0,0,,,,0,3,2007,WD ,Normal,200000,196.07843137254903,high,196.07843137254903,1,0,19,19,2024.0,2.0,40
2228,2229,909475050,20,RL,,20693,Pave,,IR1,Bnk,AllPub,Corner,Gtl,Crawfor,Norm,Norm,1Fam,1Story,7,5,1971,1971,Gable,CompShg,Plywood,Plywood,BrkFace,652.0,TA,TA,CBlock,Gd,TA,No,Rec,434.0,Unf,0.0,1262.0,1696.0,GasA,Ex,Y,SBrkr,1696,0,0,1696,0.0,0.0,2,0,3,1,TA,7,Typ,2,TA,Attchd,1971.0,Fin,2.0,625.0,TA,TA,Y,0,146,0,0,0,0,,GdWo,,0,2,2007,WD ,Normal,198000,116.74528301886792,high,126.14942528735632,11,0,36,36,3392.0,2.0,35
2229,2230,909475070,20,RL,,32668,Pave,,IR1,Lvl,AllPub,CulDSac,Gtl,Crawfor,Norm,Norm,1Fam,1Story,6,3,1957,1975,Hip,CompShg,Wd Sdng,Stone,,,Gd,TA,PConc,TA,TA,No,Rec,1219.0,Unf,0.0,816.0,2035.0,GasA,TA,Y,SBrkr,2515,0,0,2515,1.0,0.0,3,0,4,2,TA,9,Maj1,2,TA,Attchd,1975.0,RFn,2.0,484.0,TA,TA,Y,0,0,200,0,0,0,,,,0,3,2007,WD ,Alloca,200624,79.77097415506958,mid,109.85352862849534,23,1,50,32,4550.0,4.0,18
2230,2231,909475230,20,RL,70.0,18044,Pave,,IR1,HLS,AllPub,CulDSac,Gtl,Crawfor,Norm,Norm,1Fam,1Story,8,5,1986,1986,Gable,CompShg,WdShing,Plywood,,0.0,Gd,TA,CBlock,Gd,TA,No,Unf,0.0,Unf,0.0,279.0,279.0,GasA,Gd,Y,SBrkr,2726,0,0,2726,0.0,0.0,2,1,2,1,Gd,6,Typ,1,Gd,Attchd,1986.0,Fin,2.0,691.0,Gd,Gd,Y,216,64,169,0,0,228,Ex,,,0,8,2007,WD ,Normal,315000,115.55392516507703,high,126.14942528735632,11,0,21,21,3005.0,2.5,40
2231,2232,910200040,50,RM,85.0,8500,Pave,,Reg,Lvl,AllPub,Corner,Gtl,IDOTRR,Artery,Norm,1Fam,1.5Fin,5,7,1919,2005,Gable,CompShg,CemntBd,CmentBd,,0.0,TA,TA,CBlock,TA,TA,No,Unf,0.0,Unf,0.0,793.0,793.0,GasW,TA,N,FuseF,997,520,0,1517,0.0,0.0,2,0,3,1,Fa,7,Typ,0,,,,,0.0,0.0,,,N,0,0,144,0,0,0,,,,0,8,2007,WD ,Normal,115000,75.80751483190508,mid,90.9090909090909,21,1,88,2,2310.0,2.0,35
2232,2233,910200110,50,RM,50.0,7000,Pave,,Reg,Lvl,AllPub,Corner,Gtl,IDOTRR,Norm,Norm,1Fam,1.5Fin,6,7,1940,1950,Gable,CompShg,Wd Sdng,Wd Sdng,,0.0,TA,TA,BrkTil,TA,TA,No,ALQ,375.0,Unf,0.0,345.0,720.0,GasA,Gd,Y,FuseA,720,495,0,1215,0.0,0.0,1,0,3,1,Gd,6,Typ,0,,Detchd,1965.0,Fin,2.0,720.0,TA,TA,Y,0,0,30,0,0,0,,MnPrv,,0,5,2007,WD ,Normal,141000,116.04938271604938,mid,90.9090909090909,21,0,67,57,1935.0,1.0,42
2233,2234,910201020,45,RM,50.0,5000,Pave,,Reg,Lvl,AllPub,Inside,Gtl,IDOTRR,RRAe,Norm,1Fam,1.5Unf,5,6,1941,1950,Gable,CompShg,MetalSd,MetalSd,,0.0,TA,TA,CBlock,TA,TA,Av,BLQ,116.0,Unf,0.0,604.0,720.0,GasA,Po,N,FuseF,803,0,0,803,0.0,0.0,1,0,2,1,TA,5,Typ,0,,Detchd,1941.0,Unf,2.0,360.0,TA,TA,Y,0,0,244,0,0,0,,,,0,12,2007,WD ,Normal,87000,108.34371108343711,mid,90.9090909090909,21,0,66,57,1523.0,1.0,30
2234,2235,910201050,50,RM,50.0,7288,Pave,,Reg,Lvl,AllPub,Inside,Gtl,IDOTRR,Artery,Norm,1Fam,1.5Fin,5,7,1925,2003,Gable,CompShg,VinylSd,VinylSd,,0.0,Gd,Gd,BrkTil,TA,Po,No,Unf,0.0,Unf,0.0,936.0,936.0,GasA,Ex,Y,SBrkr,936,665,0,1601,0.0,0.0,2,0,3,1,TA,6,Typ,0,,,,,0.0,0.0,,,N,0,0,0,176,0,0,,,,0,9,2007,WD ,Normal,129850,81.105559025609,mid,90.9090909090909,21,1,82,4,2537.0,2.0,35
2235,2236,910201110,50,RM,50.0,6060,Pave,,Reg,Lvl,AllPub,Inside,Gtl,IDOTRR,Norm,Norm,1Fam,1.5Fin,4,5,1939,1950,Gable,CompShg,AsbShng,AsbShng,,0.0,TA,TA,PConc,TA,TA,No,Unf,0.0,Unf,0.0,732.0,732.0,GasA,Gd,Y,SBrkr,772,351,0,1123,0.0,0.0,1,0,3,1,TA,4,Typ,0,,Detchd,1979.0,Unf,1.0,264.0,TA,TA,P,0,0,140,0,0,0,,MnPrv,,0,6,2007,WD ,Normal,100000,89.04719501335708,mid,90.9090909090909,21,0,68,57,1855.0,1.0,20
2236,2237,910201180,70,RM,50.0,9060,Pave,,Reg,Lvl,AllPub,Inside,Gtl,IDOTRR,Norm,Norm,1Fam,2Story,5,6,1923,1999,Gable,CompShg,Wd Sdng,Plywood,,0.0,TA,TA,BrkTil,Gd,TA,No,ALQ,548.0,Unf,0.0,311.0,859.0,GasA,Ex,Y,SBrkr,942,886,0,1828,0.0,0.0,2,0,3,1,Gd,6,Typ,0,,Detchd,,,,,,,Y,174,0,212,0,0,0,,MnPrv,,0,3,2007,WD ,Alloca,150909,82.55415754923413,mid,90.9090909090909,21,0,84,8,2687.0,2.0,30
2237,2238,910202030,30,RM,46.0,3672,Pave,,Reg,Lvl,AllPub,Inside,Gtl,IDOTRR,Artery,Norm,1Fam,1Story,5,7,1922,1950,Gable,CompShg,Stucco,Stucco,,0.0,TA,TA,BrkTil,TA,TA,No,Unf,0.0,Unf,0.0,816.0,816.0,GasA,Ex,Y,SBrkr,816,0,0,816,0.0,0.0,1,0,2,1,TA,5,Typ,0,,Detchd,1922.0,Unf,1.0,100.0,Fa,Fa,N,0,0,96,0,0,0,,,,0,9,2007,WD ,Normal,75200,92.15686274509804,mid,90.9090909090909,21,0,85,57,1632.0,1.0,35
2238,2239,910203290,30,RM,59.0,8263,Pave,,Reg,Bnk,AllPub,Inside,Mod,IDOTRR,Norm,Norm,1Fam,1Story,6,5,1920,1950,Gable,CompShg,BrkFace,BrkFace,,0.0,TA,TA,BrkTil,TA,TA,No,Unf,0.0,Unf,0.0,1012.0,1012.0,GasA,TA,Y,FuseA,1012,0,0,1012,0.0,0.0,1,0,2,1,TA,6,Typ,1,Gd,Detchd,1920.0,Unf,1.0,308.0,TA,TA,Y,0,22,112,0,0,0,,MnPrv,,0,5,2007,WD ,Normal,118400,116.99604743083005,mid,90.9090909090909,21,0,87,57,2024.0,1.0,30
2239,2240,910204090,30,RM,60.0,8967,Pave,,Reg,Lvl,AllPub,Corner,Gtl,IDOTRR,Norm,Norm,1Fam,1Story,5,2,1920,1950,Gable,CompShg,MetalSd,MetalSd,,0.0,TA,Fa,BrkTil,Fa,Po,No,Unf,0.0,Unf,0.0,961.0,961.0,GasA,Gd,Y,Mix,1077,0,0,1077,0.0,0.0,1,0,2,1,TA,6,Maj2,0,,Detchd,1920.0,Unf,1.0,338.0,Po,Po,N,0,0,0,0,0,0,,,,0,11,2007,WD ,Abnorml,67000,62.20984215413185,mid,90.9090909090909,21,1,87,57,2038.0,1.0,10
2240,2241,910205130,50,RM,75.0,13710,Pave,,Reg,Lvl,AllPub,Inside,Gtl,IDOTRR,Norm,Norm,1Fam,1.5Fin,5,5,1950,1950,Gable,CompShg,Wd Sdng,Wd Sdng,,0.0,TA,TA,CBlock,TA,TA,No,BLQ,420.0,Unf,0.0,490.0,910.0,GasA,TA,Y,FuseA,910,648,0,1558,0.0,0.0,1,1,4,1,TA,6,Typ,0,,Attchd,1950.0,Unf,1.0,282.0,TA,TA,Y,289,0,0,0,0,0,,MnPrv,,0,6,2007,WD ,Normal,152000,97.5609756097561,mid,90.9090909090909,21,0,57,57,2468.0,1.5,25
2241,2242,910206010,50,RM,64.0,11067,Pave,,Reg,Lvl,AllPub,Corner,Gtl,IDOTRR,Norm,Norm,1Fam,1.5Fin,2,4,1939,1950,Gable,CompShg,MetalSd,MetalSd,,0.0,TA,TA,BrkTil,,,,,0.0,,0.0,0.0,0.0,GasA,Ex,Y,SBrkr,640,0,205,845,0.0,0.0,1,0,1,1,TA,4,Maj2,0,,Detchd,1950.0,Unf,1.0,256.0,TA,Fa,N,48,0,0,0,0,0,,,,0,3,2007,WD ,Normal,68104,80.59644970414202,low,80.59644970414202,1,0,68,57,845.0,1.0,8
2242,2243,911103060,190,C (all),75.0,8250,Pave,,Reg,Lvl,AllPub,Inside,Gtl,IDOTRR,Feedr,Norm,2fmCon,2Story,5,6,1895,2006,Gable,CompShg,VinylSd,VinylSd,,0.0,TA,Gd,CBlock,TA,TA,No,Unf,0.0,Unf,0.0,957.0,957.0,GasA,Fa,N,SBrkr,1034,957,0,1991,0.0,0.0,2,0,4,2,TA,9,Typ,0,,,,,0.0,0.0,,,N,0,0,133,0,0,0,,,,0,6,2007,WD ,Normal,119600,60.070316423907585,mid,90.9090909090909,21,1,112,1,2948.0,2.0,30
2243,2244,911128010,20,C (all),65.0,6565,Pave,,Reg,Lvl,AllPub,Corner,Gtl,IDOTRR,Norm,Norm,1Fam,1Story,4,6,1957,1980,Gable,CompShg,MetalSd,MetalSd,,0.0,TA,TA,CBlock,TA,TA,No,GLQ,967.0,Unf,0.0,106.0,1073.0,GasA,Gd,Y,FuseA,1073,0,0,1073,1.0,0.0,1,0,3,1,TA,6,Typ,0,,Detchd,1985.0,Unf,2.0,720.0,TA,TA,Y,0,444,0,0,0,0,,,,0,8,2007,WD ,Abnorml,140000,130.47530288909599,mid,90.9090909090909,21,0,50,27,2146.0,2.0,24
2244,2245,911128020,30,C (all),60.0,6060,Pave,,Reg,Lvl,AllPub,Inside,Gtl,IDOTRR,Norm,Norm,1Fam,1Story,5,9,1930,2007,Hip,CompShg,MetalSd,MetalSd,,0.0,Gd,TA,BrkTil,TA,TA,No,ALQ,737.0,Unf,0.0,100.0,837.0,GasA,Ex,Y,SBrkr,1001,0,0,1001,0.0,0.0,1,0,2,1,Gd,5,Typ,0,,Detchd,1930.0,Unf,1.0,216.0,TA,Po,N,154,0,42,86,0,0,,,,0,11,2007,WD ,Normal,124900,124.77522477522477,mid,90.9090909090909,21,0,77,0,1838.0,1.0,45
2245,2246,911370450,120,RM,59.0,5568,Pave,,IR1,HLS,AllPub,Inside,Mod,Crawfor,Norm,Norm,TwnhsE,1Story,8,5,2006,2007,Hip,CompShg,CemntBd,CmentBd,Stone,473.0,Gd,TA,PConc,Gd,TA,Gd,GLQ,1573.0,Unf,0.0,0.0,1573.0,GasA,Gd,Y,SBrkr,1625,0,0,1625,1.0,1.0,2,0,2,1,Gd,5,Typ,1,Gd,Attchd,2006.0,Fin,2.0,495.0,TA,TA,Y,123,0,0,0,153,0,,,,0,10,2007,New,Partial,375000,230.76923076923077,high,126.14942528735632,11,0,1,0,3198.0,3.5,40
2246,2247,911370460,120,RM,44.0,4750,Pave,,IR1,HLS,AllPub,Inside,Mod,Crawfor,Norm,Norm,TwnhsE,1Story,8,5,2006,2007,Hip,CompShg,VinylSd,VinylSd,Stone,481.0,Gd,TA,PConc,Gd,TA,Gd,GLQ,1573.0,Unf,0.0,0.0,1573.0,GasA,Ex,Y,SBrkr,1625,0,0,1625,1.0,1.0,2,0,2,1,Gd,5,Typ,1,Gd,Attchd,2006.0,Fin,2.0,538.0,TA,TA,Y,123,0,0,0,153,0,,,,0,12,2007,WD ,Family,235000,144.6153846153846,high,126.14942528735632,11,0,1,0,3198.0,3.5,40
2247,2248,914452090,85,RL,,12150,Pave,,IR1,Bnk,AllPub,CulDSac,Gtl,Mitchel,Norm,Norm,1Fam,SFoyer,6,6,1979,1979,Gable,CompShg,HdBoard,Wd Shng,,0.0,TA,TA,CBlock,Gd,TA,Av,GLQ,1001.0,Unf,0.0,0.0,1001.0,GasA,TA,Y,SBrkr,1299,0,0,1299,1.0,0.0,2,0,2,1,Gd,5,Typ,1,Po,BuiltIn,1979.0,RFn,2.0,486.0,TA,TA,Y,84,0,222,0,0,0,,MnPrv,,0,1,2007,WD ,Normal,183500,141.26250962278675,mid,139.0096430850972,24,0,28,28,2300.0,3.0,36
2248,2249,914452120,85,RL,,7540,Pave,,IR1,Lvl,AllPub,CulDSac,Gtl,Mitchel,Norm,Norm,1Fam,SFoyer,6,6,1978,1978,Gable,CompShg,VinylSd,VinylSd,,0.0,TA,TA,CBlock,Gd,TA,Av,GLQ,773.0,Unf,0.0,115.0,888.0,GasA,Ex,Y,SBrkr,912,0,0,912,1.0,0.0,1,0,2,1,TA,5,Typ,1,TA,Attchd,1978.0,RFn,2.0,470.0,TA,TA,Y,0,0,0,0,192,0,,MnPrv,,0,6,2007,WD ,Normal,156000,171.05263157894737,mid,139.0096430850972,24,0,29,29,1800.0,2.0,36
2249,2250,914452190,20,RL,71.0,9187,Pave,,Reg,Bnk,AllPub,Corner,Gtl,Mitchel,Norm,Norm,1Fam,1Story,6,5,1983,1983,Gable,CompShg,VinylSd,VinylSd,,0.0,TA,Gd,PConc,TA,TA,No,ALQ,336.0,Unf,0.0,748.0,1084.0,GasA,TA,Y,SBrkr,1080,0,0,1080,0.0,0.0,1,1,3,1,TA,5,Typ,0,,Attchd,1983.0,Unf,2.0,484.0,TA,TA,Y,120,0,158,0,0,0,,,,0,6,2007,WD ,Normal,134000,124.07407407407408,mid,139.0096430850972,24,1,24,24,2164.0,1.5,30
2250,2251,914460020,20,RL,80.0,10000,Pave,,Reg,Lvl,AllPub,Inside,Gtl,Mitchel,Norm,Norm,1Fam,1Story,5,5,2002,2002,Gable,CompShg,VinylSd,VinylSd,BrkFace,166.0,Gd,TA,PConc,Gd,TA,No,GLQ,585.0,Unf,0.0,856.0,1441.0,GasA,Ex,Y,SBrkr,1392,0,0,1392,0.0,0.0,2,0,3,1,Gd,6,Typ,1,Gd,Attchd,2002.0,Fin,3.0,650.0,TA,TA,Y,168,49,0,0,0,0,,,,0,12,2007,WD ,Normal,215000,154.45402298850576,mid,139.0096430850972,24,0,5,5,2833.0,2.0,25
2251,2252,914460110,20,RL,44.0,12864,Pave,,IR1,Lvl,AllPub,CulDSac,Gtl,Mitchel,Norm,Norm,1Fam,1Story,7,5,2002,2002,Gable,CompShg,VinylSd,VinylSd,,0.0,Gd,TA,PConc,Gd,TA,No,GLQ,1392.0,Unf,0.0,17.0,1409.0,GasA,Ex,Y,SBrkr,1409,0,0,1409,1.0,0.0,1,1,1,1,Gd,4,Typ,1,Gd,Attchd,2002.0,RFn,2.0,576.0,TA,TA,Y,0,144,0,0,145,0,,,,0,7,2007,WD ,Normal,245000,173.88218594748048,high,161.22004357298474,3,0,5,5,2818.0,2.5,35
2252,2253,914476330,20,RL,,9928,Pave,,IR1,Lvl,AllPub,CulDSac,Gtl,Mitchel,Norm,Norm,1Fam,1Story,7,5,1991,1992,Gable,CompShg,HdBoard,HdBoard,,0.0,TA,TA,PConc,Gd,TA,No,GLQ,1239.0,Unf,0.0,215.0,1454.0,GasA,TA,Y,SBrkr,1478,0,0,1478,1.0,0.0,2,0,3,1,TA,6,Typ,1,TA,Attchd,1991.0,Unf,2.0,506.0,TA,TA,Y,114,22,0,0,0,0,,,,0,5,2007,WD ,Normal,210000,142.08389715832206,high,161.22004357298474,3,1,16,15,2932.0,3.0,35
2253,2254,914478020,80,RL,,8750,Pave,,IR1,Lvl,AllPub,Inside,Gtl,Mitchel,Norm,Norm,1Fam,SLvl,7,6,1975,1975,Gable,CompShg,Plywood,Plywood,Stone,50.0,TA,TA,CBlock,TA,TA,Av,Rec,224.0,GLQ,530.0,98.0,852.0,GasA,TA,Y,SBrkr,918,0,0,918,0.0,1.0,1,0,3,0,TA,4,Typ,0,,Attchd,1975.0,Unf,1.0,360.0,TA,TA,Y,192,84,0,0,0,0,,,,0,3,2007,WD ,Normal,148000,161.22004357298474,high,161.22004357298474,3,0,32,32,1770.0,1.5,42
2254,2255,914478100,85,RL,82.0,8410,Pave,,IR1,Lvl,AllPub,Corner,Gtl,Mitchel,Norm,Norm,1Fam,SFoyer,6,6,1974,1974,Gable,CompShg,Plywood,Plywood,,0.0,TA,TA,CBlock,Gd,TA,Av,ALQ,924.0,Unf,0.0,46.0,970.0,GasA,TA,Y,SBrkr,1026,0,0,1026,1.0,0.0,1,0,2,1,TA,5,Typ,1,Po,Attchd,1974.0,Unf,2.0,528.0,TA,TA,Y,193,0,0,0,0,0,,,,0,4,2007,WD ,Normal,143000,139.37621832358676,mid,139.0096430850972,24,0,33,33,1996.0,2.0,36
2255,2256,916226090,120,RL,46.0,4054,Pave,,IR1,Lvl,AllPub,Inside,Gtl,Timber,Norm,Norm,TwnhsE,1Story,7,6,1987,1987,Gable,CompShg,VinylSd,VinylSd,BrkFace,352.0,Gd,TA,BrkTil,Gd,TA,Av,GLQ,949.0,Unf,0.0,552.0,1501.0,GasA,Ex,Y,SBrkr,1501,0,0,1501,1.0,0.0,2,0,2,1,Gd,5,Typ,2,TA,Attchd,1987.0,Fin,2.0,512.0,TA,TA,Y,240,0,0,0,0,0,,,,0,10,2007,WD ,Normal,244000,162.5582944703531,high,151.67373328703036,16,0,20,20,3002.0,3.0,42
2256,2257,916253320,120,RM,,9763,Pave,,IR1,Lvl,AllPub,Inside,Gtl,GrnHill,Norm,Norm,TwnhsE,1Story,7,5,1998,1998,Gable,CompShg,Wd Sdng,Wd Sdng,BrkFace,239.0,Gd,TA,PConc,Gd,TA,No,GLQ,1102.0,ALQ,72.0,328.0,1502.0,GasA,Ex,Y,SBrkr,1502,0,0,1502,1.0,0.0,1,1,1,1,Gd,5,Typ,1,TA,Attchd,1998.0,Fin,1.0,286.0,TA,TA,Y,0,0,0,0,0,0,,,,0,9,2007,WD ,Normal,330000,219.70705725699068,high,219.70705725699068,1,0,9,9,3004.0,2.5,35
2257,2258,916326040,20,RL,115.0,16905,Pave,,Reg,Lvl,AllPub,Inside,Gtl,Timber,Norm,Norm,1Fam,1Story,5,6,1959,1959,Gable,CompShg,VinylSd,VinylSd,,0.0,TA,Gd,CBlock,TA,TA,Gd,BLQ,967.0,Unf,0.0,383.0,1350.0,GasA,Gd,Y,SBrkr,1328,0,0,1328,0.0,1.0,1,1,2,1,TA,5,Typ,2,Gd,Attchd,1959.0,RFn,1.0,308.0,TA,TA,P,0,104,0,0,0,0,,,,0,7,2007,WD ,Normal,170000,128.0120481927711,mid,118.76590330788804,5,0,48,48,2678.0,2.0,30
2258,2259,916326090,20,RL,149.0,19958,Pave,,Reg,Lvl,AllPub,Inside,Gtl,Timber,Norm,Norm,1Fam,1Story,6,8,1958,1995,Hip,CompShg,HdBoard,HdBoard,BrkFace,1224.0,TA,Gd,CBlock,TA,TA,No,Unf,0.0,Unf,0.0,585.0,585.0,GasA,Gd,Y,SBrkr,2279,0,0,2279,0.0,0.0,2,1,4,1,Gd,7,Typ,1,Gd,Attchd,1958.0,RFn,2.0,461.0,TA,TA,Y,274,0,0,0,138,0,,GdPrv,,0,7,2007,WD ,Normal,257000,112.76875822729268,mid,118.76590330788804,5,0,49,12,2864.0,2.5,48
2259,2260,916384050,20,RL,67.0,8368,Pave,,IR1,HLS,AllPub,Inside,Gtl,Timber,Norm,Norm,1Fam,1Story,7,5,2006,2007,Gable,CompShg,VinylSd,VinylSd,,0.0,Gd,TA,PConc,Gd,TA,No,Unf,0.0,Unf,0.0,1689.0,1689.0,GasA,Ex,Y,SBrkr,1689,0,0,1689,0.0,0.0,2,0,3,1,Gd,7,Typ,0,,Attchd,2007.0,Fin,2.0,433.0,TA,TA,Y,100,39,0,0,0,0,,,,0,4,2007,New,Partial,231713,137.1894612196566,high,151.67373328703036,16,0,1,0,3378.0,2.0,35
2260,2261,916384070,20,RL,68.0,8298,Pave,,IR1,HLS,AllPub,Inside,Gtl,Timber,Norm,Norm,1Fam,1Story,8,5,2006,2007,Hip,CompShg,VinylSd,VinylSd,,,Gd,TA,PConc,Gd,TA,Av,GLQ,583.0,Unf,0.0,963.0,1546.0,GasA,Ex,Y,SBrkr,1564,0,0,1564,0.0,0.0,2,0,2,1,Ex,6,Typ,1,Gd,Attchd,2207.0,RFn,2.0,502.0,TA,TA,Y,132,0,0,0,0,0,,,,0,9,2007,New,Partial,267300,170.9079283887468,high,151.67373328703036,16,0,1,0,3110.0,2.0,40
2261,2262,916384080,20,RL,64.0,9037,Pave,,IR1,HLS,AllPub,Inside,Gtl,Timber,Norm,Norm,1Fam,1Story,8,5,2006,2006,Hip,CompShg,VinylSd,VinylSd,BrkFace,32.0,Gd,TA,PConc,Gd,TA,Av,GLQ,428.0,Unf,0.0,1048.0,1476.0,GasA,Ex,Y,SBrkr,1484,0,0,1484,0.0,0.0,2,0,2,1,Ex,6,Typ,1,Gd,Attchd,2006.0,RFn,2.0,472.0,TA,TA,Y,120,33,0,0,0,0,,,,0,12,2007,WD ,Normal,265900,179.177897574124,high,151.67373328703036,16,0,1,1,2960.0,2.0,40
2262,2263,916384150,20,RL,89.0,10991,Pave,,IR1,HLS,AllPub,Inside,Gtl,Timber,Norm,Norm,1Fam,1Story,8,5,2007,2007,Gable,CompShg,VinylSd,VinylSd,BrkFace,80.0,Gd,TA,PConc,Gd,TA,Gd,Unf,0.0,Unf,0.0,1571.0,1571.0,GasA,Ex,Y,SBrkr,1571,0,0,1571,0.0,0.0,2,0,3,1,Gd,7,Typ,1,Gd,Attchd,2007.0,Fin,3.0,722.0,TA,TA,Y,100,36,0,0,0,0,,,,0,12,2007,New,Partial,239000,152.1323997453851,high,151.67373328703036,16,0,0,0,3142.0,2.0,40
2263,2264,916386170,20,RL,67.0,10656,Pave,,IR1,HLS,AllPub,Inside,Gtl,Timber,Norm,Norm,1Fam,1Story,8,5,2006,2007,Gable,CompShg,VinylSd,VinylSd,Stone,274.0,Gd,TA,PConc,Gd,TA,Av,Unf,0.0,Unf,0.0,1638.0,1638.0,GasA,Ex,Y,SBrkr,1646,0,0,1646,0.0,0.0,2,0,3,1,Gd,6,Typ,1,Gd,Attchd,2007.0,RFn,3.0,870.0,TA,TA,Y,192,80,0,0,0,0,,,,0,11,2007,New,Partial,248900,151.2150668286756,high,151.67373328703036,16,0,1,0,3284.0,2.0,40
2264,2265,916403040,20,RL,42.0,10331,Pave,,Reg,Lvl,AllPub,CulDSac,Gtl,Timber,Norm,Norm,1Fam,1Story,7,7,1985,1985,Gable,CompShg,Plywood,Plywood,,0.0,TA,TA,CBlock,Gd,TA,No,ALQ,215.0,BLQ,80.0,970.0,1265.0,GasA,Gd,Y,SBrkr,1240,0,0,1240,0.0,1.0,2,0,3,1,Gd,6,Typ,0,,Attchd,1985.0,Unf,2.0,528.0,TA,TA,Y,232,0,0,0,0,0,,,,0,7,2007,WD ,Normal,174000,140.32258064516128,high,151.67373328703036,16,0,22,22,2505.0,2.5,49
2265,2266,916403290,50,RL,44.0,13758,Pave,,IR1,Lvl,AllPub,CulDSac,Gtl,Timber,Norm,Norm,1Fam,1.5Fin,7,5,1990,1991,Gable,CompShg,HdBoard,HdBoard,BrkFace,117.0,Gd,Gd,CBlock,Gd,TA,Mn,LwQ,902.0,Unf,0.0,254.0,1156.0,GasA,Ex,Y,SBrkr,1187,530,0,1717,0.0,0.0,2,1,3,1,Gd,7,Typ,1,TA,Attchd,1990.0,RFn,2.0,400.0,TA,TA,Y,168,36,0,0,0,0,,,,0,4,2007,WD ,Normal,187500,109.20209668025626,high,151.67373328703036,16,1,17,16,2873.0,2.5,35
2266,2267,916455010,60,RL,,9303,Pave,,IR1,Lvl,AllPub,Corner,Gtl,Timber,Norm,Norm,1Fam,2Story,6,5,1996,1997,Hip,CompShg,VinylSd,VinylSd,BrkFace,42.0,Gd,TA,PConc,Ex,TA,No,ALQ,742.0,Unf,0.0,130.0,872.0,GasA,Ex,Y,SBrkr,888,868,0,1756,1.0,0.0,2,1,3,1,TA,7,Typ,0,,Attchd,1996.0,Fin,2.0,422.0,TA,TA,Y,144,122,0,0,0,0,,,,0,7,2007,WD ,Normal,204000,116.17312072892939,mid,118.76590330788804,5,0,11,10,2628.0,3.5,30
2267,2268,916455050,20,RL,,6718,Pave,,IR1,Lvl,AllPub,Inside,Gtl,Timber,Norm,Norm,1Fam,1Story,8,5,2001,2001,Gable,CompShg,VinylSd,VinylSd,BrkFace,86.0,Gd,TA,PConc,Ex,TA,Mn,GLQ,250.0,Unf,0.0,1017.0,1267.0,GasA,Ex,Y,SBrkr,1312,0,0,1312,0.0,0.0,2,0,2,1,Gd,5,Typ,0,,Attchd,2001.0,Unf,2.0,471.0,TA,TA,Y,256,28,0,0,0,0,,,,0,1,2007,WD ,Normal,180500,137.5762195121951,high,151.67373328703036,16,0,6,6,2579.0,2.0,40
2268,2269,916455110,80,RL,73.0,9590,Pave,,IR1,Lvl,AllPub,Corner,Gtl,Timber,Norm,Norm,1Fam,SLvl,7,5,2003,2003,Gable,CompShg,VinylSd,VinylSd,BrkFace,442.0,Gd,TA,PConc,Ex,TA,Av,GLQ,786.0,Unf,0.0,82.0,868.0,GasA,Ex,Y,SBrkr,1146,0,0,1146,1.0,0.0,2,0,3,1,Gd,6,Typ,1,Gd,Attchd,2003.0,Fin,2.0,438.0,TA,TA,Y,160,22,0,0,0,0,,,,0,5,2007,WD ,Normal,187500,163.61256544502618,high,151.67373328703036,16,0,4,4,2014.0,3.0,35
2269,2270,916455150,20,RL,80.0,11305,Pave,,Reg,Lvl,AllPub,Inside,Gtl,Timber,Norm,Norm,1Fam,1Story,8,5,2002,2002,Hip,CompShg,VinylSd,VinylSd,BrkFace,886.0,Gd,TA,PConc,Gd,TA,Av,GLQ,1329.0,Unf,0.0,593.0,1922.0,GasA,Ex,Y,SBrkr,1922,0,0,1922,1.0,0.0,2,0,2,1,Gd,6,Typ,1,Ex,Attchd,2002.0,Fin,3.0,692.0,TA,TA,Y,201,64,0,0,0,0,,,,0,4,2007,WD ,Normal,282000,146.72216441207075,high,151.67373328703036,16,0,5,5,3844.0,3.0,40
2270,2271,916460020,20,RL,,7777,Pave,,IR1,Lvl,AllPub,Inside,Gtl,Timber,Norm,Norm,1Fam,1Story,6,5,1996,1996,Gable,CompShg,VinylSd,VinylSd,BrkFace,203.0,Gd,TA,PConc,Ex,TA,No,Unf,0.0,Unf,0.0,1491.0,1491.0,GasA,Ex,Y,SBrkr,1491,0,0,1491,0.0,0.0,2,0,3,1,TA,7,Typ,1,TA,Attchd,1996.0,Fin,2.0,571.0,TA,TA,Y,0,35,0,0,0,0,,,,0,11,2007,WD ,Normal,178000,119.38296445338699,mid,118.76590330788804,5,0,11,11,2982.0,2.0,30
2271,2272,916475020,20,RL,85.0,14536,Pave,,Reg,Lvl,AllPub,Inside,Gtl,Timber,Norm,Norm,1Fam,1Story,8,5,2002,2003,Hip,CompShg,VinylSd,VinylSd,BrkFace,236.0,Gd,TA,PConc,Gd,TA,Av,GLQ,1300.0,Unf,0.0,316.0,1616.0,GasA,Ex,Y,SBrkr,1629,0,0,1629,1.0,0.0,2,0,3,1,Gd,9,Typ,1,Gd,Attchd,2002.0,Fin,3.0,808.0,TA,TA,Y,0,252,0,0,0,0,,,,0,11,2007,WD ,Normal,270000,165.74585635359117,high,151.67373328703036,16,0,5,4,3245.0,3.0,40
2272,2273,916477060,60,RL,,11800,Pave,,IR1,Lvl,AllPub,Inside,Gtl,Timber,Norm,Norm,1Fam,2Story,7,5,2003,2004,Gable,CompShg,VinylSd,VinylSd,BrkFace,94.0,Gd,TA,PConc,Gd,TA,Gd,GLQ,766.0,Unf,0.0,356.0,1122.0,GasA,Ex,Y,SBrkr,1146,1340,0,2486,1.0,0.0,3,1,5,1,Gd,10,Typ,1,Gd,BuiltIn,2003.0,Fin,2.0,452.0,TA,TA,Y,143,32,0,0,0,0,,,,0,7,2007,WD ,Normal,279900,112.59050683829444,high,151.67373328703036,16,1,4,3,3608.0,4.5,35
2273,2274,917425190,20,RL,50.0,35133,Grvl,,Reg,Lvl,AllPub,Inside,Mod,Timber,Norm,Norm,1Fam,1Story,5,4,1963,1963,Hip,CompShg,MetalSd,MetalSd,BrkFace,226.0,TA,TA,CBlock,TA,TA,Gd,Rec,1159.0,Unf,0.0,413.0,1572.0,GasA,Gd,Y,SBrkr,1572,0,0,1572,1.0,0.0,1,1,3,1,TA,5,Typ,2,TA,2Types,1963.0,RFn,3.0,995.0,TA,TA,Y,0,263,0,0,263,0,,,,0,5,2007,WD ,Normal,186700,118.76590330788804,mid,118.76590330788804,5,0,44,44,3144.0,2.5,20
2274,2275,921126010,20,RL,93.0,15306,Pave,,IR1,HLS,AllPub,Corner,Gtl,Timber,Norm,Norm,1Fam,1Story,8,5,2006,2007,Gable,CompShg,VinylSd,VinylSd,Stone,100.0,Gd,TA,PConc,Ex,TA,Gd,GLQ,80.0,Unf,0.0,1652.0,1732.0,GasA,Ex,Y,SBrkr,1776,0,0,1776,1.0,0.0,2,0,3,1,Gd,7,Typ,1,Gd,Attchd,2006.0,Fin,3.0,712.0,TA,TA,Y,0,0,0,0,0,0,,,,0,5,2007,New,Partial,283463,159.60754504504504,high,151.67373328703036,16,0,1,0,3508.0,3.0,40
2275,2276,921128030,20,RL,85.0,12633,Pave,,IR1,HLS,AllPub,Inside,Gtl,Timber,PosA,PosA,1Fam,1Story,10,5,2006,2007,Hip,CompShg,MetalSd,MetalSd,BrkFace,242.0,Ex,TA,PConc,Ex,TA,Gd,Unf,0.0,Unf,0.0,1824.0,1824.0,GasA,Ex,Y,SBrkr,1824,0,0,1824,0.0,0.0,2,0,3,1,Ex,8,Typ,1,Gd,Attchd,2006.0,Fin,3.0,932.0,TA,TA,Y,160,36,0,0,108,0,,,,0,9,2007,New,Partial,392000,214.91228070175438,high,151.67373328703036,16,0,1,0,3648.0,2.0,50
2276,2277,921205070,60,RL,88.0,12665,Pave,,IR1,Lvl,AllPub,Inside,Gtl,Timber,Norm,Norm,1Fam,2Story,8,5,2005,2006,Hip,CompShg,VinylSd,VinylSd,BrkFace,245.0,Gd,TA,PConc,Gd,Gd,Gd,Unf,0.0,Unf,0.0,1094.0,1094.0,GasA,Ex,Y,SBrkr,1133,1349,0,2482,0.0,0.0,2,1,4,1,Gd,9,Typ,1,Gd,BuiltIn,2005.0,Fin,3.0,642.0,TA,TA,Y,144,39,0,0,0,0,,,,0,2,2007,WD ,Normal,281213,113.30096696212732,high,151.67373328703036,16,1,2,1,3576.0,2.5,40
2277,2278,923202134,20,RL,70.0,8402,Pave,,Reg,Lvl,AllPub,Inside,Gtl,Mitchel,Feedr,Norm,1Fam,1Story,5,5,2007,2007,Gable,CompShg,VinylSd,VinylSd,,0.0,TA,TA,PConc,Gd,TA,No,ALQ,206.0,Unf,0.0,914.0,1120.0,GasA,Ex,Y,SBrkr,1120,0,0,1120,0.0,0.0,1,0,3,1,TA,6,Typ,0,,,,,0.0,0.0,,,Y,0,30,0,0,0,0,,,,0,12,2007,New,Partial,147000,131.25,mid,139.0096430850972,24,0,0,0,2240.0,1.0,25
2278,2279,923202220,20,RL,200.0,43500,Pave,,Reg,Lvl,AllPub,Inside,Gtl,Mitchel,Artery,Norm,1Fam,1Story,3,5,1953,1953,Gable,CompShg,MetalSd,MetalSd,,0.0,TA,TA,CBlock,,,,,0.0,,0.0,0.0,0.0,GasA,Ex,Y,SBrkr,2034,0,0,2034,0.0,0.0,1,0,2,1,TA,9,Min1,0,,2Types,1953.0,RFn,4.0,1041.0,TA,TA,N,483,266,0,0,0,561,TA,GdPrv,,0,6,2007,WD ,Normal,130000,63.91347099311701,low,63.91347099311701,1,0,54,54,2034.0,1.0,15
2279,2280,923203010,120,RM,62.0,6710,Pave,,IR1,Lvl,AllPub,FR3,Gtl,Mitchel,Norm,Norm,TwnhsE,SFoyer,6,5,1996,1997,Gable,CompShg,VinylSd,VinylSd,BrkFace,134.0,TA,TA,PConc,Ex,TA,Av,Rec,16.0,GLQ,904.0,0.0,920.0,GasA,Ex,Y,SBrkr,936,0,0,936,2.0,0.0,0,1,0,1,TA,3,Typ,0,,Attchd,1996.0,Fin,2.0,460.0,TA,TA,Y,0,40,0,0,0,0,,,,0,6,2007,WD ,Normal,140000,149.57264957264957,mid,139.0096430850972,24,0,11,10,1856.0,2.5,30
2280,2281,923204050,20,RL,94.0,25286,Pave,,Reg,HLS,AllPub,Inside,Mod,Mitchel,Norm,Norm,1Fam,1Story,4,5,1963,1963,Gable,CompShg,HdBoard,Plywood,,0.0,TA,TA,PConc,TA,TA,Gd,ALQ,633.0,Unf,0.0,431.0,1064.0,GasA,Gd,Y,SBrkr,1040,0,0,1040,1.0,0.0,1,0,3,1,TA,5,Typ,0,,Attchd,1963.0,Unf,2.0,648.0,TA,TA,Y,0,0,0,0,0,0,,,,0,1,2007,WD ,Normal,132250,127.16346153846153,mid,139.0096430850972,24,0,44,44,2104.0,2.0,20
2281,2282,923204140,90,RL,100.0,25000,Pave,,Reg,Low,AllPub,Inside,Gtl,Mitchel,Norm,Norm,Duplex,1Story,5,4,1967,1967,Gable,CompShg,HdBoard,Plywood,,0.0,TA,TA,CBlock,TA,TA,Av,Unf,0.0,Unf,0.0,1632.0,1632.0,GasA,TA,Y,SBrkr,1632,0,0,1632,0.0,0.0,2,0,4,2,TA,8,Typ,0,,Attchd,1967.0,Unf,2.0,576.0,TA,TA,P,0,0,0,0,0,0,,,,0,6,2007,WD ,Normal,143000,87.62254901960785,mid,139.0096430850972,24,1,40,40,3264.0,2.0,20
2282,2283,923205025,190,RL,,32463,Pave,,Reg,Low,AllPub,Inside,Mod,Mitchel,Norm,Norm,2fmCon,1Story,4,4,1961,1975,Gable,CompShg,MetalSd,MetalSd,Stone,149.0,TA,Gd,CBlock,TA,TA,Av,BLQ,1159.0,Unf,0.0,90.0,1249.0,GasA,Ex,Y,SBrkr,1622,0,0,1622,1.0,0.0,1,0,3,1,TA,7,Typ,1,TA,2Types,1975.0,Fin,4.0,1356.0,TA,TA,Y,439,0,0,0,0,0,,,,0,3,2007,WD ,Normal,168000,103.57583230579532,mid,139.0096430850972,24,1,46,32,2871.0,2.0,16
2283,2284,923225040,120,RM,44.0,4224,Pave,,Reg,Lvl,AllPub,Inside,Gtl,MeadowV,Norm,Norm,TwnhsE,1Story,5,7,1976,1976,Gable,CompShg,CemntBd,CmentBd,,0.0,TA,TA,PConc,Gd,TA,No,GLQ,840.0,Unf,0.0,200.0,1040.0,GasA,TA,Y,SBrkr,1060,0,0,1060,1.0,0.0,1,0,3,1,TA,6,Typ,1,TA,Attchd,1976.0,Unf,2.0,572.0,TA,TA,Y,100,110,0,0,0,0,,,,0,6,2007,WD ,Normal,129900,122.54716981132076,mid,96.67394097837646,8,0,31,31,2100.0,2.0,35
2284,2285,923225050,120,RM,44.0,4224,Pave,,Reg,Lvl,AllPub,Inside,Gtl,MeadowV,Norm,Norm,TwnhsE,1Story,5,5,1976,1976,Gable,CompShg,CemntBd,CmentBd,,0.0,TA,TA,PConc,Gd,TA,No,ALQ,874.0,Unf,0.0,268.0,1142.0,GasA,TA,Y,SBrkr,1142,0,0,1142,1.0,0.0,1,1,3,1,TA,6,Typ,1,Po,Attchd,1976.0,Fin,2.0,528.0,TA,TA,Y,536,90,0,0,0,0,,MnPrv,,0,8,2007,WD ,Normal,134000,117.33800350262698,mid,96.67394097837646,8,0,31,31,2284.0,2.5,25
2285,2286,923226300,160,RM,21.0,1504,Pave,,Reg,Lvl,AllPub,Inside,Gtl,MeadowV,Norm,Norm,Twnhs,2Story,4,4,1972,1972,Gable,CompShg,CemntBd,CmentBd,,0.0,TA,TA,CBlock,TA,TA,No,BLQ,252.0,Unf,0.0,294.0,546.0,GasA,TA,Y,SBrkr,546,546,0,1092,0.0,0.0,1,1,3,1,TA,5,Typ,0,,Attchd,1972.0,Unf,1.0,253.0,TA,TA,Y,0,0,0,0,0,0,,,,0,5,2007,WD ,Normal,85500,78.2967032967033,mid,96.67394097837646,8,1,35,35,1638.0,1.5,16
2286,2287,923228200,180,RM,,1533,Pave,,Reg,Lvl,AllPub,Inside,Gtl,MeadowV,Norm,Norm,Twnhs,SLvl,4,5,1970,1970,Gable,CompShg,CemntBd,CmentBd,,0.0,TA,TA,CBlock,Gd,TA,Av,GLQ,503.0,Unf,0.0,27.0,530.0,GasA,TA,Y,SBrkr,530,462,0,992,1.0,0.0,1,0,2,1,TA,4,Typ,0,,BuiltIn,1970.0,Fin,1.0,297.0,TA,TA,Y,112,97,0,0,0,0,,,,0,7,2007,WD ,Normal,106500,107.35887096774194,mid,96.67394097837646,8,0,37,37,1522.0,2.0,20
2287,2288,923228220,160,RM,21.0,1495,Pave,,Reg,Lvl,AllPub,Inside,Gtl,MeadowV,Norm,Norm,TwnhsE,2Story,4,6,1970,1970,Gable,CompShg,CemntBd,CmentBd,BrkFace,189.0,TA,TA,CBlock,TA,TA,No,ALQ,384.0,Unf,0.0,162.0,546.0,GasA,Ex,Y,SBrkr,546,546,0,1092,0.0,0.0,1,1,3,1,TA,5,Typ,0,,,,,0.0,0.0,,,Y,0,64,0,0,0,0,,,,0,5,2007,WD ,Normal,93900,85.98901098901099,mid,96.67394097837646,8,1,37,37,1638.0,1.5,24
2288,2289,923228250,160,RM,21.0,2001,Pave,,Reg,Lvl,AllPub,Inside,Gtl,MeadowV,Norm,Norm,Twnhs,2Story,4,5,1970,1970,Gable,CompShg,CemntBd,CmentBd,BrkFace,80.0,TA,TA,CBlock,TA,TA,No,Unf,0.0,Unf,0.0,546.0,546.0,GasA,Fa,Y,SBrkr,546,546,0,1092,0.0,0.0,1,1,3,1,TA,6,Typ,0,,Attchd,1970.0,Unf,1.0,286.0,TA,TA,Y,0,0,0,0,0,0,,,,0,1,2007,WD ,Normal,75000,68.68131868131869,mid,96.67394097837646,8,1,37,37,1638.0,1.5,20
2289,2290,923228290,180,RM,21.0,1936,Pave,,Reg,Lvl,AllPub,Inside,Gtl,MeadowV,Norm,Norm,Twnhs,SFoyer,4,6,1970,1970,Gable,CompShg,CemntBd,CmentBd,,0.0,TA,TA,CBlock,Gd,TA,Av,BLQ,131.0,GLQ,499.0,0.0,630.0,GasA,Gd,Y,SBrkr,630,0,0,630,1.0,0.0,1,0,1,1,TA,3,Typ,0,,,,,0.0,0.0,,,Y,0,0,0,0,0,0,,MnPrv,,0,12,2007,WD ,Normal,84500,134.12698412698413,mid,96.67394097837646,8,0,37,37,1260.0,2.0,24
2290,2291,923228390,160,RM,21.0,1890,Pave,,Reg,Lvl,AllPub,Inside,Gtl,MeadowV,Norm,Norm,Twnhs,2Story,4,3,1976,1976,Gable,CompShg,CemntBd,CmentBd,,0.0,TA,TA,CBlock,TA,TA,No,Unf,0.0,Unf,0.0,546.0,546.0,GasA,Ex,Y,SBrkr,546,546,0,1092,0.0,0.0,1,1,3,1,TA,6,Typ,0,,Attchd,1976.0,Unf,1.0,286.0,TA,TA,Y,0,0,0,0,0,0,,GdWo,,0,4,2007,COD,Normal,75190,68.85531135531136,mid,96.67394097837646,8,1,31,31,1638.0,1.5,12
2291,2292,923229010,80,RL,,11333,Pave,,IR1,Lvl,AllPub,Corner,Gtl,Mitchel,Norm,Norm,1Fam,SLvl,6,5,1976,1976,Gable,CompShg,HdBoard,HdBoard,,0.0,TA,TA,PConc,Gd,TA,Av,ALQ,539.0,Unf,0.0,490.0,1029.0,GasA,TA,Y,SBrkr,1062,0,0,1062,1.0,0.0,1,0,3,1,TA,5,Typ,2,TA,Attchd,1976.0,RFn,2.0,539.0,TA,TA,Y,120,0,0,0,0,0,,,,0,5,2007,WD ,Normal,146800,138.2297551789077,mid,139.0096430850972,24,0,31,31,2091.0,2.0,30
2292,2293,923229040,85,RL,72.0,9129,Pave,,Reg,Lvl,AllPub,Inside,Gtl,Mitchel,Norm,Norm,1Fam,SFoyer,5,5,1977,1977,Gable,CompShg,Plywood,Plywood,BrkFace,144.0,TA,TA,PConc,Gd,TA,Av,GLQ,923.0,Unf,0.0,0.0,923.0,GasA,TA,Y,SBrkr,1008,0,0,1008,1.0,0.0,1,0,1,1,Gd,4,Typ,1,Fa,Attchd,1977.0,Fin,2.0,678.0,TA,TA,Y,201,66,0,0,0,0,,MnPrv,,0,7,2007,WD ,Normal,153500,152.28174603174602,mid,139.0096430850972,24,0,30,30,1931.0,2.0,25
2293,2294,923229100,80,RL,,15957,Pave,,IR1,Low,AllPub,Corner,Mod,Mitchel,Norm,Norm,1Fam,SLvl,6,6,1977,1977,Gable,CompShg,HdBoard,Plywood,,0.0,TA,TA,PConc,Gd,TA,Gd,GLQ,1148.0,Unf,0.0,96.0,1244.0,GasA,TA,Y,SBrkr,1356,0,0,1356,2.0,0.0,2,0,3,1,TA,6,Typ,1,TA,Attchd,1977.0,Fin,2.0,528.0,TA,TA,Y,1424,0,0,0,0,0,,MnPrv,,0,9,2007,WD ,Normal,188000,138.64306784660766,mid,139.0096430850972,24,0,30,30,2600.0,4.0,36
2294,2295,923229140,20,RL,61.0,33983,Pave,,IR1,Lvl,AllPub,Inside,Gtl,Mitchel,Norm,Norm,1Fam,1Story,5,6,1977,1994,Gable,CompShg,Plywood,Plywood,,0.0,TA,Fa,PConc,TA,TA,Mn,ALQ,1112.0,Unf,0.0,48.0,1160.0,GasA,TA,Y,SBrkr,1676,0,0,1676,1.0,0.0,1,1,3,1,Gd,6,Mod,2,TA,Attchd,1977.0,RFn,2.0,672.0,TA,TA,P,690,90,0,0,0,0,,GdPrv,,0,5,2007,WD ,Normal,196000,116.94510739856801,mid,139.0096430850972,24,1,30,13,2836.0,2.5,30
2295,2296,923230010,60,RL,68.0,8286,Pave,,IR1,Lvl,AllPub,Corner,Gtl,Mitchel,Norm,Norm,1Fam,2Story,5,7,1977,1977,Gable,CompShg,Plywood,Plywood,,0.0,TA,TA,PConc,Gd,TA,No,Rec,531.0,Unf,0.0,185.0,716.0,GasA,Ex,Y,SBrkr,716,716,0,1432,1.0,0.0,1,1,3,1,TA,6,Typ,1,Gd,Attchd,1977.0,Fin,2.0,531.0,TA,TA,Y,0,136,0,0,240,0,,GdPrv,,0,6,2007,WD ,Normal,157000,109.63687150837988,mid,139.0096430850972,24,1,30,30,2148.0,2.5,35
2296,2297,923230120,85,RL,50.0,6723,Pave,,Reg,Lvl,AllPub,Inside,Gtl,Mitchel,Norm,Norm,1Fam,SFoyer,5,7,1971,1971,Gable,CompShg,Wd Sdng,HdBoard,,0.0,TA,TA,CBlock,Gd,TA,Av,GLQ,796.0,Unf,0.0,0.0,796.0,GasA,TA,Y,SBrkr,796,0,0,796,0.0,1.0,1,0,2,1,TA,5,Typ,0,,,,,0.0,0.0,,,Y,129,0,0,0,0,0,,GdWo,,0,9,2007,WD ,Normal,138000,173.36683417085428,mid,139.0096430850972,24,0,36,36,1592.0,1.5,35
2297,2298,923230180,85,RL,54.0,7244,Pave,,Reg,Lvl,AllPub,Inside,Gtl,Mitchel,Norm,Norm,1Fam,SFoyer,5,7,1970,1970,Gable,CompShg,VinylSd,VinylSd,,0.0,TA,Gd,CBlock,Gd,TA,Av,ALQ,619.0,Unf,0.0,149.0,768.0,GasA,Ex,Y,SBrkr,768,0,0,768,1.0,0.0,1,0,2,1,TA,5,Typ,0,,Detchd,1987.0,Unf,2.0,624.0,TA,TA,Y,104,0,0,0,0,0,,,,0,4,2007,WD ,Normal,129500,168.61979166666666,mid,139.0096430850972,24,0,37,37,1536.0,2.0,35
2298,2299,923251160,20,RL,124.0,27697,Pave,,Reg,Lvl,AllPub,Inside,Gtl,Mitchel,Norm,Norm,1Fam,1Story,4,3,1961,1961,Shed,CompShg,Plywood,Plywood,CBlock,198.0,TA,TA,CBlock,TA,TA,No,BLQ,811.0,Unf,0.0,585.0,1396.0,GasA,TA,N,SBrkr,1608,0,0,1608,0.0,0.0,1,0,3,1,TA,6,Typ,0,,Attchd,1961.0,Unf,1.0,444.0,TA,Fa,Y,152,38,0,0,0,0,,,,0,11,2007,COD,Abnorml,80000,49.75124378109453,mid,139.0096430850972,24,1,46,46,3004.0,1.0,12
2299,2300,923252080,20,RL,69.0,7599,Pave,,Reg,Lvl,AllPub,Corner,Gtl,Mitchel,Norm,Norm,1Fam,1Story,4,6,1982,2006,Gable,CompShg,HdBoard,Plywood,,0.0,TA,TA,CBlock,TA,TA,No,ALQ,565.0,Unf,0.0,280.0,845.0,GasA,TA,Y,SBrkr,845,0,0,845,1.0,0.0,1,0,2,1,TA,4,Typ,0,,Detchd,1987.0,Unf,2.0,360.0,TA,TA,Y,0,0,0,0,0,0,,,,0,6,2007,WD ,Normal,129500,153.25443786982248,mid,139.0096430850972,24,0,25,1,1690.0,2.0,24
2300,2301,923275010,20,RL,,11000,Pave,,IR2,Lvl,AllPub,Corner,Gtl,Mitchel,Norm,Norm,1Fam,1Story,5,6,1976,2003,Gable,CompShg,Plywood,Plywood,,0.0,TA,TA,PConc,Gd,TA,No,LwQ,1090.0,Unf,0.0,0.0,1090.0,GasA,TA,Y,SBrkr,1178,0,0,1178,1.0,0.0,1,1,3,1,TA,6,Typ,0,,Attchd,1976.0,Unf,2.0,502.0,TA,TA,Y,0,44,0,0,88,0,,MnPrv,,0,6,2007,WD ,Normal,135000,114.60101867572156,mid,139.0096430850972,24,1,31,4,2268.0,2.5,30
2301,2302,923275200,20,RL,76.0,8314,Pave,,Reg,Lvl,AllPub,Corner,Gtl,Mitchel,Norm,Norm,1Fam,1Story,5,7,1982,1982,Gable,CompShg,HdBoard,ImStucc,,0.0,TA,TA,CBlock,TA,TA,Gd,ALQ,546.0,Unf,0.0,270.0,816.0,GasA,TA,Y,SBrkr,816,0,0,816,0.0,0.0,1,0,2,1,TA,5,Typ,0,,Attchd,1982.0,Unf,1.0,264.0,TA,TA,Y,168,0,0,0,0,0,,,,0,6,2007,WD ,Normal,124500,152.5735294117647,mid,139.0096430850972,24,0,25,25,1632.0,1.0,35
2302,2303,923276180,20,RL,65.0,11625,Pave,,IR1,Lvl,AllPub,Inside,Gtl,Mitchel,Norm,Norm,1Fam,1Story,5,7,1983,1983,Gable,CompShg,HdBoard,HdBoard,,0.0,TA,TA,CBlock,Gd,TA,No,ALQ,596.0,Unf,0.0,220.0,816.0,GasA,TA,Y,SBrkr,816,0,0,816,1.0,0.0,1,0,2,1,TA,4,Typ,0,,Attchd,1983.0,Fin,1.0,264.0,TA,TA,Y,330,0,0,0,0,0,,MnPrv,,0,5,2007,WD ,Normal,139000,170.34313725490196,mid,139.0096430850972,24,0,24,24,1632.0,2.0,35
2303,2304,923400150,20,RL,63.0,10712,Pave,,Reg,Lvl,AllPub,Inside,Gtl,Mitchel,Norm,Norm,1Fam,1Story,5,5,1991,1992,Gable,CompShg,HdBoard,HdBoard,,0.0,TA,TA,PConc,Gd,TA,Mn,BLQ,212.0,Unf,0.0,762.0,974.0,GasA,TA,Y,SBrkr,974,0,0,974,0.0,0.0,1,0,3,1,TA,5,Typ,0,,,,,0.0,0.0,,,Y,0,28,0,0,0,0,,MnPrv,,0,9,2007,Oth,Abnorml,93500,95.99589322381931,mid,139.0096430850972,24,1,16,15,1948.0,1.0,25
2304,2305,923425030,20,RL,62.0,10447,Pave,,Reg,Lvl,AllPub,Inside,Gtl,Mitchel,Norm,Norm,1Fam,1Story,5,6,1984,1984,Gable,CompShg,Plywood,HdBoard,,0.0,TA,TA,CBlock,TA,TA,No,ALQ,516.0,Unf,0.0,348.0,864.0,GasA,TA,Y,SBrkr,887,0,0,887,0.0,1.0,1,0,3,1,TA,5,Typ,0,,Attchd,1984.0,RFn,1.0,288.0,TA,TA,Y,140,0,0,0,0,0,,,,0,12,2007,WD ,Normal,124500,140.3607666290868,mid,139.0096430850972,24,0,23,23,1751.0,1.5,30
2305,2306,526302030,20,RL,,11027,Pave,,IR1,Lvl,AllPub,Inside,Gtl,NAmes,Norm,Norm,1Fam,1Story,6,5,1954,1954,Hip,CompShg,Wd Sdng,Wd Sdng,Stone,28.0,TA,TA,CBlock,TA,TA,No,BLQ,468.0,Rec,539.0,171.0,1178.0,GasA,Gd,Y,SBrkr,1293,0,0,1293,1.0,0.0,2,0,2,1,TA,5,Typ,0,,Attchd,1954.0,RFn,2.0,452.0,TA,TA,Y,280,0,0,0,0,0,,,,0,5,2006,WD ,Normal,149900,115.93194122196442,mid,121.59722222222223,88,0,52,52,2471.0,3.0,30
2306,2307,526302040,20,RL,85.0,10533,Pave,,IR1,Lvl,AllPub,Inside,Gtl,NAmes,Norm,Norm,1Fam,1Story,6,6,1956,1956,Hip,CompShg,VinylSd,VinylSd,BrkFace,244.0,TA,Gd,CBlock,TA,TA,No,Rec,773.0,Unf,0.0,235.0,1008.0,GasA,TA,Y,SBrkr,1024,0,0,1024,1.0,0.0,1,0,2,1,Gd,5,Typ,2,TA,Attchd,1956.0,Unf,1.0,313.0,TA,TA,Y,0,0,0,0,280,0,,,,0,8,2006,WD ,Normal,157500,153.80859375,mid,121.59722222222223,88,0,50,50,2032.0,2.0,36
2307,2308,526302120,20,RL,,11765,Pave,,IR1,Lvl,AllPub,Corner,Gtl,NAmes,Norm,Norm,1Fam,1Story,5,5,1957,1957,Gable,CompShg,Wd Sdng,Wd Sdng,Stone,302.0,TA,TA,CBlock,TA,TA,Mn,Rec,1127.0,Unf,0.0,490.0,1617.0,GasA,Fa,Y,SBrkr,1797,0,0,1797,0.0,0.0,1,1,3,1,TA,7,Typ,1,TA,Attchd,1957.0,Unf,3.0,963.0,TA,TA,Y,0,0,0,0,0,0,,,,0,6,2006,WD ,Normal,169000,94.04563160823595,mid,121.59722222222223,88,1,49,49,3414.0,1.5,25
2308,2309,526303060,20,RL,,39384,Pave,,IR1,Low,AllPub,CulDSac,Sev,NAmes,Norm,Norm,1Fam,1Story,6,6,1957,1957,Gable,CompShg,Wd Sdng,Wd Sdng,Stone,902.0,TA,TA,CBlock,Gd,TA,Gd,ALQ,1110.0,Unf,0.0,595.0,1705.0,GasA,Ex,Y,SBrkr,1390,0,0,1390,1.0,0.0,1,1,1,1,Ex,4,Min1,2,Gd,Attchd,1957.0,Unf,2.0,550.0,TA,TA,Y,0,189,0,0,0,0,,,,0,10,2006,WD ,Abnorml,252000,181.29496402877697,mid,121.59722222222223,88,0,49,49,3095.0,2.5,36
2309,2310,526354020,20,RL,90.0,11727,Pave,,Reg,Lvl,AllPub,Corner,Gtl,NAmes,Norm,Norm,1Fam,1Story,7,6,1969,1969,Gable,CompShg,HdBoard,HdBoard,BrkFace,434.0,TA,Gd,CBlock,TA,TA,Mn,Unf,0.0,Unf,0.0,1851.0,1851.0,GasA,Gd,Y,SBrkr,1851,0,0,1851,0.0,0.0,2,0,3,1,TA,8,Typ,1,TA,Attchd,1969.0,Fin,2.0,506.0,TA,TA,Y,0,146,0,0,0,0,,,,0,3,2006,WD ,Normal,192100,103.7817396002161,high,104.77515067222996,7,0,37,37,3702.0,2.0,42
2310,2311,527105060,60,RL,60.0,8238,Pave,,IR1,Lvl,AllPub,Inside,Gtl,Gilbert,Norm,Norm,1Fam,2Story,6,5,1997,1998,Gable,CompShg,VinylSd,VinylSd,,0.0,TA,TA,PConc,TA,TA,No,GLQ,700.0,Unf,0.0,113.0,813.0,GasA,Ex,Y,SBrkr,813,712,0,1525,1.0,0.0,2,1,3,1,TA,6,Typ,1,TA,Attchd,1997.0,Fin,2.0,400.0,TA,TA,Y,421,72,0,0,0,0,,,,0,5,2006,WD ,Normal,183500,120.32786885245902,mid,117.86572802197801,18,0,9,8,2338.0,3.5,30
2311,2312,527106010,60,RL,,13006,Pave,,IR1,Lvl,AllPub,Corner,Gtl,Gilbert,Norm,Norm,1Fam,2Story,7,5,1997,1997,Gable,CompShg,HdBoard,HdBoard,BrkFace,285.0,TA,TA,PConc,Gd,TA,No,Unf,0.0,Unf,0.0,964.0,964.0,GasA,Gd,Y,SBrkr,993,1243,0,2236,0.0,0.0,2,1,4,1,Gd,8,Typ,1,TA,BuiltIn,1997.0,Fin,2.0,642.0,TA,TA,Y,0,0,0,0,0,0,,,,0,11,2006,WD ,Normal,222000,99.28443649373882,high,120.61047807072089,20,1,9,9,3200.0,2.5,35
2312,2313,527107020,60,RL,,13041,Pave,,IR2,Lvl,AllPub,Inside,Gtl,Gilbert,Norm,Norm,1Fam,2Story,6,5,1995,1995,Gable,CompShg,HdBoard,HdBoard,,0.0,TA,TA,PConc,Gd,TA,No,Unf,0.0,Unf,0.0,781.0,781.0,GasA,Gd,Y,SBrkr,781,890,0,1671,0.0,0.0,2,1,3,1,TA,7,Typ,1,TA,Attchd,1995.0,Fin,2.0,423.0,TA,TA,Y,0,84,0,0,0,0,,,,0,2,2006,WD ,Normal,170000,101.73548773189707,mid,117.86572802197801,18,1,11,11,2452.0,2.5,30
2313,2314,527107030,60,RL,,13031,Pave,,IR2,Lvl,AllPub,Corner,Gtl,Gilbert,Norm,Norm,1Fam,2Story,6,5,1995,1996,Gable,CompShg,HdBoard,HdBoard,,0.0,TA,TA,PConc,Gd,TA,No,ALQ,592.0,Unf,0.0,99.0,691.0,GasA,Gd,Y,SBrkr,691,807,0,1498,0.0,0.0,2,1,3,1,TA,6,Typ,1,TA,Attchd,1995.0,Fin,2.0,409.0,TA,TA,Y,315,44,0,0,0,0,,,,0,7,2006,WD ,Normal,187500,125.16688918558077,mid,117.86572802197801,18,0,11,10,2189.0,2.5,30
2314,2315,527107120,60,RL,54.0,9783,Pave,,IR1,Lvl,AllPub,Inside,Gtl,Gilbert,Norm,Norm,1Fam,2Story,6,5,1996,1996,Gable,CompShg,HdBoard,HdBoard,,0.0,TA,TA,PConc,Gd,TA,No,Unf,0.0,Unf,0.0,821.0,821.0,GasA,Gd,Y,SBrkr,821,955,0,1776,0.0,0.0,2,1,3,1,TA,7,Typ,1,TA,BuiltIn,1996.0,Fin,2.0,443.0,TA,TA,Y,286,116,0,0,0,0,,,,0,5,2006,WD ,Normal,202000,113.73873873873873,mid,117.86572802197801,18,0,10,10,2597.0,2.5,30
2315,2316,527107240,60,RL,70.0,11207,Pave,,IR1,HLS,AllPub,FR2,Gtl,Gilbert,Norm,Norm,1Fam,2Story,6,5,1997,1997,Gable,CompShg,VinylSd,VinylSd,,0.0,TA,TA,PConc,Gd,TA,Av,GLQ,714.0,Unf,0.0,88.0,802.0,GasA,Gd,Y,SBrkr,802,709,0,1511,1.0,0.0,2,1,3,1,TA,8,Typ,1,TA,Attchd,1997.0,Fin,2.0,413.0,TA,TA,Y,95,75,0,0,0,0,,,,0,6,2006,WD ,Normal,185000,122.43547319655858,mid,117.86572802197801,18,0,9,9,2313.0,3.5,30
2316,2317,527108010,60,RL,134.0,19378,Pave,,IR1,HLS,AllPub,Corner,Gtl,Gilbert,Norm,Norm,1Fam,2Story,7,5,2005,2006,Gable,CompShg,VinylSd,VinylSd,BrkFace,456.0,Gd,TA,PConc,Gd,TA,Mn,GLQ,57.0,Unf,0.0,1335.0,1392.0,GasA,Ex,Y,SBrkr,1392,1070,0,2462,1.0,0.0,2,1,4,1,Gd,9,Typ,1,Gd,Attchd,2006.0,RFn,2.0,576.0,TA,TA,Y,239,132,0,168,0,0,,,,0,3,2006,New,Partial,320000,129.97562956945572,high,120.61047807072089,20,0,1,0,3854.0,3.5,35
2317,2318,527108020,20,RL,50.0,14859,Pave,,IR1,HLS,AllPub,CulDSac,Gtl,Gilbert,Norm,Norm,1Fam,1Story,7,5,2006,2006,Hip,CompShg,VinylSd,VinylSd,BrkFace,27.0,Gd,TA,PConc,Gd,TA,No,Unf,0.0,Unf,0.0,1670.0,1670.0,GasA,Ex,Y,SBrkr,1670,0,0,1670,0.0,0.0,2,0,3,1,Gd,7,Typ,1,Gd,Attchd,2006.0,RFn,3.0,690.0,TA,TA,Y,144,60,0,0,0,0,,,,0,8,2006,New,Partial,240000,143.7125748502994,high,120.61047807072089,20,0,0,0,3340.0,2.0,35
2318,2319,527108030,60,RL,50.0,13128,Pave,,IR1,HLS,AllPub,CulDSac,Gtl,Gilbert,Norm,Norm,1Fam,2Story,8,5,2005,2005,Gable,CompShg,VinylSd,VinylSd,BrkFace,216.0,Gd,TA,PConc,Gd,TA,No,Unf,0.0,Unf,0.0,1074.0,1074.0,GasA,Ex,Y,SBrkr,1074,990,0,2064,0.0,0.0,2,1,4,1,Gd,7,Typ,1,Gd,Attchd,2005.0,Fin,2.0,527.0,TA,TA,Y,0,119,0,0,0,0,,,,0,1,2006,WD ,Normal,250000,121.12403100775194,high,120.61047807072089,20,0,1,1,3138.0,2.5,40
2319,2320,527108040,60,RL,72.0,10463,Pave,,IR1,HLS,AllPub,CulDSac,Gtl,Gilbert,Norm,Norm,1Fam,2Story,8,5,2005,2005,Gable,CompShg,VinylSd,VinylSd,,0.0,Gd,TA,PConc,Gd,TA,No,Unf,0.0,Unf,0.0,893.0,893.0,GasA,Ex,Y,SBrkr,901,900,0,1801,0.0,0.0,2,1,3,1,Gd,8,Typ,1,Gd,Attchd,2005.0,Fin,3.0,800.0,TA,TA,Y,0,116,0,0,0,0,,,,0,6,2006,WD ,Normal,239900,133.20377568017767,high,120.61047807072089,20,0,1,1,2694.0,2.5,40
2320,2321,527108060,60,RL,42.0,13751,Pave,,IR1,HLS,AllPub,CulDSac,Gtl,Gilbert,Norm,Norm,1Fam,2Story,7,5,2005,2006,Gable,CompShg,VinylSd,VinylSd,BrkFace,248.0,Gd,TA,PConc,Gd,TA,Av,GLQ,60.0,Unf,0.0,1640.0,1700.0,GasA,Ex,Y,SBrkr,1700,512,0,2212,1.0,0.0,2,1,3,1,Gd,9,Typ,1,Gd,Attchd,2006.0,Fin,3.0,773.0,TA,TA,Y,237,38,0,0,115,0,,,,0,5,2006,New,Partial,309000,139.69258589511753,high,120.61047807072089,20,0,1,0,3912.0,3.5,35
2321,2322,527108090,60,RL,168.0,23257,Pave,,IR3,HLS,AllPub,CulDSac,Gtl,Gilbert,Norm,Norm,1Fam,2Story,7,5,2006,2006,Gable,CompShg,VinylSd,VinylSd,,0.0,Gd,TA,PConc,Ex,Gd,No,Unf,0.0,Unf,0.0,868.0,868.0,GasA,Ex,Y,SBrkr,887,1134,0,2021,0.0,0.0,2,1,3,1,Gd,9,Typ,1,Gd,BuiltIn,2006.0,RFn,2.0,422.0,TA,TA,Y,0,100,0,0,0,0,,,,0,9,2006,New,Partial,274725,135.93518060366156,high,120.61047807072089,20,0,0,0,2889.0,2.5,35
2322,2323,527146135,160,RL,68.0,13108,Pave,,IR1,Lvl,AllPub,Inside,Gtl,StoneBr,Norm,Norm,1Fam,2Story,8,5,1994,1994,Gable,CompShg,CemntBd,CmentBd,,0.0,Gd,TA,PConc,Gd,TA,No,Unf,0.0,Unf,0.0,2062.0,2062.0,GasA,Ex,Y,SBrkr,2079,608,0,2687,0.0,0.0,2,1,4,1,Gd,9,Typ,0,,Attchd,1994.0,Fin,2.0,618.0,TA,TA,Y,168,12,0,0,0,0,,,,0,12,2006,WD ,Normal,270000,100.48381094157052,high,157.86452353616534,15,1,12,12,4749.0,2.5,40
2323,2324,527158020,20,RL,,8076,Pave,,IR1,Lvl,AllPub,Inside,Gtl,Gilbert,Norm,Norm,1Fam,1Story,6,6,1993,1994,Gable,CompShg,HdBoard,HdBoard,BrkFace,112.0,TA,TA,PConc,Gd,TA,No,GLQ,705.0,Unf,0.0,455.0,1160.0,GasA,Gd,Y,SBrkr,1169,0,0,1169,0.0,1.0,2,0,3,1,TA,6,Typ,1,TA,Attchd,1993.0,Fin,2.0,402.0,TA,TA,Y,0,26,0,0,144,0,,MnPrv,,0,7,2006,WD ,Normal,183500,156.97177074422584,mid,117.86572802197801,18,0,13,12,2329.0,2.5,36
2324,2325,527163020,60,RL,,7685,Pave,,IR1,Lvl,AllPub,Inside,Gtl,Gilbert,Norm,Norm,1Fam,2Story,6,5,1993,1994,Gable,CompShg,HdBoard,HdBoard,BrkFace,112.0,TA,TA,PConc,Gd,TA,No,ALQ,518.0,Unf,0.0,179.0,697.0,GasA,Gd,Y,SBrkr,697,804,0,1501,0.0,0.0,2,1,3,1,Gd,6,Typ,1,TA,Attchd,1993.0,Fin,2.0,420.0,TA,TA,Y,190,63,0,0,0,0,,,,0,5,2006,WD ,Normal,165600,110.32644903397735,mid,117.86572802197801,18,0,13,12,2198.0,2.5,30
2325,2326,527166030,60,RL,63.0,9084,Pave,,IR1,Lvl,AllPub,Inside,Gtl,Gilbert,Norm,Norm,1Fam,2Story,7,5,1998,1998,Hip,CompShg,VinylSd,VinylSd,,0.0,TA,TA,PConc,Gd,TA,No,Unf,0.0,Unf,0.0,935.0,935.0,GasA,Gd,Y,SBrkr,955,677,0,1632,0.0,0.0,2,1,3,1,TA,8,Typ,1,TA,Attchd,1998.0,Fin,2.0,462.0,TA,TA,Y,0,28,0,0,0,0,,,,0,6,2006,WD ,Normal,176500,108.14950980392157,high,120.61047807072089,20,1,8,8,2567.0,2.5,35
2326,2327,527182020,120,RL,30.0,3701,Pave,,IR1,Lvl,AllPub,Inside,Gtl,StoneBr,Norm,Norm,TwnhsE,1Story,8,5,1987,1987,Gable,CompShg,HdBoard,HdBoard,,0.0,TA,TA,CBlock,Gd,TA,No,Unf,0.0,Unf,0.0,1191.0,1191.0,GasA,TA,Y,SBrkr,1204,0,0,1204,0.0,0.0,2,0,2,1,TA,5,Typ,0,,Attchd,1987.0,RFn,2.0,461.0,TA,TA,Y,120,70,0,0,0,0,,,,0,8,2006,WD ,Normal,130000,107.9734219269103,high,157.86452353616534,15,1,19,19,2395.0,2.0,40
2327,2328,527190050,160,RL,44.0,5306,Pave,,IR1,Lvl,AllPub,Inside,Gtl,StoneBr,Norm,Norm,TwnhsE,2Story,7,7,1987,1987,Gable,CompShg,HdBoard,HdBoard,,0.0,Gd,Gd,PConc,Gd,Gd,No,GLQ,495.0,Rec,215.0,354.0,1064.0,GasA,Gd,Y,SBrkr,1064,703,0,1767,1.0,0.0,2,0,2,1,Gd,5,Typ,1,TA,Attchd,1987.0,RFn,2.0,504.0,Gd,TA,Y,441,35,0,0,0,0,,,,0,6,2006,WD ,Normal,239000,135.2574985851726,high,157.86452353616534,15,1,19,19,2831.0,3.0,49
2328,2329,527190220,120,RL,,6563,Pave,,IR1,Low,AllPub,CulDSac,Mod,StoneBr,Norm,Norm,1Fam,1Story,8,5,1985,1985,Gable,CompShg,HdBoard,HdBoard,,0.0,Gd,TA,PConc,Gd,TA,Gd,GLQ,1148.0,Unf,0.0,594.0,1742.0,GasA,TA,Y,SBrkr,1742,0,0,1742,1.0,0.0,2,0,2,1,Gd,5,Typ,1,TA,Attchd,1985.0,RFn,2.0,564.0,TA,TA,Y,114,28,234,0,0,0,,,,0,12,2006,WD ,Normal,275000,157.86452353616534,high,157.86452353616534,15,0,21,21,3484.0,3.0,40
2329,2330,527210030,60,RL,59.0,16023,Pave,,IR1,HLS,AllPub,CulDSac,Gtl,StoneBr,Norm,Norm,1Fam,2Story,9,5,2005,2006,Hip,CompShg,VinylSd,VinylSd,BrkFace,600.0,Gd,Ex,PConc,Ex,TA,Gd,GLQ,1218.0,Unf,0.0,180.0,1398.0,GasA,Ex,Y,SBrkr,1414,1384,0,2798,1.0,0.0,3,1,3,1,Ex,11,Typ,1,Gd,BuiltIn,2005.0,Fin,3.0,670.0,TA,TA,Y,182,37,0,0,0,0,,,,0,3,2006,New,Partial,457347,163.45496783416726,high,157.86452353616534,15,0,1,0,4196.0,4.5,45
2330,2331,527210040,60,RL,60.0,18062,Pave,,IR1,HLS,AllPub,CulDSac,Gtl,StoneBr,Norm,Norm,1Fam,2Story,10,5,2006,2006,Hip,CompShg,CemntBd,CmentBd,BrkFace,662.0,Ex,TA,PConc,Ex,TA,Gd,Unf,0.0,Unf,0.0,1528.0,1528.0,GasA,Ex,Y,SBrkr,1528,1862,0,3390,0.0,0.0,3,1,5,1,Ex,10,Typ,1,Ex,BuiltIn,2006.0,Fin,3.0,758.0,TA,TA,Y,204,34,0,0,0,0,,,,0,9,2006,New,Partial,545224,160.8330383480826,high,157.86452353616534,15,0,0,0,4918.0,3.5,50
2331,2332,527210050,60,RL,63.0,12292,Pave,,IR1,HLS,AllPub,CulDSac,Gtl,StoneBr,Norm,Norm,1Fam,2Story,9,5,2006,2006,Hip,CompShg,VinylSd,VinylSd,BrkFace,184.0,Gd,TA,PConc,Ex,Gd,Gd,GLQ,205.0,Unf,0.0,889.0,1094.0,GasA,Ex,Y,SBrkr,1102,1371,0,2473,0.0,0.0,2,1,4,1,Gd,11,Typ,1,Gd,BuiltIn,2006.0,Fin,3.0,675.0,TA,TA,Y,246,39,0,0,0,0,,,,0,7,2006,New,Partial,356383,144.10958350181966,high,157.86452353616534,15,0,0,0,3567.0,2.5,45
2332,2333,527212030,60,RL,85.0,16056,Pave,,IR1,Lvl,AllPub,Inside,Gtl,StoneBr,Norm,Norm,1Fam,2Story,9,5,2005,2006,Hip,CompShg,CemntBd,CmentBd,Stone,208.0,Gd,TA,PConc,Ex,TA,Av,GLQ,240.0,Unf,0.0,1752.0,1992.0,GasA,Ex,Y,SBrkr,1992,876,0,2868,0.0,0.0,3,1,4,1,Ex,11,Typ,1,Gd,BuiltIn,2005.0,Fin,3.0,716.0,TA,TA,Y,214,108,0,0,0,0,,,,0,7,2006,New,Partial,556581,194.06589958158995,high,157.86452353616534,15,0,1,0,4860.0,3.5,45
2333,2334,527212040,60,RL,82.0,12438,Pave,,IR1,Lvl,AllPub,Inside,Gtl,StoneBr,Norm,Norm,1Fam,2Story,8,5,2006,2006,Hip,CompShg,VinylSd,VinylSd,BrkFace,466.0,Ex,TA,PConc,Ex,Gd,No,Unf,0.0,Unf,0.0,1234.0,1234.0,GasA,Ex,Y,SBrkr,1264,1312,0,2576,0.0,0.0,2,1,4,1,Ex,10,Typ,1,Gd,BuiltIn,2006.0,Fin,3.0,666.0,TA,TA,Y,324,100,0,0,0,0,,,,0,7,2006,New,Partial,361919,140.49650621118013,high,157.86452353616534,15,1,0,0,3810.0,2.5,40
2334,2335,527214060,60,RL,82.0,16052,Pave,,IR1,Lvl,AllPub,CulDSac,Gtl,StoneBr,Norm,Norm,1Fam,2Story,10,5,2006,2006,Hip,CompShg,VinylSd,VinylSd,Stone,734.0,Ex,TA,PConc,Ex,TA,No,GLQ,1206.0,Unf,0.0,644.0,1850.0,GasA,Ex,Y,SBrkr,1850,848,0,2698,1.0,0.0,2,1,4,1,Ex,11,Typ,1,Gd,Attchd,2006.0,RFn,3.0,736.0,TA,TA,Y,250,0,0,0,0,0,,,,0,7,2006,New,Partial,535000,198.29503335804299,high,157.86452353616534,15,0,0,0,4548.0,3.5,50
2335,2336,527216010,60,RL,92.0,15922,Pave,,IR1,HLS,AllPub,Corner,Gtl,StoneBr,Norm,Norm,1Fam,2Story,9,5,2005,2006,Hip,CompShg,VinylSd,VinylSd,BrkFace,550.0,Gd,TA,PConc,Ex,TA,Av,Unf,0.0,Unf,0.0,1390.0,1390.0,GasA,Ex,Y,SBrkr,1390,1405,0,2795,0.0,0.0,3,1,4,1,Ex,10,Typ,1,Gd,BuiltIn,2005.0,Fin,3.0,660.0,TA,TA,Y,272,102,0,0,0,0,,,,0,1,2006,New,Partial,401179,143.53452593917712,high,157.86452353616534,15,0,1,0,4185.0,3.5,45
2336,2337,527216050,60,RL,66.0,13682,Pave,,IR2,HLS,AllPub,CulDSac,Gtl,StoneBr,Norm,Norm,1Fam,2Story,10,5,2006,2006,Hip,CompShg,VinylSd,VinylSd,BrkFace,1031.0,Ex,TA,PConc,Ex,TA,Gd,Unf,0.0,Unf,0.0,1410.0,1410.0,GasA,Ex,Y,SBrkr,1426,1519,0,2945,0.0,0.0,3,1,3,1,Gd,10,Typ,1,Gd,BuiltIn,2006.0,Fin,3.0,641.0,TA,TA,Y,192,0,37,0,0,0,,,,0,10,2006,New,Partial,438780,148.99151103565364,high,157.86452353616534,15,0,0,0,4355.0,3.5,50
2337,2338,527226010,60,RL,,14762,Pave,,IR2,Lvl,AllPub,Corner,Gtl,Gilbert,Feedr,Norm,1Fam,2Story,5,6,1948,1950,Gable,CompShg,Plywood,Plywood,,0.0,TA,TA,Slab,,,,,0.0,,0.0,0.0,0.0,GasA,Gd,Y,SBrkr,1547,720,53,2320,0.0,0.0,2,0,2,1,TA,7,Typ,1,TA,Attchd,1979.0,Unf,2.0,672.0,TA,TA,P,120,144,0,0,0,0,,,,0,5,2006,WD ,Normal,169000,72.84482758620689,mid,117.86572802197801,18,1,58,56,2320.0,2.0,30
2338,2339,527250040,190,RL,100.0,34650,Pave,,Reg,Bnk,AllPub,Inside,Gtl,Gilbert,Norm,Norm,2fmCon,1Story,5,5,1955,1955,Hip,CompShg,Wd Sdng,Wd Sdng,,0.0,TA,TA,CBlock,TA,TA,Mn,Rec,1056.0,Unf,0.0,0.0,1056.0,GasA,TA,N,SBrkr,1056,0,0,1056,1.0,0.0,1,0,3,1,TA,5,Typ,0,,Attchd,1955.0,Fin,2.0,572.0,TA,TA,Y,264,0,0,0,0,0,,,,0,1,2006,WD ,Normal,145000,137.31060606060606,mid,117.86572802197801,18,0,51,51,2112.0,2.0,25
2339,2340,527252090,120,RL,60.0,8147,Pave,,Reg,HLS,AllPub,Inside,Gtl,StoneBr,Norm,Norm,TwnhsE,1Story,9,5,2005,2005,Hip,CompShg,MetalSd,MetalSd,BrkFace,230.0,Gd,TA,PConc,Ex,TA,Gd,GLQ,1191.0,Unf,0.0,523.0,1714.0,GasA,Ex,Y,SBrkr,1714,0,0,1714,1.0,0.0,2,0,2,1,Gd,7,Typ,1,Gd,Attchd,2005.0,Fin,2.0,517.0,TA,TA,Y,156,55,0,0,0,0,,,,0,8,2006,WD ,Normal,318000,185.53092182030338,high,157.86452353616534,15,0,1,1,3428.0,3.0,45
2340,2341,527254070,20,RL,69.0,11302,Pave,,IR1,Lvl,AllPub,Inside,Gtl,StoneBr,Norm,Norm,1Fam,1Story,8,5,2005,2006,Gable,CompShg,VinylSd,Other,BrkFace,238.0,Gd,TA,PConc,Gd,TA,Gd,GLQ,1422.0,Unf,0.0,392.0,1814.0,GasA,Ex,Y,SBrkr,1826,0,0,1826,1.0,0.0,2,0,3,1,Gd,7,Typ,1,TA,Attchd,2005.0,Fin,3.0,758.0,TA,TA,Y,180,75,0,0,120,0,,,,0,8,2006,New,Partial,319000,174.6987951807229,high,157.86452353616534,15,0,1,0,3640.0,3.0,40
2341,2342,527256120,20,RL,90.0,18261,Pave,,IR1,HLS,AllPub,Inside,Gtl,StoneBr,Norm,Norm,1Fam,1Story,9,5,2005,2005,Hip,CompShg,VinylSd,VinylSd,BrkFace,420.0,Ex,TA,PConc,Ex,TA,Gd,GLQ,1416.0,Unf,0.0,494.0,1910.0,GasA,Ex,Y,SBrkr,2000,0,0,2000,1.0,0.0,2,1,3,1,Ex,8,Typ,2,Gd,Attchd,2005.0,Unf,3.0,722.0,TA,TA,Y,351,102,0,0,123,0,,,,0,9,2006,WD ,Normal,470000,235.0,high,157.86452353616534,15,0,1,1,3910.0,3.5,45
2342,2343,527301010,20,RL,91.0,14145,Pave,,Reg,Lvl,AllPub,Corner,Gtl,NWAmes,Norm,Norm,1Fam,1Story,7,7,1984,1998,Gable,CompShg,Wd Sdng,Wd Sdng,,0.0,Gd,TA,CBlock,Gd,TA,Mn,ALQ,213.0,Unf,0.0,995.0,1208.0,GasA,Ex,Y,SBrkr,1621,0,0,1621,1.0,0.0,2,0,3,1,Gd,8,Typ,0,,Attchd,1984.0,RFn,2.0,440.0,TA,TA,Y,108,45,0,0,0,0,,,Shed,400,5,2006,WD ,Normal,202500,124.92288710672425,high,112.58821288525988,12,0,22,8,2829.0,3.0,49
2343,2344,527302080,50,RL,,13837,Pave,,IR1,Lvl,AllPub,Corner,Gtl,NWAmes,Norm,Norm,1Fam,1.5Fin,7,5,1988,1988,Gable,CompShg,HdBoard,HdBoard,BrkFace,178.0,Gd,Gd,PConc,Gd,Gd,No,GLQ,1002.0,LwQ,202.0,0.0,1204.0,GasA,Gd,Y,SBrkr,1377,806,0,2183,0.0,0.0,2,1,4,1,Gd,9,Typ,0,,Attchd,1988.0,Unf,3.0,786.0,TA,TA,Y,0,0,0,0,0,0,,,,0,2,2006,WD ,Normal,229000,104.90151168117269,high,112.58821288525988,12,0,18,18,3387.0,2.5,35
2344,2345,527325160,60,RL,,16659,Pave,,IR1,Lvl,AllPub,Corner,Gtl,NWAmes,PosA,Norm,1Fam,2Story,7,7,1977,1994,Gable,CompShg,Plywood,Plywood,BrkFace,34.0,TA,TA,CBlock,TA,TA,No,ALQ,795.0,Unf,0.0,0.0,795.0,GasA,Fa,Y,SBrkr,1468,795,0,2263,1.0,0.0,2,1,3,1,Gd,9,Typ,1,TA,Attchd,1977.0,Fin,2.0,539.0,TA,TA,Y,0,250,0,0,0,0,,,,0,3,2006,WD ,Normal,235000,103.844454264251,high,112.58821288525988,12,0,29,12,3058.0,3.5,49
2345,2346,527327080,60,RL,,18800,Pave,,IR1,Lvl,AllPub,FR2,Gtl,NWAmes,Norm,Norm,1Fam,2Story,6,5,1976,1976,Gable,CompShg,HdBoard,HdBoard,BrkFace,120.0,TA,TA,PConc,Gd,TA,Mn,GLQ,712.0,Unf,0.0,84.0,796.0,GasA,TA,Y,SBrkr,790,784,0,1574,1.0,0.0,2,1,3,1,TA,6,Typ,1,TA,Attchd,1976.0,Fin,2.0,566.0,TA,TA,Y,306,111,0,0,0,0,,,,0,7,2006,WD ,Normal,190000,120.71156289707751,mid,122.79966471081308,13,0,30,30,2370.0,3.5,30
2346,2347,527328010,85,RL,,10464,Pave,,IR1,Lvl,AllPub,FR3,Gtl,NWAmes,Norm,Norm,1Fam,SFoyer,6,6,1980,1980,Gable,CompShg,HdBoard,HdBoard,BrkFace,130.0,TA,TA,CBlock,Gd,TA,Av,GLQ,850.0,Unf,0.0,138.0,988.0,GasA,TA,Y,SBrkr,1102,0,0,1102,1.0,0.0,1,0,2,1,TA,5,Typ,1,TA,Attchd,1980.0,RFn,2.0,582.0,TA,TA,Y,140,22,0,0,0,0,,,,0,6,2006,WD ,Normal,169000,153.35753176043556,mid,122.79966471081308,13,0,26,26,2090.0,2.0,36
2347,2348,527354040,20,RL,80.0,10400,Pave,,Reg,Lvl,AllPub,Inside,Gtl,NWAmes,Norm,Norm,1Fam,1Story,7,5,1988,1988,Gable,CompShg,Wd Sdng,Wd Sdng,BrkFace,102.0,TA,TA,CBlock,Gd,TA,Av,GLQ,929.0,Unf,0.0,916.0,1845.0,GasA,Gd,Y,SBrkr,1872,0,0,1872,0.0,1.0,2,0,3,1,TA,6,Typ,1,TA,Attchd,1988.0,Fin,2.0,604.0,TA,TA,Y,197,39,0,0,0,0,,,,0,6,2006,WD ,Normal,241500,129.00641025641025,high,112.58821288525988,12,0,18,18,3717.0,2.5,35
2348,2349,527355060,60,RL,81.0,10530,Pave,,Reg,Lvl,AllPub,Inside,Gtl,NWAmes,PosA,Norm,1Fam,2Story,7,5,1978,1978,Gable,CompShg,Plywood,Plywood,BrkFace,68.0,TA,TA,CBlock,TA,TA,No,Unf,0.0,Unf,0.0,945.0,945.0,GasA,TA,Y,SBrkr,945,912,0,1857,0.0,0.0,2,1,4,1,TA,8,Typ,1,TA,Attchd,1978.0,RFn,2.0,482.0,TA,TA,Y,400,105,0,0,0,0,,GdPrv,,0,7,2006,WD ,Normal,188900,101.72320947765213,high,112.58821288525988,12,0,28,28,2802.0,2.5,35
2349,2350,527355280,20,RL,79.0,10240,Pave,,Reg,Lvl,AllPub,Inside,Gtl,NWAmes,Norm,Norm,1Fam,1Story,6,6,1980,1980,Gable,CompShg,Plywood,Plywood,BrkFace,157.0,TA,Gd,CBlock,Gd,TA,No,BLQ,625.0,LwQ,1061.0,0.0,1686.0,GasA,TA,Y,SBrkr,1686,0,0,1686,1.0,0.0,2,0,3,1,TA,7,Typ,1,TA,Attchd,1980.0,Unf,2.0,612.0,TA,TA,Y,384,131,0,0,0,0,,,,0,5,2006,WD ,Normal,207500,123.0723606168446,mid,122.79966471081308,13,0,26,26,3372.0,3.0,36
2350,2351,527356020,60,RL,80.0,16692,Pave,,IR1,Lvl,AllPub,Inside,Gtl,NWAmes,RRAn,Norm,1Fam,2Story,7,5,1978,1978,Gable,CompShg,Plywood,Plywood,BrkFace,184.0,TA,TA,CBlock,Gd,TA,No,BLQ,790.0,LwQ,469.0,133.0,1392.0,GasA,TA,Y,SBrkr,1392,1392,0,2784,1.0,0.0,3,1,5,1,Gd,12,Typ,2,TA,Attchd,1978.0,RFn,2.0,564.0,TA,TA,Y,0,112,0,0,440,519,Fa,MnPrv,TenC,2000,7,2006,WD ,Normal,250000,89.79885057471265,high,112.58821288525988,12,1,28,28,4176.0,4.5,35
2351,2352,527356060,60,RL,85.0,11475,Pave,,Reg,Lvl,AllPub,Inside,Gtl,NWAmes,RRAn,Norm,1Fam,2Story,6,6,1975,1975,Gable,CompShg,VinylSd,VinylSd,,0.0,TA,TA,CBlock,Gd,TA,No,ALQ,550.0,Unf,0.0,163.0,713.0,GasA,TA,Y,SBrkr,811,741,0,1552,1.0,0.0,2,1,3,1,TA,6,Typ,1,TA,Attchd,1975.0,RFn,2.0,434.0,TA,TA,Y,209,208,0,0,0,0,,MnPrv,,0,2,2006,WD ,Normal,179900,115.91494845360825,mid,122.79966471081308,13,0,31,31,2265.0,3.5,36
2352,2353,527358090,85,RL,,9927,Pave,,IR1,Lvl,AllPub,Inside,Gtl,NWAmes,Norm,Norm,1Fam,SFoyer,7,5,1976,1976,Gable,CompShg,VinylSd,Wd Shng,Stone,252.0,Gd,TA,CBlock,Ex,TA,Gd,GLQ,1005.0,Unf,0.0,42.0,1047.0,GasA,TA,Y,SBrkr,1083,0,0,1083,1.0,0.0,1,0,2,1,TA,5,Typ,1,Fa,Attchd,1976.0,RFn,2.0,596.0,TA,TA,Y,444,0,40,0,0,0,,,,0,7,2006,WD ,Normal,172000,158.81809787626963,high,112.58821288525988,12,0,30,30,2130.0,2.0,35
2353,2354,527365010,60,FV,75.0,9512,Pave,,IR1,Lvl,AllPub,Inside,Gtl,Somerst,RRAn,Norm,1Fam,2Story,7,5,2005,2006,Gable,CompShg,VinylSd,VinylSd,,0.0,Gd,TA,PConc,Gd,TA,No,ALQ,788.0,Unf,0.0,172.0,960.0,GasA,Ex,Y,SBrkr,960,1358,0,2318,1.0,0.0,2,1,3,1,Gd,8,Typ,1,Ex,BuiltIn,2005.0,Fin,2.0,541.0,TA,TA,Y,0,246,0,0,0,0,,,,0,6,2006,New,Partial,294323,126.97282139775669,high,134.74897265534986,26,0,1,0,3278.0,3.5,35
2354,2355,527375160,80,RL,81.0,10530,Pave,,Reg,Lvl,AllPub,Inside,Gtl,NWAmes,Norm,Norm,1Fam,SLvl,6,6,1975,2000,Gable,CompShg,Plywood,Plywood,BrkFace,248.0,TA,TA,CBlock,TA,Fa,No,ALQ,548.0,Unf,0.0,127.0,675.0,GasA,TA,Y,SBrkr,1109,766,0,1875,0.0,0.0,3,0,3,1,Gd,8,Typ,1,TA,Attchd,1975.0,RFn,2.0,485.0,TA,TA,Y,48,28,0,0,0,0,,,,0,6,2006,WD ,Normal,184500,98.4,mid,122.79966471081308,13,1,31,6,2550.0,3.0,36
2355,2356,527376090,20,RL,78.0,10140,Pave,,Reg,Lvl,AllPub,Inside,Gtl,NWAmes,Norm,Norm,1Fam,1Story,5,6,1975,1975,Gable,CompShg,HdBoard,HdBoard,,0.0,TA,TA,CBlock,Gd,TA,No,ALQ,788.0,Unf,0.0,268.0,1056.0,GasA,Ex,Y,SBrkr,1074,0,0,1074,1.0,0.0,1,1,3,1,TA,6,Typ,0,,Attchd,1975.0,RFn,2.0,495.0,TA,TA,Y,0,88,0,0,0,0,,MnPrv,,0,7,2006,WD ,Normal,153500,142.92364990689012,mid,122.79966471081308,13,0,31,31,2130.0,2.5,30
2356,2357,527376110,60,RL,78.0,10140,Pave,,Reg,Lvl,AllPub,Inside,Gtl,NWAmes,Norm,Norm,1Fam,2Story,7,5,1976,1976,Gable,CompShg,HdBoard,HdBoard,,0.0,TA,TA,PConc,Gd,TA,No,GLQ,194.0,Unf,0.0,638.0,832.0,GasA,TA,Y,SBrkr,832,832,0,1664,0.0,0.0,2,1,4,1,TA,8,Typ,1,TA,Attchd,1976.0,RFn,2.0,528.0,TA,TA,Y,0,28,0,0,259,0,,GdWo,,0,3,2006,WD ,Normal,162900,97.89663461538461,high,112.58821288525988,12,1,30,30,2496.0,2.5,35
2357,2358,527377030,20,RL,78.0,10140,Pave,,Reg,Lvl,AllPub,Inside,Gtl,NWAmes,Norm,Norm,1Fam,1Story,6,6,1974,1999,Hip,CompShg,HdBoard,HdBoard,BrkFace,99.0,TA,TA,CBlock,TA,TA,No,ALQ,663.0,LwQ,377.0,0.0,1040.0,GasA,Fa,Y,SBrkr,1309,0,0,1309,1.0,0.0,1,1,3,1,Gd,5,Typ,1,Fa,Attchd,1974.0,RFn,2.0,484.0,TA,TA,Y,265,0,0,0,0,648,Fa,GdPrv,,0,1,2006,WD ,Normal,181000,138.27349121466767,mid,122.79966471081308,13,0,32,7,2349.0,2.5,36
2358,2359,527378010,20,RL,80.0,10000,Pave,,Reg,Lvl,AllPub,Inside,Gtl,NWAmes,Norm,Norm,1Fam,1Story,6,6,1974,1974,Gable,CompShg,HdBoard,Plywood,BrkFace,176.0,TA,TA,CBlock,TA,TA,No,ALQ,755.0,Unf,0.0,348.0,1103.0,GasA,TA,Y,SBrkr,1103,0,0,1103,0.0,0.0,2,0,3,1,TA,6,Typ,0,,Attchd,1974.0,Unf,2.0,462.0,TA,TA,Y,295,84,0,0,0,0,,GdWo,,0,6,2006,WD ,Normal,155000,140.52583862194015,mid,122.79966471081308,13,0,32,32,2206.0,2.0,36
2359,2360,527402210,20,RL,,15870,Pave,,IR1,Lvl,AllPub,Corner,Gtl,NAmes,Norm,Norm,1Fam,1Story,5,5,1969,1969,Gable,CompShg,VinylSd,Plywood,,0.0,TA,TA,CBlock,TA,TA,Mn,BLQ,75.0,Rec,791.0,230.0,1096.0,GasA,Ex,Y,SBrkr,1096,0,0,1096,1.0,0.0,1,0,3,1,TA,6,Typ,0,,Attchd,1969.0,Fin,1.0,299.0,TA,TA,Y,240,32,0,0,0,0,,,,0,3,2006,WD ,Abnorml,138800,126.64233576642336,mid,121.59722222222223,88,0,37,37,2192.0,2.0,25
2360,2361,527402380,20,RL,71.0,9353,Pave,,Reg,Lvl,AllPub,Inside,Gtl,NAmes,Norm,Norm,1Fam,1Story,4,5,1970,1970,Gable,CompShg,MetalSd,MetalSd,,0.0,TA,TA,CBlock,TA,TA,No,Unf,0.0,Unf,0.0,864.0,864.0,GasA,Gd,Y,SBrkr,864,0,0,864,0.0,0.0,1,0,3,1,TA,5,Typ,0,,Attchd,1972.0,Unf,1.0,280.0,TA,TA,Y,0,0,0,0,0,0,,,Shed,0,7,2006,Oth,Abnorml,116050,134.31712962962962,mid,121.59722222222223,88,0,36,36,1728.0,1.0,20
2361,2362,527403120,20,RL,,8125,Pave,,IR1,Lvl,AllPub,Corner,Gtl,NAmes,Norm,Norm,1Fam,1Story,4,4,1971,1971,Gable,CompShg,HdBoard,HdBoard,,0.0,TA,TA,CBlock,TA,TA,No,BLQ,614.0,Unf,0.0,244.0,858.0,GasA,TA,Y,SBrkr,858,0,0,858,0.0,0.0,1,0,3,1,TA,5,Typ,0,,,,,0.0,0.0,,,Y,0,0,0,0,0,0,,,,0,6,2006,WD ,Normal,88000,102.56410256410257,mid,121.59722222222223,88,1,35,35,1716.0,1.0,16
2362,2363,527404180,20,RL,60.0,7200,Pave,,Reg,Lvl,AllPub,Inside,Gtl,NAmes,Norm,Norm,1Fam,1Story,4,4,1971,1971,Gable,CompShg,HdBoard,HdBoard,,0.0,TA,TA,CBlock,TA,TA,No,Rec,20.0,LwQ,620.0,224.0,864.0,GasA,TA,Y,SBrkr,874,0,0,874,0.0,1.0,1,0,3,1,TA,5,Typ,0,,Detchd,1995.0,Unf,2.0,576.0,TA,TA,Y,63,0,0,0,0,0,,,,0,3,2006,WD ,Normal,97500,111.55606407322655,mid,121.59722222222223,88,0,35,35,1738.0,1.5,16
2363,2364,527427210,120,RH,26.0,8773,Pave,,IR2,Lvl,AllPub,FR2,Gtl,NAmes,Norm,Norm,TwnhsE,1Story,6,5,2002,2002,Gable,CompShg,MetalSd,MetalSd,,0.0,Gd,TA,PConc,Gd,TA,No,GLQ,951.0,Unf,0.0,536.0,1487.0,GasA,Ex,Y,SBrkr,1419,0,0,1419,1.0,0.0,2,0,2,1,Gd,4,Typ,0,,Attchd,2002.0,Fin,2.0,543.0,TA,TA,Y,196,68,0,0,0,0,,,,0,9,2006,WD ,Normal,190000,133.89711064129668,mid,121.59722222222223,88,0,4,4,2906.0,3.0,30
2364,2365,527450010,160,RM,24.0,2760,Pave,,Reg,Lvl,AllPub,Inside,Gtl,BrDale,Norm,Norm,TwnhsE,2Story,6,5,1973,1973,Gable,CompShg,HdBoard,HdBoard,BrkFace,514.0,TA,TA,CBlock,TA,TA,No,Unf,0.0,Unf,0.0,525.0,525.0,GasA,TA,Y,SBrkr,525,567,0,1092,0.0,0.0,1,1,3,1,TA,6,Typ,0,,Detchd,1973.0,Unf,2.0,440.0,TA,TA,Y,0,0,0,0,0,0,,,,0,12,2006,WD ,Normal,105500,96.6117216117216,mid,95.74468085106383,9,0,33,33,1617.0,1.5,30
2365,2366,527450080,160,RM,24.0,2160,Pave,,Reg,Lvl,AllPub,Inside,Gtl,BrDale,Norm,Norm,TwnhsE,2Story,5,6,1973,1973,Gable,CompShg,HdBoard,HdBoard,BrkFace,200.0,TA,TA,CBlock,TA,TA,No,LwQ,402.0,Unf,0.0,363.0,765.0,GasA,Gd,Y,SBrkr,765,600,0,1365,0.0,0.0,1,1,3,1,Gd,7,Min1,1,Fa,Attchd,1973.0,Unf,2.0,440.0,TA,TA,Y,0,36,0,0,0,0,,,,0,6,2006,WD ,Normal,125500,91.94139194139194,mid,95.74468085106383,9,0,33,33,2130.0,1.5,30
2366,2367,527450210,160,RM,21.0,1953,Pave,,Reg,Lvl,AllPub,Inside,Gtl,BrDale,Norm,Norm,Twnhs,2Story,6,5,1973,1973,Gable,CompShg,HdBoard,HdBoard,BrkFace,408.0,TA,TA,CBlock,TA,Fa,No,BLQ,309.0,Unf,0.0,174.0,483.0,GasA,TA,Y,SBrkr,483,504,0,987,0.0,0.0,1,1,2,1,TA,5,Typ,0,,Detchd,1973.0,Unf,1.0,264.0,TA,TA,Y,72,0,0,0,0,0,,,,0,6,2006,WD ,Normal,83000,84.09321175278622,mid,95.74468085106383,9,1,33,33,1470.0,1.5,30
2367,2368,527450460,160,RM,21.0,1890,Pave,,Reg,Lvl,AllPub,Inside,Gtl,BrDale,Norm,Norm,Twnhs,2Story,6,7,1972,1972,Gable,CompShg,HdBoard,HdBoard,BrkFace,380.0,TA,TA,CBlock,TA,TA,No,ALQ,282.0,Unf,0.0,212.0,494.0,GasA,Ex,Y,SBrkr,494,536,0,1030,0.0,0.0,1,1,3,1,TA,6,Typ,0,,Detchd,1973.0,Unf,1.0,264.0,TA,TA,Y,0,0,0,0,0,0,,,,0,7,2006,WD ,Normal,116000,112.62135922330097,mid,95.74468085106383,9,0,34,34,1524.0,1.5,42
2368,2369,527451200,160,RM,21.0,1680,Pave,,Reg,Lvl,AllPub,Inside,Gtl,BrDale,Norm,Norm,Twnhs,2Story,6,5,1971,1971,Gable,CompShg,CemntBd,CmentBd,BrkFace,236.0,TA,TA,CBlock,TA,TA,No,Unf,0.0,Unf,0.0,672.0,672.0,GasA,TA,Y,SBrkr,672,546,0,1218,0.0,0.0,1,1,3,1,TA,7,Typ,0,,,,,0.0,0.0,,,N,201,0,0,0,0,0,,,,0,4,2006,WD ,Abnorml,91500,75.1231527093596,mid,95.74468085106383,9,1,35,35,1890.0,1.5,30
2369,2370,527451380,160,RM,21.0,1680,Pave,,Reg,Lvl,AllPub,Inside,Gtl,BrDale,Norm,Norm,Twnhs,2Story,6,7,1972,1972,Gable,CompShg,HdBoard,HdBoard,BrkFace,281.0,TA,TA,CBlock,TA,TA,No,BLQ,317.0,Unf,0.0,355.0,672.0,GasA,Gd,Y,SBrkr,672,546,0,1218,0.0,1.0,1,1,3,1,TA,7,Typ,0,,Detchd,1972.0,Unf,1.0,264.0,TA,TA,Y,0,28,0,0,0,0,,,,0,5,2006,WD ,Normal,118000,96.88013136288998,mid,95.74468085106383,9,0,34,34,1890.0,2.0,42
2370,2371,527451450,160,RM,21.0,1680,Pave,,Reg,Lvl,AllPub,Inside,Gtl,BrDale,Norm,Norm,Twnhs,2Story,6,5,1972,1972,Gable,CompShg,HdBoard,HdBoard,BrkFace,504.0,TA,TA,CBlock,TA,TA,No,ALQ,276.0,Unf,0.0,207.0,483.0,GasA,TA,Y,SBrkr,483,465,0,948,0.0,0.0,1,1,2,1,TA,5,Typ,0,,Detchd,1972.0,Unf,1.0,264.0,TA,TA,Y,0,0,0,0,0,0,,,,0,7,2006,WD ,Normal,89000,93.88185654008439,mid,95.74468085106383,9,0,34,34,1431.0,1.5,30
2371,2372,527451460,160,RM,21.0,1680,Pave,,Reg,Lvl,AllPub,Inside,Gtl,BrDale,Norm,Norm,Twnhs,2Story,6,5,1972,1972,Gable,CompShg,HdBoard,HdBoard,BrkFace,504.0,TA,TA,CBlock,TA,TA,No,BLQ,382.0,Unf,0.0,143.0,525.0,GasA,Gd,Y,SBrkr,525,567,0,1092,0.0,0.0,1,1,3,1,TA,6,Typ,0,,Detchd,1972.0,Unf,1.0,264.0,TA,TA,Y,352,0,0,0,0,0,,GdPrv,,0,10,2006,WD ,Normal,108000,98.9010989010989,mid,95.74468085106383,9,0,34,34,1617.0,1.5,30
2372,2373,527451520,160,RM,21.0,1680,Pave,,Reg,Lvl,AllPub,Inside,Gtl,BrDale,Norm,Norm,Twnhs,2Story,6,5,1972,1972,Gable,CompShg,HdBoard,HdBoard,BrkFace,297.0,TA,TA,CBlock,TA,TA,No,Unf,0.0,Unf,0.0,483.0,483.0,GasA,TA,Y,SBrkr,483,504,0,987,0.0,0.0,1,1,2,1,TA,5,Typ,1,Po,Attchd,1972.0,Unf,1.0,288.0,TA,TA,Y,0,0,0,0,0,0,,,,0,6,2006,WD ,Normal,94500,95.74468085106383,mid,95.74468085106383,9,0,34,34,1470.0,1.5,30
2373,2374,527452070,120,RL,53.0,4043,Pave,,Reg,Lvl,AllPub,Inside,Gtl,NPkVill,Norm,Norm,TwnhsE,1Story,6,5,1975,1975,Gable,CompShg,Plywood,Plywood,,0.0,TA,TA,CBlock,Gd,TA,No,ALQ,727.0,BLQ,156.0,186.0,1069.0,GasA,Gd,Y,SBrkr,1069,0,0,1069,0.0,1.0,2,0,2,1,TA,4,Typ,1,Po,Attchd,1975.0,RFn,2.0,440.0,TA,TA,Y,0,55,0,0,225,0,,,,0,7,2006,WD ,Normal,146300,136.85687558465855,mid,117.87898724287874,2,0,31,31,2138.0,2.5,30
2374,2375,527452290,20,RL,65.0,7514,Pave,,Reg,Lvl,AllPub,Inside,Gtl,NAmes,Norm,Norm,1Fam,1Story,5,7,1967,1975,Hip,CompShg,MetalSd,MetalSd,,0.0,TA,TA,CBlock,TA,TA,Mn,ALQ,373.0,Rec,108.0,462.0,943.0,GasA,TA,Y,SBrkr,1387,0,0,1387,1.0,0.0,1,0,3,1,TA,6,Typ,1,TA,Attchd,1974.0,RFn,1.0,300.0,TA,TA,Y,0,0,240,0,0,0,,,,0,9,2006,WD ,Normal,145000,104.54217736121124,mid,121.59722222222223,88,1,39,31,2330.0,2.0,35
2375,2376,527452310,85,RL,68.0,7838,Pave,,Reg,Lvl,AllPub,Inside,Gtl,NAmes,Norm,Norm,1Fam,SFoyer,5,5,1967,1967,Gable,CompShg,HdBoard,HdBoard,,0.0,TA,TA,CBlock,TA,TA,Av,ALQ,769.0,Unf,0.0,95.0,864.0,GasA,TA,Y,SBrkr,900,0,0,900,1.0,0.0,1,0,3,1,TA,6,Typ,1,Po,Attchd,1967.0,RFn,1.0,288.0,TA,TA,Y,175,144,0,0,0,0,,MnWw,,0,12,2006,WD ,Normal,123000,136.66666666666666,mid,121.59722222222223,88,0,39,39,1764.0,2.0,25
2376,2377,527453070,120,RL,24.0,2280,Pave,,Reg,Lvl,AllPub,FR2,Gtl,NPkVill,Norm,Norm,Twnhs,1Story,7,7,1976,1976,Gable,CompShg,Plywood,Brk Cmn,,0.0,TA,TA,CBlock,TA,TA,No,ALQ,120.0,BLQ,492.0,443.0,1055.0,GasA,TA,Y,SBrkr,1055,0,0,1055,1.0,0.0,2,0,2,1,TA,4,Typ,0,,Attchd,1976.0,Unf,1.0,319.0,TA,TA,Y,0,29,0,0,0,0,,,,0,4,2006,WD ,Normal,137500,130.33175355450237,high,130.33175355450237,1,0,30,30,2110.0,3.0,49
2377,2378,527455100,160,RL,24.0,2179,Pave,,Reg,Lvl,AllPub,Inside,Gtl,NPkVill,Norm,Norm,Twnhs,2Story,6,5,1976,1976,Gable,CompShg,Plywood,Brk Cmn,,0.0,TA,TA,CBlock,Gd,TA,No,ALQ,70.0,Unf,0.0,785.0,855.0,GasA,Gd,Y,SBrkr,855,601,0,1456,0.0,0.0,2,1,3,1,TA,6,Typ,1,TA,Attchd,1976.0,RFn,2.0,460.0,TA,TA,Y,0,28,0,0,0,0,,,,0,7,2006,WD ,Normal,144000,98.9010989010989,mid,117.87898724287874,2,1,30,30,2311.0,2.5,30
2378,2379,528102010,20,RL,129.0,16737,Pave,,Reg,Lvl,AllPub,FR3,Gtl,NridgHt,Norm,Norm,1Fam,1Story,9,5,2004,2005,Hip,CompShg,VinylSd,VinylSd,BrkFace,66.0,Gd,TA,PConc,Ex,TA,Av,GLQ,1447.0,Unf,0.0,533.0,1980.0,GasA,Ex,Y,SBrkr,1980,0,0,1980,1.0,0.0,2,0,3,1,Ex,8,Typ,1,Gd,Attchd,2004.0,Fin,3.0,770.0,TA,TA,Y,194,45,0,0,0,0,,,,0,9,2006,WD ,Normal,315000,159.0909090909091,high,154.24608885721386,32,0,2,1,3960.0,3.0,45
2379,2380,528102080,60,RL,72.0,16387,Pave,,IR1,Lvl,AllPub,Inside,Gtl,NridgHt,Norm,Norm,1Fam,2Story,9,5,2006,2006,Hip,CompShg,VinylSd,VinylSd,Stone,215.0,Gd,TA,PConc,Ex,Gd,No,GLQ,1369.0,Unf,0.0,369.0,1738.0,GasA,Gd,Y,SBrkr,1738,851,0,2589,1.0,0.0,2,1,4,1,Ex,11,Typ,1,Gd,Attchd,2006.0,RFn,3.0,831.0,TA,TA,Y,0,0,0,0,0,0,,,,0,8,2006,New,Partial,412083,159.16685979142525,high,154.24608885721386,32,0,0,0,4327.0,3.5,45
2380,2381,528106010,60,RL,111.0,16259,Pave,,Reg,Lvl,AllPub,Corner,Gtl,NridgHt,Norm,Norm,1Fam,2Story,9,5,2006,2006,Gable,CompShg,VinylSd,VinylSd,Stone,370.0,TA,TA,PConc,Ex,Gd,Av,Unf,0.0,Unf,0.0,1249.0,1249.0,GasA,Ex,Y,SBrkr,1249,1347,0,2596,0.0,0.0,3,1,4,1,Gd,9,Typ,0,,Attchd,2006.0,RFn,3.0,840.0,TA,TA,Y,240,154,0,0,0,0,,,,0,9,2006,New,Partial,342643,131.98882896764252,high,154.24608885721386,32,1,0,0,3845.0,3.5,45
2381,2382,528106120,20,RL,110.0,16163,Pave,,Reg,Lvl,AllPub,Corner,Gtl,NridgHt,Norm,Norm,1Fam,1Story,8,5,2004,2004,Gable,CompShg,VinylSd,VinylSd,BrkFace,232.0,Gd,TA,PConc,Gd,TA,Av,Unf,0.0,Unf,0.0,1618.0,1618.0,GasA,Ex,Y,SBrkr,1618,0,0,1618,0.0,0.0,2,0,2,1,Gd,6,Typ,1,Gd,Attchd,2004.0,Fin,3.0,880.0,TA,TA,Y,0,0,0,0,0,0,,,,0,7,2006,WD ,Normal,252000,155.74783683559951,high,154.24608885721386,32,0,2,2,3236.0,2.0,40
2382,2383,528110050,20,RL,107.0,13891,Pave,,Reg,Lvl,AllPub,Inside,Gtl,NridgHt,Norm,Norm,1Fam,1Story,10,5,2006,2006,Gable,CompShg,VinylSd,VinylSd,,,Ex,TA,PConc,Ex,Gd,Gd,GLQ,1386.0,Unf,0.0,690.0,2076.0,GasA,Ex,Y,SBrkr,2076,0,0,2076,1.0,0.0,2,1,2,1,Ex,7,Typ,1,Gd,Attchd,2006.0,Fin,3.0,850.0,TA,TA,Y,216,229,0,0,0,0,,,,0,9,2006,New,Partial,465000,223.98843930635837,high,154.24608885721386,32,0,0,0,4152.0,3.5,50
2383,2384,528112010,20,RL,108.0,12228,Pave,,Reg,Lvl,AllPub,Corner,Gtl,NridgHt,Norm,Norm,1Fam,1Story,7,5,2006,2006,Hip,CompShg,VinylSd,VinylSd,Stone,206.0,Gd,TA,PConc,Ex,Gd,No,Unf,0.0,Unf,0.0,1721.0,1721.0,GasA,Ex,Y,SBrkr,1740,0,0,1740,0.0,0.0,2,0,4,1,Gd,8,Typ,0,,Attchd,2006.0,RFn,3.0,874.0,TA,TA,Y,0,43,0,0,0,0,,,,0,9,2006,New,Partial,293000,168.39080459770116,high,154.24608885721386,32,0,0,0,3461.0,2.0,35
2384,2385,528114010,20,RL,120.0,14780,Pave,,IR1,HLS,AllPub,Corner,Mod,NridgHt,Norm,Norm,1Fam,1Story,9,5,2005,2005,Hip,CompShg,VinylSd,VinylSd,BrkFace,568.0,Ex,TA,PConc,Ex,TA,Gd,GLQ,1505.0,Unf,0.0,363.0,1868.0,GasA,Ex,Y,SBrkr,1868,0,0,1868,1.0,0.0,2,0,2,1,Ex,7,Typ,1,Gd,Attchd,2005.0,Fin,3.0,1085.0,TA,TA,Y,354,56,0,0,156,0,,,,0,6,2006,WD ,Normal,415000,222.1627408993576,high,154.24608885721386,32,0,1,1,3736.0,3.0,45
2385,2386,528116030,20,RL,98.0,16033,Pave,,IR1,Lvl,AllPub,FR2,Gtl,NridgHt,Norm,Norm,1Fam,1Story,9,5,2004,2005,Hip,CompShg,VinylSd,VinylSd,BrkFace,378.0,Gd,TA,PConc,Ex,TA,Gd,GLQ,1261.0,Unf,0.0,572.0,1833.0,GasA,Ex,Y,SBrkr,1850,0,0,1850,1.0,0.0,2,0,3,1,Gd,8,Typ,1,Gd,Attchd,2004.0,Fin,3.0,772.0,TA,TA,Y,519,112,0,0,0,0,,,,0,3,2006,WD ,Normal,326000,176.21621621621622,high,154.24608885721386,32,0,2,1,3683.0,3.0,45
2386,2387,528118010,60,RL,101.0,14215,Pave,,IR1,Lvl,AllPub,Corner,Gtl,NridgHt,Norm,Norm,1Fam,2Story,8,5,2005,2006,Gable,CompShg,VinylSd,VinylSd,BrkFace,380.0,Gd,TA,PConc,Ex,TA,Av,Unf,0.0,Unf,0.0,1158.0,1158.0,GasA,Ex,Y,SBrkr,1158,1218,0,2376,0.0,0.0,3,1,4,1,Gd,9,Typ,1,Gd,BuiltIn,2005.0,RFn,3.0,853.0,TA,TA,Y,240,154,0,0,0,0,,,,0,11,2006,New,Partial,325300,136.91077441077442,high,154.24608885721386,32,1,1,0,3534.0,3.5,40
2387,2388,528118020,60,RL,108.0,13418,Pave,,Reg,Lvl,AllPub,Inside,Gtl,NridgHt,Norm,Norm,1Fam,2Story,8,5,2004,2005,Gable,CompShg,VinylSd,VinylSd,Stone,132.0,Gd,TA,PConc,Ex,TA,Av,Unf,0.0,Unf,0.0,1117.0,1117.0,GasA,Ex,Y,SBrkr,1132,1320,0,2452,0.0,0.0,3,1,4,1,Gd,9,Typ,1,Gd,BuiltIn,2004.0,Fin,3.0,691.0,TA,TA,Y,113,32,0,0,0,0,,,,0,9,2006,WD ,Normal,309000,126.01957585644372,high,154.24608885721386,32,1,2,1,3569.0,3.5,40
2388,2389,528118110,60,RL,120.0,13975,Pave,,IR1,Lvl,AllPub,Corner,Gtl,NridgHt,Norm,Norm,1Fam,2Story,9,5,2005,2006,Hip,CompShg,VinylSd,VinylSd,BrkFace,525.0,Gd,TA,PConc,Gd,TA,Av,Unf,0.0,Unf,0.0,1090.0,1090.0,GasA,Ex,Y,SBrkr,1117,1089,0,2206,0.0,0.0,2,1,4,1,Ex,10,Typ,1,Gd,BuiltIn,2005.0,Fin,3.0,670.0,TA,TA,Y,148,95,0,0,0,0,,,,0,8,2006,New,Partial,300000,135.9927470534905,high,154.24608885721386,32,1,1,0,3296.0,2.5,45
2389,2390,528120110,60,RL,80.0,10240,Pave,,Reg,Lvl,AllPub,Inside,Gtl,NridgHt,Norm,Norm,1Fam,2Story,8,5,2005,2005,Gable,CompShg,VinylSd,VinylSd,BrkFace,178.0,Gd,TA,PConc,Gd,TA,Mn,Unf,0.0,Unf,0.0,1030.0,1030.0,GasA,Gd,Y,SBrkr,1038,1060,0,2098,0.0,0.0,2,1,3,1,Ex,8,Typ,1,Gd,Attchd,2005.0,RFn,3.0,878.0,TA,TA,Y,192,52,0,0,0,0,,,,0,3,2006,WD ,Normal,275500,131.3155386081983,high,154.24608885721386,32,1,1,1,3128.0,2.5,40
2390,2391,528120140,60,RL,82.0,9942,Pave,,IR1,Lvl,AllPub,Inside,Gtl,NridgHt,Norm,Norm,1Fam,2Story,9,5,2005,2006,Gable,CompShg,MetalSd,MetalSd,BrkFace,385.0,Ex,TA,PConc,Ex,Gd,Av,GLQ,1290.0,Unf,0.0,316.0,1606.0,GasA,Ex,Y,SBrkr,1625,466,0,2091,1.0,0.0,2,1,3,1,Ex,8,Typ,1,Gd,Attchd,2005.0,RFn,2.0,521.0,TA,TA,Y,194,84,0,0,0,0,,,,0,5,2006,New,Partial,338500,161.88426590148254,high,154.24608885721386,32,0,1,0,3697.0,3.5,45
2391,2392,528138030,60,RL,85.0,11924,Pave,,IR1,Lvl,AllPub,Inside,Gtl,NridgHt,Norm,Norm,1Fam,2Story,9,5,2005,2006,Hip,CompShg,WdShing,Wd Shng,Stone,286.0,Ex,TA,PConc,Ex,TA,No,GLQ,998.0,Unf,0.0,177.0,1175.0,GasA,Ex,Y,SBrkr,1182,1142,0,2324,1.0,0.0,3,0,4,1,Ex,11,Typ,2,Gd,BuiltIn,2005.0,Fin,3.0,736.0,TA,TA,Y,147,21,0,0,0,0,,,,0,7,2006,New,Partial,345000,148.4509466437177,high,154.24608885721386,32,0,1,0,3499.0,4.0,45
2392,2393,528142010,60,RL,103.0,12867,Pave,,IR1,Lvl,AllPub,Corner,Gtl,NridgHt,Norm,Norm,1Fam,2Story,8,5,2005,2006,Gable,CompShg,CemntBd,CmentBd,,,Gd,TA,PConc,Ex,TA,Av,Unf,0.0,Unf,0.0,1209.0,1209.0,GasA,Ex,Y,SBrkr,1209,1044,0,2253,0.0,0.0,2,1,3,1,Ex,8,Typ,1,Gd,Attchd,2005.0,Fin,2.0,575.0,TA,TA,Y,243,142,0,0,0,0,,,,0,7,2006,New,Partial,344133,152.74434087882824,high,154.24608885721386,32,0,1,0,3462.0,2.5,40
2393,2394,528142060,60,RL,82.0,10672,Pave,,IR1,Lvl,AllPub,Inside,Gtl,NridgHt,Norm,Norm,1Fam,2Story,8,5,2006,2006,Gable,CompShg,VinylSd,VinylSd,,0.0,Gd,TA,PConc,Ex,TA,Gd,Unf,0.0,Unf,0.0,1054.0,1054.0,GasA,Gd,Y,SBrkr,1054,1335,0,2389,0.0,0.0,2,1,4,1,Gd,10,Typ,1,Gd,BuiltIn,2006.0,Fin,3.0,672.0,TA,TA,Y,176,64,0,0,0,0,,,,0,11,2006,New,Partial,298236,124.83717036416911,high,154.24608885721386,32,1,0,0,3443.0,2.5,40
2394,2395,528142070,60,RL,82.0,11643,Pave,,IR1,Lvl,AllPub,Inside,Gtl,NridgHt,Norm,Norm,1Fam,2Story,8,5,2005,2006,Hip,CompShg,MetalSd,MetalSd,BrkFace,142.0,Gd,TA,PConc,Ex,TA,Av,GLQ,880.0,Unf,0.0,644.0,1524.0,GasA,Ex,Y,SBrkr,1544,814,0,2358,1.0,0.0,2,1,4,1,Ex,10,Typ,1,Gd,BuiltIn,2005.0,Fin,3.0,784.0,TA,TA,Y,120,34,0,0,0,0,,,,0,8,2006,New,Partial,329900,139.90670059372349,high,154.24608885721386,32,0,1,0,3882.0,3.5,40
2395,2396,528142110,20,RL,90.0,12378,Pave,,IR1,Lvl,AllPub,Inside,Gtl,NridgHt,Norm,Norm,1Fam,1Story,9,5,2003,2004,Gable,CompShg,VinylSd,VinylSd,,0.0,Gd,TA,PConc,Ex,TA,Gd,GLQ,1274.0,Unf,0.0,622.0,1896.0,GasA,Ex,Y,SBrkr,1944,0,0,1944,1.0,0.0,2,0,3,1,Ex,8,Typ,3,Ex,Attchd,2003.0,Fin,3.0,708.0,TA,TA,Y,208,175,0,0,0,0,,,,0,11,2006,WD ,Normal,360000,185.1851851851852,high,154.24608885721386,32,0,3,2,3840.0,3.0,45
2396,2397,528144030,60,RL,86.0,11065,Pave,,IR1,Lvl,AllPub,Inside,Gtl,NridgHt,Norm,Norm,1Fam,2Story,8,5,2006,2006,Gable,CompShg,VinylSd,VinylSd,Stone,788.0,Gd,TA,PConc,Gd,TA,Mn,Unf,0.0,Unf,0.0,1085.0,1085.0,GasA,Ex,Y,SBrkr,1120,850,0,1970,0.0,0.0,2,1,3,1,Ex,8,Typ,1,Gd,BuiltIn,2006.0,Fin,3.0,753.0,TA,TA,Y,177,74,0,0,0,0,,,,0,10,2006,New,Partial,281000,142.63959390862945,high,154.24608885721386,32,0,0,0,3055.0,2.5,40
2397,2398,528150080,20,RL,121.0,13758,Pave,,IR1,Lvl,AllPub,Inside,Gtl,NridgHt,Norm,Norm,1Fam,1Story,9,5,2005,2006,Gable,CompShg,VinylSd,VinylSd,BrkFace,430.0,Ex,TA,PConc,Ex,TA,Gd,GLQ,1232.0,Unf,0.0,560.0,1792.0,GasA,Ex,Y,SBrkr,1792,0,0,1792,1.0,0.0,2,0,2,1,Gd,6,Typ,1,Gd,Attchd,2005.0,RFn,3.0,925.0,TA,TA,Y,204,49,0,0,0,0,,,,0,3,2006,New,Partial,372397,207.81082589285714,high,154.24608885721386,32,0,1,0,3584.0,3.0,45
2398,2399,528150090,20,RL,131.0,14828,Pave,,IR1,Lvl,AllPub,Corner,Gtl,NridgHt,Norm,Norm,1Fam,1Story,9,5,2004,2005,Hip,CompShg,MetalSd,MetalSd,BrkFace,674.0,Ex,TA,PConc,Ex,TA,Gd,GLQ,1383.0,Unf,0.0,397.0,1780.0,GasA,Ex,Y,SBrkr,1780,0,0,1780,1.0,0.0,2,0,2,1,Ex,7,Typ,1,Gd,Attchd,2004.0,Fin,3.0,816.0,TA,TA,Y,144,68,0,0,0,0,,,,0,8,2006,WD ,Normal,378000,212.35955056179776,high,154.24608885721386,32,0,2,1,3560.0,3.0,45
2399,2400,528164040,20,RL,72.0,11846,Pave,,IR1,HLS,AllPub,Inside,Gtl,NridgHt,Norm,Norm,1Fam,1Story,9,5,2003,2004,Hip,CompShg,VinylSd,VinylSd,BrkFace,562.0,Gd,TA,PConc,Ex,TA,Gd,GLQ,1567.0,Unf,0.0,225.0,1792.0,GasA,Ex,Y,SBrkr,1792,0,0,1792,1.0,0.0,2,0,2,1,Ex,6,Typ,1,Gd,Attchd,2003.0,Fin,3.0,874.0,TA,TA,Y,206,49,0,0,0,0,,,,0,8,2006,WD ,Normal,374000,208.70535714285714,high,154.24608885721386,32,0,3,2,3584.0,3.0,45
2400,2401,528170040,60,RL,56.0,20431,Pave,,IR2,Lvl,AllPub,Inside,Gtl,NridgHt,Norm,Norm,1Fam,2Story,9,5,2005,2006,Hip,CompShg,CemntBd,CmentBd,BrkFace,870.0,Ex,TA,PConc,Ex,TA,No,GLQ,1410.0,Unf,0.0,438.0,1848.0,GasA,Ex,Y,SBrkr,1848,880,0,2728,1.0,0.0,2,1,4,1,Ex,10,Typ,2,Ex,Attchd,2006.0,Fin,3.0,706.0,TA,TA,Y,0,0,0,0,0,0,,,,0,4,2006,New,Partial,437154,160.24706744868035,high,154.24608885721386,32,0,1,0,4576.0,3.5,45
2401,2402,528172020,60,RL,74.0,10927,Pave,,Reg,Lvl,AllPub,Inside,Gtl,NridgHt,Norm,Norm,1Fam,2Story,8,5,2005,2005,Gable,CompShg,VinylSd,VinylSd,BrkFace,280.0,Gd,TA,PConc,Gd,TA,Av,GLQ,546.0,Unf,0.0,512.0,1058.0,GasA,Ex,Y,SBrkr,1058,846,0,1904,1.0,0.0,2,1,3,1,Ex,8,Typ,1,Gd,BuiltIn,2003.0,Fin,2.0,736.0,TA,TA,Y,179,60,0,0,0,0,,,,0,6,2006,WD ,Normal,275000,144.4327731092437,high,154.24608885721386,32,0,1,1,2962.0,3.5,40
2402,2403,528172150,60,RL,,13215,Pave,,IR1,Lvl,AllPub,Corner,Gtl,NridgHt,Norm,Norm,1Fam,2Story,8,5,2004,2004,Gable,CompShg,VinylSd,VinylSd,BrkFace,112.0,Gd,TA,PConc,Gd,TA,No,GLQ,994.0,Unf,0.0,426.0,1420.0,GasA,Ex,Y,SBrkr,1426,488,0,1914,1.0,0.0,2,1,3,1,Gd,9,Typ,1,TA,BuiltIn,2004.0,RFn,3.0,746.0,TA,TA,Y,168,127,0,0,0,0,,,,0,2,2006,WD ,Normal,279000,145.7680250783699,high,154.24608885721386,32,0,2,2,3334.0,3.5,40
2403,2404,528174080,120,RL,43.0,7052,Pave,,IR1,Lvl,AllPub,Inside,Gtl,NridgHt,Norm,Norm,TwnhsE,1Story,7,5,2005,2005,Gable,CompShg,VinylSd,VinylSd,Stone,240.0,Gd,TA,PConc,Gd,TA,Av,GLQ,659.0,Unf,0.0,705.0,1364.0,GasA,Ex,Y,SBrkr,1364,0,0,1364,1.0,0.0,2,0,2,1,Gd,6,Typ,1,Gd,Attchd,2005.0,RFn,2.0,484.0,TA,TA,Y,192,36,0,0,0,0,,,,0,6,2006,WD ,Normal,185850,136.25366568914956,high,154.24608885721386,32,1,1,1,2728.0,3.0,35
2404,2405,528180080,120,RL,48.0,5911,Pave,,Reg,Lvl,AllPub,Inside,Gtl,NridgHt,Norm,Norm,TwnhsE,1Story,9,5,2005,2005,Hip,CompShg,MetalSd,MetalSd,BrkFace,278.0,Ex,TA,PConc,Ex,TA,No,GLQ,472.0,Unf,0.0,1088.0,1560.0,GasA,Ex,Y,SBrkr,1565,0,0,1565,1.0,0.0,2,0,2,1,Ex,6,Typ,1,Gd,Attchd,2005.0,RFn,2.0,556.0,TA,TA,Y,196,56,0,0,0,0,,,,0,3,2006,WD ,Normal,282500,180.5111821086262,high,154.24608885721386,32,0,1,1,3125.0,3.0,45
2405,2406,528181030,120,RL,48.0,6955,Pave,,IR1,Lvl,AllPub,Inside,Gtl,NridgHt,Norm,Norm,TwnhsE,1Story,7,5,2005,2006,Gable,CompShg,VinylSd,VinylSd,Stone,94.0,Gd,TA,PConc,Gd,TA,No,Unf,0.0,Unf,0.0,1368.0,1368.0,GasA,Ex,Y,SBrkr,1368,0,0,1368,0.0,0.0,2,0,2,1,Gd,6,Typ,1,Gd,Attchd,2005.0,RFn,2.0,474.0,TA,TA,Y,132,35,0,0,0,0,,,,0,9,2006,New,Partial,202500,148.02631578947367,high,154.24608885721386,32,0,1,0,2736.0,2.0,35
2406,2407,528181040,120,RL,40.0,6792,Pave,,IR1,Lvl,AllPub,Inside,Gtl,NridgHt,Norm,Norm,TwnhsE,1Story,7,5,2005,2006,Gable,CompShg,VinylSd,VinylSd,Stone,94.0,Gd,TA,PConc,Gd,TA,No,Unf,0.0,Unf,0.0,1368.0,1368.0,GasA,Ex,Y,SBrkr,1368,0,0,1368,0.0,0.0,2,0,2,1,Gd,6,Typ,1,Gd,Attchd,2005.0,RFn,2.0,474.0,TA,TA,Y,132,35,0,0,0,0,,,,0,3,2006,New,Partial,202665,148.1469298245614,high,154.24608885721386,32,0,1,0,2736.0,2.0,35
2407,2408,528186100,20,RL,61.0,7740,Pave,,Reg,Lvl,AllPub,Inside,Gtl,NridgHt,Norm,Norm,TwnhsE,1Story,9,5,2006,2006,Hip,CompShg,MetalSd,MetalSd,BrkFace,518.0,Gd,TA,PConc,Ex,Gd,No,GLQ,1023.0,Unf,0.0,663.0,1686.0,GasA,Ex,Y,SBrkr,1686,0,0,1686,1.0,0.0,2,0,1,1,Ex,6,Typ,1,Gd,Attchd,2006.0,Fin,3.0,899.0,TA,TA,Y,266,100,0,0,0,0,,,,0,6,2006,New,Partial,332200,197.0344009489917,high,154.24608885721386,32,0,0,0,3372.0,3.0,45
2408,2409,528186110,120,RL,48.0,6373,Pave,,Reg,Lvl,AllPub,Inside,Gtl,NridgHt,Norm,Norm,TwnhsE,1Story,9,5,2006,2006,Hip,CompShg,MetalSd,MetalSd,BrkFace,572.0,Ex,TA,PConc,Ex,Gd,No,GLQ,415.0,Unf,0.0,1251.0,1666.0,GasA,Ex,Y,SBrkr,1666,0,0,1666,1.0,0.0,2,0,2,1,Gd,6,Typ,1,Gd,Attchd,2006.0,RFn,2.0,575.0,TA,TA,Y,228,75,0,0,0,0,,,,0,6,2006,New,Partial,310090,186.1284513805522,high,154.24608885721386,32,0,0,0,3332.0,3.0,45
2409,2410,528188040,120,RL,,3136,Pave,,IR1,Lvl,AllPub,Corner,Gtl,NridgHt,Norm,Norm,TwnhsE,1Story,7,5,2003,2003,Gable,CompShg,VinylSd,Wd Shng,Stone,163.0,Gd,TA,PConc,Gd,TA,No,Unf,0.0,Unf,0.0,1405.0,1405.0,GasA,Ex,Y,SBrkr,1405,0,0,1405,0.0,0.0,2,0,2,1,Gd,6,Typ,1,Gd,Attchd,2003.0,RFn,2.0,478.0,TA,TA,Y,148,36,0,0,0,0,,,,0,3,2006,WD ,Normal,171750,122.24199288256227,high,154.24608885721386,32,1,3,3,2810.0,2.0,35
2410,2411,528218030,20,RL,65.0,10237,Pave,,Reg,Lvl,AllPub,Inside,Gtl,Gilbert,RRAn,Norm,1Fam,1Story,6,5,2005,2006,Gable,CompShg,VinylSd,VinylSd,,0.0,Gd,TA,PConc,Gd,TA,No,GLQ,28.0,Unf,0.0,1288.0,1316.0,GasA,Ex,Y,SBrkr,1316,0,0,1316,0.0,0.0,2,0,3,1,Gd,6,Typ,1,Gd,Attchd,2005.0,Fin,2.0,397.0,TA,TA,Y,100,0,0,23,0,0,,,,0,10,2006,New,Partial,169990,129.17173252279636,mid,117.86572802197801,18,0,1,0,2632.0,2.0,30
2411,2412,528218060,60,RL,65.0,10237,Pave,,Reg,Lvl,AllPub,Inside,Gtl,Gilbert,RRAn,Norm,1Fam,2Story,6,5,2005,2006,Gable,CompShg,VinylSd,VinylSd,,0.0,Gd,TA,PConc,Gd,TA,No,Unf,0.0,Unf,0.0,728.0,728.0,GasA,Ex,Y,SBrkr,728,728,0,1456,0.0,0.0,2,1,3,1,Gd,8,Typ,1,Gd,Attchd,2005.0,Fin,2.0,390.0,TA,TA,Y,0,24,0,0,0,0,,,,0,2,2006,New,Partial,170440,117.06043956043956,mid,117.86572802197801,18,0,1,0,2184.0,2.5,30
2412,2413,528218080,60,RL,65.0,10237,Pave,,Reg,Lvl,AllPub,Inside,Gtl,Gilbert,RRAn,Norm,1Fam,2Story,7,5,2006,2006,Gable,CompShg,VinylSd,VinylSd,,0.0,Gd,TA,PConc,Gd,TA,No,Unf,0.0,Unf,0.0,738.0,738.0,GasA,Ex,Y,SBrkr,738,754,0,1492,0.0,0.0,2,1,3,1,Gd,8,Typ,0,,Attchd,2006.0,Fin,2.0,440.0,TA,TA,Y,0,32,0,0,0,0,,,,0,9,2006,New,Partial,169985,113.93096514745308,high,120.61047807072089,20,0,0,0,2230.0,2.5,35
2413,2414,528218130,60,RL,58.0,17104,Pave,,IR1,Lvl,AllPub,Inside,Gtl,Gilbert,Norm,Norm,1Fam,2Story,7,5,2006,2006,Gable,CompShg,VinylSd,VinylSd,,0.0,Gd,TA,PConc,Gd,Gd,Av,GLQ,554.0,Unf,0.0,100.0,654.0,GasA,Ex,Y,SBrkr,664,832,0,1496,1.0,0.0,2,1,3,1,Gd,7,Typ,1,Gd,Attchd,2006.0,RFn,2.0,426.0,TA,TA,Y,100,24,0,0,0,0,,,,0,9,2006,New,Partial,179665,120.09692513368984,high,120.61047807072089,20,0,0,0,2150.0,3.5,35
2414,2415,528218140,60,RL,58.0,14054,Pave,,IR1,Lvl,AllPub,Inside,Gtl,Gilbert,Norm,Norm,1Fam,2Story,7,5,2006,2006,Gable,CompShg,VinylSd,VinylSd,,0.0,Gd,TA,PConc,Gd,TA,Av,Unf,0.0,Unf,0.0,879.0,879.0,GasA,Ex,Y,SBrkr,879,984,0,1863,0.0,0.0,2,1,4,1,Gd,9,Typ,1,Gd,BuiltIn,2006.0,Fin,3.0,660.0,TA,TA,Y,100,17,0,0,0,0,,,,0,11,2006,New,Partial,219210,117.66505636070853,high,120.61047807072089,20,0,0,0,2742.0,2.5,35
2415,2416,528221010,20,RL,102.0,11660,Pave,,IR1,Lvl,AllPub,Inside,Gtl,Gilbert,Norm,Norm,1Fam,1Story,6,5,2006,2006,Gable,CompShg,VinylSd,VinylSd,,0.0,Gd,TA,PConc,Gd,TA,Av,Unf,0.0,Unf,0.0,1326.0,1326.0,GasA,Ex,Y,SBrkr,1326,0,0,1326,0.0,0.0,2,0,3,1,Gd,6,Typ,0,,Attchd,2006.0,Fin,2.0,427.0,TA,TA,Y,100,0,0,0,0,0,,,,0,7,2006,New,Partial,174190,131.36500754147812,mid,117.86572802197801,18,0,0,0,2652.0,2.0,30
2416,2417,528221100,60,RL,105.0,15578,Pave,,IR1,Lvl,AllPub,Corner,Gtl,Gilbert,Norm,Norm,1Fam,2Story,6,5,2006,2006,Gable,CompShg,VinylSd,VinylSd,,0.0,Gd,TA,PConc,Gd,TA,No,Unf,0.0,Unf,0.0,728.0,728.0,GasA,Gd,Y,SBrkr,728,728,0,1456,0.0,0.0,2,1,3,1,TA,8,Typ,0,,Attchd,2006.0,RFn,2.0,429.0,TA,TA,Y,0,0,0,0,0,0,,,,0,5,2006,New,Partial,172785,118.67101648351648,mid,117.86572802197801,18,0,0,0,2184.0,2.5,30
2417,2418,528222010,60,RL,96.0,11631,Pave,,IR1,Lvl,AllPub,Corner,Gtl,Gilbert,Norm,Norm,1Fam,2Story,8,5,2004,2005,Gable,CompShg,VinylSd,VinylSd,BrkFace,236.0,Gd,TA,PConc,Gd,TA,Av,Unf,0.0,Unf,0.0,1052.0,1052.0,GasA,Ex,Y,SBrkr,1052,1321,0,2373,0.0,0.0,2,1,4,1,Gd,9,Typ,1,Gd,BuiltIn,2004.0,Fin,3.0,632.0,TA,TA,Y,120,46,0,0,0,0,,,,0,6,2006,New,Partial,258000,108.72313527180783,high,120.61047807072089,20,0,2,1,3425.0,2.5,40
2418,2419,528222020,60,RL,75.0,9073,Pave,,IR1,Lvl,AllPub,Inside,Gtl,Gilbert,Norm,Norm,1Fam,2Story,7,5,2006,2006,Gable,CompShg,VinylSd,VinylSd,,0.0,Gd,TA,PConc,Gd,TA,No,Unf,0.0,Unf,0.0,738.0,738.0,GasA,Ex,Y,SBrkr,738,754,0,1492,0.0,0.0,2,1,3,1,Gd,8,Typ,0,,Attchd,2006.0,Fin,2.0,440.0,TA,TA,Y,100,32,0,0,0,0,,,,0,10,2006,New,Partial,185101,124.06233243967829,high,120.61047807072089,20,0,0,0,2230.0,2.5,35
2419,2420,528228280,120,RL,43.0,3087,Pave,,Reg,Lvl,AllPub,Inside,Gtl,Blmngtn,Norm,Norm,TwnhsE,1Story,7,5,2006,2006,Gable,CompShg,VinylSd,VinylSd,BrkFace,14.0,Gd,TA,PConc,Gd,TA,Av,GLQ,453.0,Unf,0.0,767.0,1220.0,GasA,Ex,Y,SBrkr,1364,0,0,1364,1.0,0.0,2,0,2,1,Gd,6,Typ,1,Gd,Attchd,2006.0,Fin,2.0,437.0,TA,TA,Y,100,16,0,0,0,0,,,,0,11,2006,New,Partial,210250,154.14222873900295,high,147.66483516483515,11,0,0,0,2584.0,3.0,35
2420,2421,528228325,120,RL,,3196,Pave,,Reg,Lvl,AllPub,Inside,Gtl,Blmngtn,Norm,Norm,TwnhsE,1Story,7,5,2003,2004,Gable,CompShg,VinylSd,VinylSd,BrkFace,18.0,Gd,TA,PConc,Gd,TA,Gd,Unf,0.0,Unf,0.0,1374.0,1374.0,GasA,Ex,Y,SBrkr,1557,0,0,1557,0.0,0.0,2,0,2,1,Gd,7,Typ,1,TA,Attchd,2003.0,Fin,2.0,420.0,TA,TA,Y,143,20,0,0,0,0,,,,0,10,2006,WD ,Normal,234000,150.28901734104045,high,147.66483516483515,11,0,3,2,2931.0,2.0,35
2421,2422,528228340,120,RL,,3196,Pave,,Reg,Lvl,AllPub,Inside,Gtl,Blmngtn,Norm,Norm,TwnhsE,1Story,8,5,2003,2003,Gable,CompShg,VinylSd,VinylSd,BrkFace,40.0,Gd,TA,PConc,Gd,TA,Gd,Unf,0.0,Unf,0.0,1273.0,1273.0,GasA,Ex,Y,SBrkr,1456,0,0,1456,0.0,0.0,2,0,2,1,Gd,7,Typ,1,TA,Attchd,2003.0,Fin,2.0,400.0,TA,TA,Y,143,20,0,0,0,0,,,,0,5,2006,WD ,Normal,215000,147.66483516483515,high,147.66483516483515,11,0,3,3,2729.0,2.0,40
2422,2423,528228360,120,RL,,2938,Pave,,Reg,Lvl,AllPub,Inside,Gtl,Blmngtn,Norm,Norm,TwnhsE,1Story,7,5,2002,2002,Gable,CompShg,VinylSd,VinylSd,BrkFace,40.0,Gd,TA,PConc,Gd,TA,Av,GLQ,1038.0,Unf,0.0,330.0,1368.0,GasA,Ex,Y,SBrkr,1511,0,0,1511,1.0,0.0,2,0,2,1,Gd,5,Typ,1,TA,Attchd,2002.0,Fin,2.0,398.0,TA,TA,Y,130,30,0,0,0,0,,,,0,5,2006,WD ,Normal,246990,163.46128391793513,high,147.66483516483515,11,0,4,4,2879.0,3.0,35
2423,2424,528228415,120,RM,,3072,Pave,,Reg,Lvl,AllPub,Inside,Gtl,Blmngtn,Norm,Norm,TwnhsE,1Story,7,5,2004,2004,Hip,CompShg,VinylSd,VinylSd,BrkFace,18.0,Gd,TA,PConc,Gd,TA,No,Unf,0.0,Unf,0.0,1375.0,1375.0,GasA,Ex,Y,SBrkr,1414,0,0,1414,0.0,0.0,2,0,2,1,Gd,6,Typ,1,TA,Attchd,2004.0,Fin,2.0,398.0,TA,TA,Y,144,20,0,0,0,0,,,,0,5,2006,WD ,Normal,178740,126.4073550212164,high,147.66483516483515,11,1,2,2,2789.0,2.0,35
2424,2425,528228430,120,RM,,3072,Pave,,Reg,Lvl,AllPub,Inside,Gtl,Blmngtn,Norm,Norm,TwnhsE,1Story,7,5,2004,2004,Hip,CompShg,VinylSd,VinylSd,BrkFace,18.0,Gd,TA,PConc,Gd,TA,No,GLQ,1059.0,Unf,0.0,306.0,1365.0,GasA,Ex,Y,SBrkr,1548,0,0,1548,1.0,0.0,2,0,2,1,Gd,7,Typ,1,TA,Attchd,2004.0,Fin,2.0,388.0,TA,TA,Y,143,20,0,0,0,0,,,,0,9,2006,WD ,Normal,225000,145.34883720930233,high,147.66483516483515,11,0,2,2,2913.0,3.0,35
2425,2426,528228545,120,RL,43.0,3010,Pave,,Reg,Lvl,AllPub,Inside,Gtl,Blmngtn,Norm,Norm,TwnhsE,1Story,7,5,2005,2006,Gable,CompShg,VinylSd,VinylSd,BrkFace,16.0,Gd,TA,PConc,Gd,TA,Av,GLQ,16.0,Unf,0.0,1232.0,1248.0,GasA,Ex,Y,SBrkr,1248,0,0,1248,0.0,0.0,2,0,2,1,Gd,5,Typ,0,,Attchd,2005.0,Fin,2.0,438.0,TA,TA,Y,108,0,0,0,0,0,,,,0,3,2006,New,Partial,167240,134.00641025641025,high,147.66483516483515,11,0,1,0,2496.0,2.0,35
2426,2427,528228550,120,RL,43.0,3010,Pave,,Reg,Lvl,AllPub,Inside,Gtl,Blmngtn,Norm,Norm,TwnhsE,1Story,7,5,2005,2006,Gable,CompShg,VinylSd,VinylSd,BrkFace,14.0,Gd,TA,PConc,Gd,TA,Gd,GLQ,16.0,Unf,0.0,1126.0,1142.0,GasA,Ex,Y,SBrkr,1142,0,0,1142,0.0,0.0,2,0,2,1,Gd,6,Typ,0,,Attchd,2005.0,Fin,2.0,440.0,TA,TA,Y,90,0,0,0,0,0,,,,0,6,2006,New,Partial,156820,137.32049036777582,high,147.66483516483515,11,0,1,0,2284.0,2.0,35
2427,2428,528228565,120,RL,43.0,3013,Pave,,Reg,Lvl,AllPub,Inside,Gtl,Blmngtn,Norm,Norm,TwnhsE,1Story,7,5,2005,2005,Gable,CompShg,VinylSd,VinylSd,BrkFace,145.0,Gd,TA,PConc,Gd,TA,Gd,GLQ,16.0,Unf,0.0,1346.0,1362.0,GasA,Ex,Y,SBrkr,1506,0,0,1506,0.0,0.0,2,0,2,1,Gd,6,Typ,1,Gd,Attchd,2005.0,Fin,2.0,440.0,TA,TA,Y,142,20,0,0,0,0,,,,0,4,2006,WD ,Normal,213490,141.75962815405046,high,147.66483516483515,11,0,1,1,2868.0,2.0,35
2428,2429,528228575,120,RL,53.0,3982,Pave,,Reg,Lvl,AllPub,Inside,Gtl,Blmngtn,Norm,Norm,TwnhsE,1Story,8,5,2006,2006,Hip,CompShg,VinylSd,VinylSd,,0.0,Gd,TA,PConc,Gd,Gd,Av,GLQ,1154.0,Unf,0.0,366.0,1520.0,GasA,Ex,Y,SBrkr,1567,0,0,1567,1.0,0.0,2,0,1,1,Ex,7,Typ,1,Gd,Attchd,2006.0,Fin,3.0,648.0,TA,TA,Y,312,0,0,0,0,0,,,,0,10,2006,New,Partial,264561,168.832801531589,high,147.66483516483515,11,0,0,0,3087.0,3.0,40
2429,2430,528228580,120,RL,53.0,4045,Pave,,Reg,Lvl,AllPub,Inside,Gtl,Blmngtn,Norm,Norm,TwnhsE,1Story,7,5,2006,2006,Hip,CompShg,VinylSd,VinylSd,BrkFace,45.0,Gd,TA,PConc,Gd,TA,Av,GLQ,1070.0,Unf,0.0,286.0,1356.0,GasA,Ex,Y,SBrkr,1500,0,0,1500,1.0,0.0,2,0,2,1,Gd,6,Typ,1,Gd,Attchd,2006.0,Fin,3.0,648.0,TA,TA,Y,161,20,0,0,0,0,,,,0,10,2006,New,Partial,246578,164.38533333333334,high,147.66483516483515,11,0,0,0,2856.0,3.0,35
2430,2431,528231050,60,RL,60.0,21930,Pave,,IR3,Lvl,AllPub,Inside,Gtl,Gilbert,RRAn,Norm,1Fam,2Story,5,5,2005,2005,Gable,CompShg,VinylSd,VinylSd,,0.0,Gd,TA,PConc,Gd,Gd,Av,Unf,0.0,Unf,0.0,732.0,732.0,GasA,Ex,Y,SBrkr,734,1104,0,1838,0.0,0.0,2,1,4,1,TA,7,Typ,1,Gd,BuiltIn,2005.0,Fin,2.0,372.0,TA,TA,Y,100,40,0,0,0,0,,,,0,7,2006,WD ,Normal,192140,104.53754080522307,mid,117.86572802197801,18,1,1,1,2570.0,2.5,25
2431,2432,528235050,60,RL,,7861,Pave,,IR1,Lvl,AllPub,Inside,Gtl,Gilbert,Norm,Norm,1Fam,2Story,6,5,2002,2003,Gable,CompShg,VinylSd,VinylSd,,0.0,Gd,TA,PConc,Gd,TA,No,GLQ,457.0,Unf,0.0,326.0,783.0,GasA,Ex,Y,SBrkr,807,702,0,1509,1.0,0.0,2,1,3,1,Gd,7,Typ,1,Gd,Attchd,2002.0,Fin,2.0,393.0,TA,TA,Y,100,75,0,0,0,0,,,,0,6,2006,WD ,Normal,183200,121.4049039098741,mid,117.86572802197801,18,0,4,3,2292.0,3.5,30
2432,2433,528235130,60,RL,74.0,9056,Pave,,IR1,Lvl,AllPub,Inside,Gtl,Gilbert,Norm,Norm,1Fam,2Story,8,5,2004,2004,Gable,CompShg,VinylSd,VinylSd,,0.0,Gd,TA,PConc,Ex,Gd,Av,Unf,0.0,Unf,0.0,707.0,707.0,GasA,Ex,Y,SBrkr,707,707,0,1414,0.0,0.0,2,1,3,1,Gd,6,Typ,1,Gd,Attchd,2004.0,Fin,2.0,403.0,TA,TA,Y,100,35,0,0,0,0,,,,0,10,2006,WD ,Normal,178000,125.88401697312588,high,120.61047807072089,20,0,2,2,2121.0,2.5,40
2433,2434,528235190,60,RL,59.0,9171,Pave,,IR1,Lvl,AllPub,Inside,Gtl,Gilbert,Norm,Norm,1Fam,2Story,7,5,2004,2005,Gable,CompShg,VinylSd,VinylSd,,0.0,Gd,TA,PConc,Gd,TA,Av,Unf,0.0,Unf,0.0,848.0,848.0,GasA,Ex,Y,SBrkr,848,750,0,1598,0.0,0.0,2,1,3,1,Gd,7,Typ,1,Gd,Attchd,2004.0,Fin,2.0,433.0,TA,TA,Y,100,48,0,0,0,0,,,,0,7,2006,WD ,Normal,201490,126.08886107634544,high,120.61047807072089,20,0,2,1,2446.0,2.5,35
2434,2435,528240080,60,RL,106.0,11194,Pave,,IR1,Lvl,AllPub,Corner,Gtl,Gilbert,Norm,Norm,1Fam,2Story,8,5,2000,2000,Gable,CompShg,VinylSd,VinylSd,BrkFace,40.0,Gd,TA,PConc,Gd,TA,No,Unf,0.0,Unf,0.0,1406.0,1406.0,GasA,Ex,Y,SBrkr,1454,482,0,1936,0.0,0.0,2,1,3,1,Gd,7,Typ,1,TA,Attchd,2000.0,RFn,2.0,504.0,TA,TA,Y,188,124,0,0,0,0,,,,0,11,2006,WD ,Normal,230500,119.0599173553719,high,120.61047807072089,20,0,6,6,3342.0,2.5,40
2435,2436,528250060,60,RL,63.0,7875,Pave,,Reg,Lvl,AllPub,Inside,Gtl,Gilbert,Norm,Norm,1Fam,2Story,7,5,2003,2003,Gable,CompShg,VinylSd,VinylSd,,0.0,Gd,TA,PConc,Gd,TA,No,Unf,0.0,Unf,0.0,783.0,783.0,GasA,Ex,Y,SBrkr,807,702,0,1509,0.0,0.0,2,1,3,1,Gd,8,Typ,1,Gd,Attchd,2003.0,Fin,2.0,393.0,TA,TA,Y,0,75,0,0,0,0,,,,0,7,2006,WD ,Normal,180000,119.28429423459245,high,120.61047807072089,20,0,3,3,2292.0,2.5,35
2436,2437,528275060,60,RL,,8121,Pave,,IR1,Lvl,AllPub,Inside,Gtl,Gilbert,Norm,Norm,1Fam,2Story,6,5,2000,2000,Gable,CompShg,VinylSd,VinylSd,,0.0,TA,TA,PConc,Gd,TA,No,Unf,0.0,Unf,0.0,953.0,953.0,GasA,Ex,Y,SBrkr,953,711,0,1664,0.0,0.0,2,1,3,1,TA,7,Typ,1,TA,Attchd,2000.0,RFn,2.0,460.0,TA,TA,Y,100,40,0,0,0,0,,,,0,1,2006,WD ,Normal,172400,103.60576923076923,mid,117.86572802197801,18,1,6,6,2617.0,2.5,30
2437,2438,528275080,60,RL,,8658,Pave,,IR1,Lvl,AllPub,Inside,Gtl,Gilbert,Norm,Norm,1Fam,2Story,6,5,2000,2000,Gable,CompShg,VinylSd,VinylSd,,0.0,TA,TA,PConc,Gd,TA,No,ALQ,732.0,Unf,0.0,250.0,982.0,GasA,Ex,Y,SBrkr,1008,881,0,1889,0.0,0.0,2,1,3,1,TA,9,Typ,1,TA,Attchd,2000.0,Fin,2.0,431.0,TA,TA,Y,0,0,0,0,0,0,,,,0,4,2006,WD ,Normal,215000,113.81683430386448,mid,117.86572802197801,18,0,6,6,2871.0,2.5,30
2438,2439,528280100,60,RL,,11214,Pave,,IR1,Lvl,AllPub,Corner,Gtl,Gilbert,Norm,Norm,1Fam,2Story,7,5,1998,1999,Gable,CompShg,VinylSd,VinylSd,,0.0,Gd,TA,PConc,Gd,TA,No,Unf,0.0,Unf,0.0,930.0,930.0,GasA,Gd,Y,SBrkr,956,930,0,1886,0.0,0.0,2,1,4,1,Gd,10,Typ,1,TA,Attchd,1998.0,Fin,2.0,431.0,TA,TA,Y,89,0,0,0,0,0,,,,0,7,2006,WD ,Normal,199900,105.9915164369035,high,120.61047807072089,20,1,8,7,2816.0,2.5,35
2439,2440,528290140,60,RL,58.0,10852,Pave,,IR1,Lvl,AllPub,Inside,Gtl,Gilbert,RRAn,Norm,1Fam,2Story,6,5,2000,2000,Gable,CompShg,VinylSd,VinylSd,,0.0,TA,TA,PConc,Gd,TA,No,GLQ,786.0,Unf,0.0,173.0,959.0,GasA,Ex,Y,SBrkr,959,712,0,1671,1.0,0.0,2,1,3,1,TA,7,Typ,1,TA,Attchd,2000.0,Fin,2.0,472.0,TA,TA,Y,0,38,0,0,0,0,,,,0,2,2006,WD ,Normal,173000,103.5308198683423,mid,117.86572802197801,18,1,6,6,2630.0,3.5,30
2440,2441,528292080,60,RL,,12104,Pave,,IR1,Lvl,AllPub,FR3,Gtl,Gilbert,Norm,Norm,1Fam,2Story,7,5,2006,2006,Gable,CompShg,VinylSd,VinylSd,,0.0,Gd,TA,PConc,Gd,TA,No,Unf,0.0,Unf,0.0,1035.0,1035.0,GasA,Gd,Y,SBrkr,1082,1240,0,2322,0.0,0.0,3,1,4,1,Gd,8,Typ,0,,Attchd,2006.0,RFn,3.0,617.0,TA,TA,Y,400,45,0,0,0,0,,,,0,8,2006,New,Partial,287602,123.85960378983634,high,120.61047807072089,20,0,0,0,3357.0,3.5,35
2441,2442,528294070,60,RL,66.0,8738,Pave,,IR1,Lvl,AllPub,Inside,Gtl,Gilbert,Norm,Norm,1Fam,2Story,7,5,1999,1999,Gable,CompShg,VinylSd,VinylSd,BrkFace,302.0,Gd,TA,PConc,Gd,TA,No,Unf,0.0,Unf,0.0,975.0,975.0,GasA,Ex,Y,SBrkr,1005,1286,0,2291,0.0,0.0,2,1,4,1,Gd,8,Typ,1,TA,BuiltIn,1999.0,Fin,2.0,429.0,TA,TA,Y,192,0,0,0,0,0,,,,0,2,2006,WD ,Normal,230000,100.39284155390659,high,120.61047807072089,20,1,7,7,3266.0,2.5,35
2442,2443,528315030,60,RL,82.0,9452,Pave,,Reg,Lvl,AllPub,Inside,Gtl,NoRidge,Norm,Norm,1Fam,2Story,8,5,1997,1998,Gable,CompShg,VinylSd,VinylSd,BrkFace,423.0,Gd,TA,PConc,Gd,TA,No,GLQ,1074.0,Unf,0.0,322.0,1396.0,GasA,Ex,Y,SBrkr,1407,985,0,2392,1.0,0.0,2,1,3,1,Gd,7,Typ,1,TA,Attchd,1997.0,Fin,3.0,870.0,TA,TA,Y,0,70,0,0,0,0,,,,0,6,2006,WD ,Normal,348000,145.48494983277592,high,128.70890136327185,17,0,9,8,3788.0,3.5,40
2443,2444,528315070,60,RL,84.0,9660,Pave,,IR1,Lvl,AllPub,Inside,Gtl,NoRidge,Norm,Norm,1Fam,2Story,8,5,1998,1998,Gable,CompShg,VinylSd,VinylSd,BrkFace,242.0,Gd,TA,PConc,Gd,TA,No,GLQ,791.0,Unf,0.0,253.0,1044.0,GasA,Ex,Y,SBrkr,1079,897,0,1976,1.0,0.0,2,1,3,1,Gd,7,Typ,1,Ex,Attchd,1998.0,Fin,3.0,885.0,TA,TA,Y,210,31,0,0,0,0,,,,0,2,2006,WD ,Normal,286000,144.73684210526315,high,128.70890136327185,17,0,8,8,3020.0,3.5,40
2444,2445,528315080,60,RL,83.0,9545,Pave,,Reg,Lvl,AllPub,Corner,Gtl,NoRidge,Norm,Norm,1Fam,2Story,8,5,2000,2000,Gable,CompShg,VinylSd,VinylSd,BrkFace,322.0,Gd,TA,PConc,Gd,TA,Mn,GLQ,505.0,Unf,0.0,655.0,1160.0,GasA,Ex,Y,SBrkr,1205,1029,0,2234,1.0,0.0,2,1,3,1,Gd,7,Typ,1,TA,BuiltIn,2000.0,RFn,3.0,768.0,TA,TA,Y,0,50,0,0,0,0,,,,0,6,2006,WD ,Normal,300000,134.2882721575649,high,128.70890136327185,17,0,6,6,3394.0,3.5,40
2445,2446,528320060,60,RL,118.0,35760,Pave,,IR1,Lvl,AllPub,CulDSac,Gtl,NoRidge,Norm,Norm,1Fam,2Story,10,5,1995,1996,Hip,CompShg,HdBoard,HdBoard,BrkFace,1378.0,Gd,Gd,PConc,Ex,TA,Gd,GLQ,1387.0,Unf,0.0,543.0,1930.0,GasA,Ex,Y,SBrkr,1831,1796,0,3627,1.0,0.0,3,1,4,1,Gd,10,Typ,1,TA,Attchd,1995.0,Fin,3.0,807.0,TA,TA,Y,361,76,0,0,0,0,,,,0,7,2006,WD ,Normal,625000,172.31872070581747,high,128.70890136327185,17,0,11,10,5557.0,4.5,50
2446,2447,528327010,60,RL,,9233,Pave,,IR1,Lvl,AllPub,Inside,Gtl,NoRidge,Norm,Norm,1Fam,2Story,9,5,2000,2000,Gable,CompShg,VinylSd,VinylSd,BrkFace,877.0,Gd,TA,PConc,Ex,TA,Av,GLQ,1182.0,Unf,0.0,358.0,1540.0,GasA,Ex,Y,SBrkr,1540,1315,0,2855,1.0,0.0,2,1,4,1,Ex,9,Typ,1,TA,Attchd,2000.0,RFn,3.0,774.0,TA,TA,Y,247,55,0,0,0,0,,,,0,3,2006,WD ,Normal,405000,141.85639229422065,high,128.70890136327185,17,0,6,6,4395.0,3.5,45
2447,2448,528344060,60,RL,78.0,12011,Pave,,IR1,Lvl,AllPub,CulDSac,Gtl,NoRidge,Norm,Norm,1Fam,2Story,8,5,1998,1998,Gable,CompShg,VinylSd,VinylSd,BrkFace,530.0,Gd,TA,PConc,Gd,TA,Av,GLQ,956.0,Unf,0.0,130.0,1086.0,GasA,Ex,Y,SBrkr,1086,838,0,1924,1.0,0.0,2,1,3,1,Gd,7,Typ,1,TA,Attchd,1998.0,RFn,2.0,592.0,TA,TA,Y,208,75,0,0,374,0,,,,0,6,2006,WD ,Normal,280000,145.53014553014552,high,128.70890136327185,17,0,8,8,3010.0,3.5,40
2448,2449,528348010,60,RL,93.0,12090,Pave,,Reg,Lvl,AllPub,Corner,Gtl,NoRidge,Norm,Norm,1Fam,2Story,8,5,1998,1998,Hip,CompShg,VinylSd,VinylSd,BrkFace,650.0,Gd,TA,PConc,Gd,TA,No,Unf,0.0,Unf,0.0,1141.0,1141.0,GasA,Gd,Y,SBrkr,1165,1098,0,2263,0.0,0.0,2,1,4,1,Gd,10,Typ,1,TA,BuiltIn,1998.0,Fin,2.0,420.0,TA,TA,Y,144,123,0,0,0,0,,,,0,7,2006,WD ,Abnorml,258000,114.00795404330535,high,128.70890136327185,17,1,8,8,3404.0,2.5,40
2449,2450,528358030,60,RL,83.0,10019,Pave,,IR1,Lvl,AllPub,Inside,Gtl,NoRidge,Norm,Norm,1Fam,2Story,8,5,1995,1995,Hip,CompShg,VinylSd,VinylSd,BrkFace,397.0,Gd,TA,PConc,Gd,TA,No,ALQ,527.0,Unf,0.0,815.0,1342.0,GasA,Ex,Y,SBrkr,1358,1368,0,2726,0.0,0.0,2,1,4,1,Gd,9,Typ,1,Ex,Attchd,1995.0,RFn,3.0,725.0,TA,TA,Y,307,169,168,0,0,0,,,,0,6,2006,WD ,Normal,350000,128.39325018341893,high,128.70890136327185,17,0,11,11,4068.0,2.5,40
2450,2451,528360050,60,RL,114.0,17242,Pave,,IR1,Lvl,AllPub,Inside,Gtl,NoRidge,Norm,Norm,1Fam,2Story,9,5,1993,1994,Hip,CompShg,MetalSd,MetalSd,BrkFace,738.0,Gd,Gd,PConc,Ex,TA,Gd,Rec,292.0,GLQ,1393.0,48.0,1733.0,GasA,Ex,Y,SBrkr,1933,1567,0,3500,1.0,0.0,3,1,4,1,Ex,11,Typ,1,TA,Attchd,1993.0,RFn,3.0,959.0,TA,TA,Y,870,86,0,0,210,0,,,,0,5,2006,WD ,Normal,584500,167.0,high,128.70890136327185,17,0,13,12,5233.0,4.5,45
2451,2452,528363070,60,RL,,10236,Pave,,IR1,Lvl,AllPub,Inside,Gtl,NoRidge,Norm,Norm,1Fam,2Story,8,5,1994,1995,Gable,CompShg,VinylSd,VinylSd,BrkFace,501.0,Gd,TA,PConc,Gd,TA,Gd,GLQ,380.0,BLQ,168.0,742.0,1290.0,GasA,Ex,Y,SBrkr,1305,1189,0,2494,1.0,0.0,2,1,4,1,Gd,9,Typ,1,TA,Attchd,1994.0,Fin,3.0,803.0,TA,TA,Y,200,95,0,0,0,0,,GdPrv,,0,6,2006,WD ,Normal,321000,128.70890136327185,high,128.70890136327185,17,0,12,11,3784.0,3.5,40
2452,2453,528365090,60,RL,92.0,10120,Pave,,Reg,Lvl,AllPub,Inside,Gtl,NoRidge,Norm,Norm,1Fam,2Story,8,5,1994,1994,Hip,CompShg,VinylSd,VinylSd,BrkFace,391.0,Gd,TA,PConc,Gd,TA,No,GLQ,740.0,Unf,0.0,425.0,1165.0,GasA,Ex,Y,SBrkr,1203,1323,0,2526,1.0,0.0,2,1,4,1,Gd,8,Typ,1,TA,Attchd,1994.0,RFn,3.0,844.0,TA,TA,Y,309,78,0,0,0,0,,,,0,12,2006,WD ,Normal,290000,114.80601741884402,high,128.70890136327185,17,1,12,12,3691.0,3.5,40
2453,2454,528366040,60,RL,,12585,Pave,,IR1,Lvl,AllPub,Inside,Gtl,NoRidge,Norm,Norm,1Fam,2Story,8,5,1993,1993,Gable,CompShg,HdBoard,ImStucc,BrkFace,420.0,Gd,TA,PConc,Gd,TA,No,LwQ,247.0,GLQ,1039.0,0.0,1286.0,GasA,Ex,Y,SBrkr,1565,1234,0,2799,1.0,0.0,2,1,3,1,Gd,8,Typ,1,TA,Attchd,1993.0,Fin,3.0,704.0,TA,TA,Y,432,136,0,0,0,0,,,,0,10,2006,WD ,Normal,315000,112.54019292604502,high,128.70890136327185,17,1,13,13,4085.0,3.5,40
2454,2455,528429060,60,RL,75.0,12447,Pave,,IR1,Lvl,AllPub,Inside,Gtl,Somerst,RRAn,Norm,1Fam,2Story,8,5,2005,2006,Gable,CompShg,CemntBd,CmentBd,Stone,192.0,Gd,TA,PConc,Gd,Gd,No,Unf,0.0,Unf,0.0,1100.0,1100.0,GasA,Ex,Y,SBrkr,1116,848,0,1964,0.0,0.0,2,1,3,1,Gd,8,Typ,1,Gd,BuiltIn,2005.0,Fin,2.0,760.0,TA,TA,Y,200,70,0,0,0,0,,,,0,1,2006,New,Partial,252000,128.30957230142567,high,134.74897265534986,26,0,1,0,3064.0,2.5,40
2455,2456,528429100,20,RL,49.0,15218,Pave,,IR1,Lvl,AllPub,CulDSac,Gtl,Somerst,RRAn,Norm,1Fam,1Story,8,5,2006,2006,Gable,CompShg,VinylSd,VinylSd,,,Gd,TA,PConc,Ex,Gd,No,GLQ,1562.0,Unf,0.0,108.0,1670.0,GasA,Ex,Y,SBrkr,1670,0,0,1670,1.0,0.0,2,1,2,1,Gd,6,Typ,1,Gd,Attchd,2006.0,RFn,3.0,928.0,TA,TA,Y,0,240,200,0,0,0,,,,0,9,2006,New,Partial,336820,201.688622754491,high,134.74897265534986,26,0,0,0,3340.0,3.5,40
2456,2457,528429120,20,RL,49.0,20896,Pave,,IR2,Lvl,AllPub,CulDSac,Gtl,Somerst,RRAn,Norm,1Fam,1Story,8,5,2005,2006,Gable,CompShg,VinylSd,VinylSd,,0.0,Gd,TA,PConc,Ex,TA,Mn,GLQ,1721.0,Unf,0.0,356.0,2077.0,GasA,Ex,Y,SBrkr,2097,0,0,2097,1.0,0.0,1,1,1,1,Ex,8,Typ,1,Ex,Attchd,2005.0,Fin,3.0,1134.0,TA,TA,Y,192,267,0,0,0,0,,,,0,1,2006,New,Partial,423000,201.7167381974249,high,134.74897265534986,26,0,1,0,4174.0,2.5,40
2457,2458,528429130,20,RL,85.0,10182,Pave,,IR1,Lvl,AllPub,CulDSac,Gtl,Somerst,RRNn,Norm,1Fam,1Story,8,5,2006,2006,Hip,CompShg,VinylSd,VinylSd,Stone,420.0,Gd,TA,PConc,Ex,TA,Mn,GLQ,1220.0,Unf,0.0,440.0,1660.0,GasA,Ex,Y,SBrkr,1660,0,0,1660,1.0,0.0,2,0,3,1,Gd,8,Typ,1,Gd,Attchd,2006.0,RFn,2.0,500.0,TA,TA,Y,322,50,0,0,0,0,,,,0,5,2006,New,Partial,290000,174.6987951807229,high,134.74897265534986,26,0,0,0,3320.0,3.0,40
2458,2459,528439030,20,RL,73.0,8688,Pave,,Reg,Lvl,AllPub,Inside,Gtl,Somerst,Norm,Norm,1Fam,1Story,7,5,2005,2005,Gable,CompShg,VinylSd,VinylSd,BrkFace,228.0,Gd,TA,PConc,Gd,TA,Av,Unf,0.0,Unf,0.0,1616.0,1616.0,GasA,Ex,Y,SBrkr,1616,0,0,1616,0.0,0.0,2,0,3,1,Gd,7,Typ,0,,Attchd,2005.0,RFn,3.0,834.0,TA,TA,Y,208,59,0,0,0,0,,,,0,4,2006,WD ,Normal,232000,143.56435643564356,high,134.74897265534986,26,0,1,1,3232.0,2.0,35
2459,2460,528445010,20,RL,85.0,10936,Pave,,Reg,Lvl,AllPub,Corner,Gtl,Somerst,Feedr,Norm,1Fam,1Story,8,5,2006,2006,Gable,CompShg,VinylSd,VinylSd,BrkFace,60.0,Gd,TA,PConc,Gd,TA,No,Unf,0.0,Unf,0.0,1504.0,1504.0,GasA,Ex,Y,SBrkr,1504,0,0,1504,0.0,0.0,2,0,3,1,Gd,7,Typ,0,,Attchd,2006.0,Fin,2.0,510.0,TA,TA,Y,144,0,0,0,0,0,,,,0,9,2006,New,Partial,199000,132.31382978723406,high,134.74897265534986,26,0,0,0,3008.0,2.0,40
2460,2461,528456200,20,FV,72.0,8640,Pave,,Reg,Lvl,AllPub,Inside,Gtl,Somerst,Norm,Norm,1Fam,1Story,8,5,2006,2006,Gable,CompShg,VinylSd,VinylSd,,0.0,Gd,TA,PConc,Gd,TA,No,GLQ,24.0,Unf,0.0,1254.0,1278.0,GasA,Ex,Y,SBrkr,1278,0,0,1278,0.0,0.0,2,0,2,1,Gd,5,Typ,0,,Attchd,2006.0,RFn,2.0,584.0,TA,TA,Y,0,60,0,0,0,0,,,,0,10,2006,New,Partial,198600,155.39906103286384,high,134.74897265534986,26,0,0,0,2556.0,2.0,40
2461,2462,528477010,60,FV,100.0,13162,Pave,,Reg,Lvl,AllPub,Corner,Gtl,Somerst,Feedr,Norm,1Fam,2Story,9,5,2006,2006,Gable,CompShg,VinylSd,VinylSd,,0.0,Gd,TA,PConc,Ex,TA,No,GLQ,1836.0,Unf,0.0,200.0,2036.0,GasA,Ex,Y,SBrkr,2036,604,0,2640,1.0,0.0,3,1,3,1,Ex,11,Typ,1,Gd,Attchd,2006.0,RFn,3.0,792.0,TA,TA,Y,0,265,0,0,0,0,,,,0,11,2006,New,Partial,405749,153.69280303030303,high,134.74897265534986,26,0,0,0,4676.0,4.5,45
2462,2463,528477030,20,FV,81.0,11216,Pave,,Reg,Lvl,AllPub,Inside,Gtl,Somerst,Norm,Norm,1Fam,1Story,8,5,2006,2006,Gable,CompShg,VinylSd,VinylSd,,0.0,Gd,TA,PConc,Gd,Gd,No,Unf,0.0,Unf,0.0,1489.0,1489.0,GasA,Ex,Y,SBrkr,1489,0,0,1489,0.0,0.0,2,0,3,1,Gd,7,Typ,1,Gd,Attchd,2006.0,RFn,2.0,776.0,TA,TA,Y,0,140,0,0,0,0,,,,0,6,2006,New,Partial,232600,156.21222296843519,high,134.74897265534986,26,0,0,0,2978.0,2.0,40
2463,2464,528480070,60,FV,84.0,10728,Pave,,Reg,Lvl,AllPub,Inside,Gtl,Somerst,Norm,Norm,1Fam,2Story,8,5,2006,2006,Gable,CompShg,VinylSd,VinylSd,,0.0,Gd,TA,PConc,Gd,TA,Mn,Unf,0.0,Unf,0.0,1095.0,1095.0,GasA,Gd,Y,SBrkr,1095,844,0,1939,0.0,0.0,2,1,3,1,Gd,8,Typ,1,Gd,Attchd,2006.0,RFn,3.0,1053.0,TA,TA,Y,192,51,0,0,0,0,,,,0,8,2006,New,Partial,266000,137.1841155234657,high,134.74897265534986,26,0,0,0,3034.0,2.5,40
2464,2465,528480100,60,FV,65.0,8125,Pave,,Reg,Lvl,AllPub,Inside,Gtl,Somerst,Norm,Norm,1Fam,2Story,7,5,2005,2006,Gable,CompShg,VinylSd,VinylSd,,0.0,Gd,TA,PConc,Gd,TA,No,Unf,0.0,Unf,0.0,756.0,756.0,GasA,Ex,Y,SBrkr,756,797,0,1553,0.0,0.0,2,1,3,1,Gd,6,Typ,0,,Attchd,2005.0,RFn,2.0,615.0,TA,TA,Y,0,45,0,0,0,0,,,,0,3,2006,New,Partial,186500,120.09014810045075,high,134.74897265534986,26,1,1,0,2309.0,2.5,35
2465,2466,528480110,60,FV,65.0,8125,Pave,,Reg,Lvl,AllPub,Inside,Gtl,Somerst,Norm,Norm,1Fam,2Story,6,5,2005,2005,Gable,CompShg,VinylSd,VinylSd,,0.0,Gd,TA,PConc,Gd,TA,No,Unf,0.0,Unf,0.0,858.0,858.0,GasA,Ex,Y,SBrkr,858,858,0,1716,0.0,0.0,2,1,3,1,Gd,7,Typ,0,,Attchd,2005.0,RFn,2.0,615.0,TA,TA,Y,0,53,0,0,0,0,,,,0,2,2006,WD ,Normal,200825,117.03088578088578,mid,117.03088578088578,3,0,1,1,2574.0,2.5,30
2466,2467,528480150,60,FV,65.0,8125,Pave,,Reg,Lvl,AllPub,Inside,Gtl,Somerst,Norm,Norm,1Fam,2Story,7,5,2006,2006,Gable,CompShg,VinylSd,VinylSd,,0.0,Gd,TA,PConc,Gd,Gd,No,Unf,0.0,Unf,0.0,770.0,770.0,GasA,Ex,Y,SBrkr,778,798,0,1576,0.0,0.0,2,1,3,1,Gd,6,Typ,0,,Attchd,2006.0,RFn,2.0,614.0,TA,TA,Y,0,50,0,0,0,0,,,,0,8,2006,New,Partial,197000,125.0,high,134.74897265534986,26,0,0,0,2346.0,2.5,35
2467,2468,528488110,20,FV,60.0,7200,Pave,Pave,Reg,Lvl,AllPub,Inside,Gtl,Somerst,Norm,Norm,1Fam,1Story,6,5,2006,2006,Gable,CompShg,VinylSd,VinylSd,Stone,68.0,Gd,TA,PConc,Gd,TA,No,GLQ,905.0,Unf,0.0,357.0,1262.0,GasA,Gd,Y,SBrkr,1262,0,0,1262,0.0,0.0,2,0,2,1,Gd,5,Typ,0,,Attchd,2006.0,Fin,2.0,572.0,TA,TA,Y,0,120,0,0,0,0,,,,0,5,2006,New,Partial,185000,146.59270998415215,mid,117.03088578088578,3,0,0,0,2524.0,2.0,30
2468,2469,528488120,20,FV,62.0,7500,Pave,Pave,Reg,Lvl,AllPub,Inside,Gtl,Somerst,Norm,Norm,1Fam,1Story,7,5,2005,2005,Gable,CompShg,VinylSd,VinylSd,,0.0,Gd,TA,PConc,Gd,TA,No,Unf,0.0,Unf,0.0,1257.0,1257.0,GasA,Ex,Y,SBrkr,1266,0,0,1266,0.0,0.0,2,0,3,1,Gd,6,Typ,1,TA,Attchd,2005.0,Unf,2.0,453.0,TA,TA,Y,38,144,0,0,0,0,,,,0,4,2006,WD ,Normal,176000,139.02053712480253,high,134.74897265534986,26,0,1,1,2523.0,2.0,35
2469,2470,528488130,20,FV,60.0,7200,Pave,Pave,Reg,Lvl,AllPub,Inside,Gtl,Somerst,Norm,Norm,1Fam,1Story,7,5,2006,2006,Gable,CompShg,VinylSd,VinylSd,,0.0,Gd,TA,PConc,Gd,Gd,No,Unf,0.0,Unf,0.0,1293.0,1293.0,GasA,Ex,Y,SBrkr,1301,0,0,1301,1.0,0.0,2,0,2,1,Gd,5,Typ,1,Gd,Attchd,2006.0,RFn,2.0,572.0,TA,TA,Y,216,121,0,0,0,0,,,,0,8,2006,New,Partial,187750,144.31206764027672,high,134.74897265534986,26,0,0,0,2594.0,3.0,35
2470,2471,531363080,20,RL,74.0,7733,Pave,,IR1,Lvl,AllPub,Inside,Gtl,SawyerW,Norm,Norm,1Fam,1Story,6,5,2005,2005,Gable,CompShg,VinylSd,VinylSd,,0.0,TA,TA,PConc,TA,TA,Mn,GLQ,24.0,Unf,0.0,1118.0,1142.0,GasA,Ex,Y,SBrkr,1142,0,0,1142,0.0,0.0,1,1,3,1,Gd,5,Typ,0,,,,,0.0,0.0,,,Y,4,50,0,0,0,0,,,,0,1,2006,WD ,Normal,139500,122.15411558669001,mid,123.03290414878397,15,0,1,1,2284.0,1.5,30
2471,2472,531367010,20,RL,91.0,11024,Pave,,IR1,Lvl,AllPub,Corner,Gtl,SawyerW,Norm,Norm,1Fam,1Story,7,5,2005,2006,Gable,CompShg,VinylSd,VinylSd,BrkFace,118.0,Gd,TA,PConc,Gd,TA,Av,Unf,0.0,Unf,0.0,1400.0,1400.0,GasA,Ex,Y,SBrkr,1400,0,0,1400,0.0,0.0,2,0,3,1,Gd,6,Typ,0,,Attchd,2005.0,RFn,2.0,612.0,TA,TA,Y,144,55,0,0,0,0,,,,0,10,2006,New,Partial,186800,133.42857142857142,high,114.88250652741515,5,0,1,0,2800.0,2.0,35
2472,2473,531375060,20,RL,63.0,13072,Pave,,Reg,Lvl,AllPub,Inside,Gtl,SawyerW,RRAe,Norm,1Fam,1Story,6,5,2005,2006,Gable,CompShg,VinylSd,VinylSd,,0.0,TA,TA,PConc,Gd,TA,No,Unf,0.0,Unf,0.0,1131.0,1131.0,GasA,Ex,Y,SBrkr,1131,0,0,1131,0.0,0.0,1,1,3,1,Gd,6,Typ,0,,,,,0.0,0.0,,,Y,0,39,0,0,0,0,,,,0,3,2006,New,Partial,132000,116.71087533156499,mid,123.03290414878397,15,0,1,0,2262.0,1.5,30
2473,2474,531375070,20,RL,63.0,13072,Pave,,Reg,Lvl,AllPub,Inside,Gtl,SawyerW,RRAe,Norm,1Fam,1Story,6,5,2005,2005,Gable,CompShg,VinylSd,VinylSd,,0.0,Gd,TA,PConc,Gd,TA,No,Unf,0.0,Unf,0.0,1141.0,1141.0,GasA,Ex,Y,SBrkr,1141,0,0,1141,0.0,0.0,1,1,3,1,TA,6,Typ,0,,Detchd,2005.0,Unf,2.0,484.0,TA,TA,Y,0,0,0,0,0,0,,,,0,3,2006,WD ,Abnorml,142500,124.89044697633655,mid,123.03290414878397,15,0,1,1,2282.0,1.5,30
2474,2475,531375100,20,RL,63.0,13072,Pave,,Reg,Lvl,AllPub,Inside,Gtl,SawyerW,RRAe,Norm,1Fam,1Story,6,5,2004,2004,Gable,CompShg,VinylSd,VinylSd,,0.0,TA,TA,PConc,Gd,TA,No,ALQ,941.0,Unf,0.0,217.0,1158.0,GasA,Ex,Y,SBrkr,1158,0,0,1158,1.0,0.0,1,1,3,1,Gd,5,Typ,0,,Detchd,2006.0,Unf,2.0,576.0,TA,TA,Y,0,50,0,0,0,0,,,,0,5,2006,New,Partial,158000,136.44214162348877,mid,123.03290414878397,15,0,2,2,2316.0,2.5,30
2475,2476,531376030,60,RL,65.0,7800,Pave,,Reg,Lvl,AllPub,Inside,Gtl,SawyerW,Norm,Norm,1Fam,2Story,7,5,2005,2005,Gable,CompShg,VinylSd,VinylSd,BrkFace,172.0,Gd,TA,PConc,Gd,TA,No,Unf,0.0,Unf,0.0,891.0,891.0,GasA,Ex,Y,SBrkr,891,795,0,1686,0.0,0.0,2,1,3,1,Gd,8,Typ,0,,Attchd,2005.0,Fin,2.0,462.0,TA,TA,Y,144,101,0,0,0,0,,,,0,4,2006,WD ,Normal,184000,109.13404507710557,high,114.88250652741515,5,0,1,1,2577.0,2.5,35
2476,2477,531376050,60,RL,74.0,7632,Pave,,IR1,Lvl,AllPub,Inside,Gtl,SawyerW,Norm,Norm,1Fam,2Story,7,5,2005,2005,Gable,CompShg,VinylSd,VinylSd,BrkFace,96.0,Gd,TA,PConc,Gd,TA,No,Unf,0.0,Unf,0.0,784.0,784.0,GasA,Ex,Y,SBrkr,831,754,0,1585,0.0,0.0,2,1,3,1,Gd,7,Typ,0,,Attchd,2005.0,RFn,2.0,449.0,TA,TA,Y,100,77,0,0,0,0,,,,0,3,2006,WD ,Normal,184900,116.65615141955836,high,114.88250652741515,5,0,1,1,2369.0,2.5,35
2477,2478,531379030,60,RL,70.0,8304,Pave,,IR1,Lvl,AllPub,Inside,Gtl,SawyerW,Norm,Norm,1Fam,2Story,6,5,1997,1998,Gable,CompShg,VinylSd,VinylSd,,0.0,TA,TA,PConc,Gd,TA,No,Unf,0.0,Unf,0.0,941.0,941.0,GasA,Ex,Y,SBrkr,941,896,0,1837,0.0,0.0,2,1,3,1,TA,7,Typ,0,,Attchd,1997.0,RFn,2.0,688.0,TA,TA,Y,150,165,0,0,0,0,,GdPrv,,0,7,2006,WD ,Normal,187000,101.79640718562874,mid,123.03290414878397,15,1,9,8,2778.0,2.5,30
2478,2479,531450040,60,RL,65.0,7153,Pave,,Reg,Lvl,AllPub,Inside,Gtl,SawyerW,Norm,Norm,1Fam,2Story,6,5,1992,1992,Gable,CompShg,VinylSd,VinylSd,,0.0,Gd,Gd,PConc,Gd,TA,No,ALQ,387.0,Unf,0.0,374.0,761.0,GasA,Ex,Y,SBrkr,810,793,0,1603,0.0,0.0,2,1,3,1,Gd,7,Typ,0,,Attchd,1992.0,RFn,2.0,484.0,TA,TA,Y,0,124,0,0,0,0,,,,0,7,2006,WD ,Normal,175900,109.73175296319401,mid,123.03290414878397,15,1,14,14,2364.0,2.5,30
2479,2480,531451290,60,RL,70.0,9370,Pave,,IR2,Lvl,AllPub,Inside,Gtl,SawyerW,Norm,Norm,1Fam,2Story,6,5,1992,1993,Gable,CompShg,HdBoard,HdBoard,,0.0,Gd,TA,PConc,Gd,TA,No,ALQ,758.0,Unf,0.0,78.0,836.0,GasA,Ex,Y,SBrkr,844,887,0,1731,1.0,0.0,2,1,3,1,Gd,7,Typ,0,,Attchd,1992.0,RFn,2.0,462.0,TA,TA,Y,307,85,0,0,224,0,,,Othr,3000,10,2006,WD ,Family,248500,143.5586366262276,mid,123.03290414878397,15,0,14,13,2567.0,3.5,30
2480,2481,531452080,120,RL,50.0,7175,Pave,,Reg,Lvl,AllPub,Inside,Gtl,SawyerW,Norm,Norm,TwnhsE,1Story,6,5,1990,1991,Gable,CompShg,Plywood,Plywood,,0.0,Gd,TA,PConc,Gd,TA,No,GLQ,904.0,Unf,0.0,494.0,1398.0,GasA,Gd,Y,SBrkr,1398,0,0,1398,1.0,0.0,2,0,2,1,Gd,5,Typ,0,,Attchd,1990.0,RFn,2.0,542.0,TA,TA,Y,0,46,0,0,0,0,,MnPrv,,0,7,2006,WD ,Normal,172000,123.03290414878397,mid,123.03290414878397,15,0,16,15,2796.0,3.0,30
2481,2482,531452100,120,RL,50.0,7175,Pave,,Reg,Lvl,AllPub,Inside,Gtl,SawyerW,Norm,Norm,TwnhsE,1Story,6,5,1991,1991,Gable,CompShg,Plywood,Plywood,,0.0,Gd,TA,PConc,Gd,TA,No,GLQ,278.0,Unf,0.0,939.0,1217.0,GasA,Gd,Y,SBrkr,1217,0,0,1217,0.0,0.0,2,0,2,1,Gd,5,Typ,0,,Attchd,1991.0,RFn,2.0,484.0,TA,TA,Y,0,64,0,0,0,0,,,,0,6,2006,WD ,Normal,151000,124.07559572719803,mid,123.03290414878397,15,0,15,15,2434.0,2.0,30
2482,2483,531452210,60,RL,,9019,Pave,,IR1,Lvl,AllPub,Inside,Gtl,SawyerW,RRAe,Norm,1Fam,2Story,6,5,1994,1994,Gable,CompShg,VinylSd,VinylSd,,0.0,TA,TA,PConc,Gd,TA,No,ALQ,274.0,Unf,0.0,362.0,636.0,GasA,Ex,Y,SBrkr,636,684,0,1320,0.0,0.0,2,1,3,1,Gd,6,Typ,0,,Attchd,1994.0,Fin,2.0,472.0,TA,TA,Y,0,40,0,0,0,0,,,,0,7,2006,WD ,Normal,150000,113.63636363636364,mid,123.03290414878397,15,0,12,12,1956.0,2.5,30
2483,2484,531478010,20,RH,,8900,Pave,,Reg,Lvl,AllPub,Inside,Gtl,SawyerW,Norm,Norm,1Fam,1Story,4,4,1966,1966,Gable,CompShg,HdBoard,HdBoard,,0.0,TA,TA,CBlock,TA,TA,No,Rec,1056.0,Unf,0.0,0.0,1056.0,GasA,TA,Y,SBrkr,1056,0,0,1056,1.0,0.0,1,0,2,1,TA,5,Typ,0,,Detchd,1966.0,Unf,1.0,384.0,TA,TA,Y,0,42,0,0,0,0,,MnPrv,,0,11,2006,WD ,Normal,107000,101.32575757575758,mid,123.03290414878397,15,1,40,40,2112.0,2.0,16
2484,2485,531479030,20,RH,60.0,7800,Pave,,Reg,Lvl,AllPub,Corner,Gtl,SawyerW,Norm,Norm,1Fam,1Story,5,5,1965,1965,Gable,CompShg,VinylSd,VinylSd,,0.0,TA,TA,CBlock,TA,TA,No,BLQ,641.0,Unf,0.0,187.0,828.0,GasA,Gd,Y,SBrkr,965,0,0,965,1.0,0.0,1,0,3,1,TA,6,Typ,0,,Detchd,1979.0,Unf,1.0,300.0,TA,TA,Y,421,0,0,0,0,0,,MnPrv,,0,7,2006,WD ,Abnorml,119900,124.24870466321244,mid,123.03290414878397,15,0,41,41,1793.0,2.0,25
2485,2486,532351060,20,RL,70.0,9100,Pave,,Reg,Lvl,AllPub,Inside,Gtl,Sawyer,RRAe,Norm,1Fam,1Story,5,4,1962,1962,Hip,CompShg,Wd Sdng,Wd Sdng,BrkFace,51.0,TA,TA,CBlock,TA,TA,No,LwQ,36.0,Unf,0.0,952.0,988.0,GasA,Ex,Y,SBrkr,988,0,0,988,1.0,0.0,1,0,3,1,TA,6,Typ,0,,Detchd,1977.0,Unf,2.0,624.0,TA,TA,Y,0,0,0,0,0,0,,,,0,7,2006,WD ,Normal,129500,131.07287449392712,mid,119.66141788952947,38,0,44,44,1976.0,2.0,20
2486,2487,532351090,90,RM,70.0,9100,Pave,,Reg,Lvl,AllPub,Inside,Gtl,Sawyer,RRAe,Norm,Duplex,1Story,5,5,1963,1963,Gable,CompShg,HdBoard,HdBoard,BrkFace,336.0,TA,TA,CBlock,TA,TA,No,Rec,1332.0,Unf,0.0,396.0,1728.0,GasA,TA,Y,SBrkr,1728,0,0,1728,1.0,0.0,2,0,6,2,TA,10,Typ,0,,Detchd,1963.0,Unf,2.0,504.0,TA,TA,Y,0,0,0,0,0,0,,,,0,11,2006,ConLI,Abnorml,125000,72.33796296296296,mid,119.66141788952947,38,1,43,43,3456.0,3.0,25
2487,2488,532351150,90,RM,68.0,8927,Pave,,Reg,Lvl,AllPub,Inside,Gtl,Sawyer,RRAe,Norm,Duplex,1.5Fin,6,6,1977,1977,Gable,CompShg,VinylSd,VinylSd,,0.0,TA,Gd,CBlock,,,,,0.0,,0.0,0.0,0.0,GasA,TA,Y,SBrkr,1286,368,0,1654,0.0,0.0,2,0,4,2,TA,10,Typ,0,,Attchd,1977.0,RFn,2.0,528.0,TA,TA,Y,0,0,0,0,0,0,,,,0,8,2006,WD ,Normal,119500,72.2490931076179,mid,119.66141788952947,38,1,29,29,1654.0,2.0,36
2488,2489,532353030,20,RL,,9240,Pave,,IR1,Lvl,AllPub,Inside,Gtl,Sawyer,Norm,Norm,1Fam,1Story,5,6,1962,2002,Hip,CompShg,HdBoard,HdBoard,,0.0,TA,TA,CBlock,TA,TA,No,BLQ,612.0,Unf,0.0,252.0,864.0,GasA,Gd,Y,SBrkr,1211,0,0,1211,0.0,0.0,1,0,2,1,TA,6,Min1,1,TA,Detchd,1972.0,Unf,2.0,576.0,TA,TA,Y,161,0,0,0,0,0,,MnPrv,,0,3,2006,WD ,Normal,144000,118.90999174236168,mid,119.66141788952947,38,0,44,4,2075.0,1.0,30
2489,2490,532353180,80,RL,88.0,8471,Pave,,IR1,Lvl,AllPub,Corner,Gtl,Sawyer,Norm,Norm,1Fam,SLvl,6,7,1977,1995,Gable,CompShg,HdBoard,Plywood,BrkFace,46.0,TA,TA,CBlock,Gd,Gd,Av,ALQ,506.0,Unf,0.0,0.0,506.0,GasA,TA,Y,SBrkr,1212,0,0,1212,1.0,0.0,1,0,3,1,TA,6,Typ,1,TA,Attchd,1978.0,Unf,2.0,492.0,TA,TA,Y,292,12,0,0,0,0,,GdWo,,0,7,2006,WD ,Normal,151000,124.58745874587459,mid,119.66141788952947,38,0,29,11,1718.0,2.0,42
2490,2491,532376080,20,RL,,9308,Pave,,IR1,Lvl,AllPub,CulDSac,Gtl,Sawyer,RRNe,Norm,1Fam,1Story,5,5,1965,1965,Gable,CompShg,HdBoard,HdBoard,,0.0,TA,TA,CBlock,TA,TA,No,Rec,554.0,Unf,0.0,430.0,984.0,GasA,TA,Y,SBrkr,984,0,0,984,0.0,0.0,1,0,3,1,TA,5,Typ,0,,Attchd,1965.0,Unf,1.0,310.0,TA,TA,Y,0,0,0,0,0,0,,MnPrv,,0,7,2006,WD ,Normal,126000,128.0487804878049,mid,119.66141788952947,38,0,41,41,1968.0,1.0,25
2491,2492,532376180,20,RL,65.0,8450,Pave,,Reg,Lvl,AllPub,Inside,Gtl,Sawyer,RRAe,Norm,1Fam,1Story,5,6,1968,1968,Gable,CompShg,Plywood,Plywood,BrkFace,90.0,TA,TA,CBlock,TA,TA,No,BLQ,162.0,Rec,270.0,450.0,882.0,GasA,TA,Y,SBrkr,909,0,0,909,0.0,0.0,1,0,3,1,TA,5,Typ,0,,Attchd,1968.0,Unf,1.0,294.0,TA,TA,Y,0,155,0,0,0,0,,MnPrv,,0,11,2006,COD,Normal,116000,127.61276127612761,mid,119.66141788952947,38,0,38,38,1791.0,1.0,30
2492,2493,532376250,20,RL,,8638,Pave,,IR1,Lvl,AllPub,Inside,Gtl,Sawyer,RRAe,Norm,1Fam,1Story,5,6,1963,1963,Gable,CompShg,HdBoard,HdBoard,,0.0,TA,TA,PConc,TA,TA,No,ALQ,181.0,Unf,0.0,744.0,925.0,GasA,Gd,Y,SBrkr,925,0,0,925,1.0,0.0,1,0,2,1,TA,5,Typ,0,,Detchd,1990.0,Unf,2.0,484.0,TA,TA,Y,203,74,0,0,0,0,,,,0,10,2006,WD ,Normal,133500,144.32432432432432,mid,119.66141788952947,38,0,43,43,1850.0,2.0,30
2493,2494,532378050,20,RL,,13052,Pave,,IR1,Lvl,AllPub,CulDSac,Gtl,Sawyer,Norm,Norm,1Fam,1Story,5,6,1965,1965,Gable,CompShg,HdBoard,HdBoard,,0.0,TA,TA,CBlock,TA,TA,No,Rec,712.0,Unf,0.0,312.0,1024.0,GasA,TA,Y,SBrkr,1024,0,0,1024,0.0,0.0,1,1,3,1,TA,5,Typ,0,,Attchd,1965.0,Unf,1.0,308.0,TA,TA,Y,0,0,0,0,0,0,,MnPrv,,0,1,2006,WD ,Normal,120875,118.0419921875,mid,119.66141788952947,38,0,41,41,2048.0,1.5,30
2494,2495,532378070,20,RL,,13526,Pave,,IR1,Lvl,AllPub,CulDSac,Gtl,Sawyer,Norm,Norm,1Fam,1Story,5,6,1965,1965,Hip,CompShg,HdBoard,Plywood,BrkFace,114.0,TA,TA,CBlock,TA,TA,No,BLQ,560.0,LwQ,375.0,0.0,935.0,GasA,TA,Y,SBrkr,935,0,0,935,1.0,0.0,1,0,3,1,TA,5,Typ,0,,Attchd,1965.0,Unf,1.0,288.0,TA,TA,Y,180,0,0,0,0,0,,MnPrv,,0,11,2006,WD ,Normal,137000,146.524064171123,mid,119.66141788952947,38,0,41,41,1870.0,2.0,30
2495,2496,532378130,20,RL,,8020,Pave,,IR1,Lvl,AllPub,Inside,Gtl,Sawyer,Norm,Norm,1Fam,1Story,5,6,1964,1964,Gable,CompShg,HdBoard,HdBoard,,0.0,TA,TA,CBlock,TA,TA,No,ALQ,644.0,Unf,0.0,268.0,912.0,GasA,TA,N,SBrkr,912,0,0,912,0.0,0.0,1,0,3,1,TA,6,Typ,0,,,,,0.0,0.0,,,Y,0,0,0,0,0,0,,GdWo,,0,4,2006,WD ,Normal,124000,135.96491228070175,mid,119.66141788952947,38,0,42,42,1824.0,1.0,30
2496,2497,532378160,20,RL,65.0,6993,Pave,,Reg,Lvl,AllPub,Inside,Gtl,Sawyer,Feedr,Norm,1Fam,1Story,5,7,1961,1994,Gable,CompShg,HdBoard,Plywood,,0.0,TA,TA,CBlock,TA,TA,No,BLQ,465.0,Unf,0.0,447.0,912.0,GasA,TA,Y,SBrkr,1236,0,0,1236,0.0,0.0,1,0,3,1,TA,6,Typ,1,TA,Attchd,1961.0,Unf,1.0,288.0,TA,TA,Y,0,0,0,0,0,0,,,,0,6,2006,WD ,Normal,135000,109.22330097087378,mid,119.66141788952947,38,0,45,12,2148.0,1.0,35
2497,2498,532378220,20,RL,,8789,Pave,,IR1,Lvl,AllPub,Inside,Gtl,Sawyer,Norm,Norm,1Fam,1Story,5,6,1967,1967,Gable,CompShg,VinylSd,VinylSd,,0.0,TA,TA,CBlock,TA,TA,Mn,Rec,659.0,Unf,0.0,253.0,912.0,GasA,TA,Y,SBrkr,941,0,0,941,0.0,0.0,1,0,3,1,TA,6,Typ,1,Po,Attchd,1967.0,Unf,1.0,288.0,TA,TA,Y,64,0,0,0,0,0,,,,0,6,2006,WD ,Normal,129200,137.30074388947926,mid,119.66141788952947,38,0,39,39,1853.0,1.0,30
2498,2499,532476050,80,RL,100.0,14330,Pave,,IR1,Low,AllPub,Corner,Gtl,Veenker,Norm,Norm,1Fam,SLvl,7,4,1974,1974,Gable,CompShg,WdShing,Wd Sdng,BrkFace,145.0,Gd,Fa,CBlock,Gd,TA,Gd,ALQ,1023.0,BLQ,497.0,228.0,1748.0,GasA,Gd,Y,SBrkr,2151,495,0,2646,1.0,2.0,2,0,3,1,Gd,9,Mod,4,TA,Attchd,1974.0,RFn,2.0,550.0,TA,TA,Y,641,100,0,0,0,800,Gd,GdPrv,,0,1,2006,WD ,Normal,260000,98.26152683295541,high,180.72289156626505,3,1,32,32,4394.0,4.0,28
2499,2500,533110130,60,RL,121.0,16059,Pave,,Reg,Lvl,AllPub,Corner,Gtl,NoRidge,Norm,Norm,1Fam,2Story,8,5,1991,1992,Hip,CompShg,HdBoard,HdBoard,BrkFace,284.0,Gd,TA,CBlock,Gd,TA,No,Unf,0.0,Unf,0.0,1288.0,1288.0,GasA,Ex,Y,SBrkr,1301,1116,0,2417,0.0,0.0,2,1,4,1,Gd,9,Typ,1,TA,Attchd,1991.0,Unf,2.0,462.0,TA,TA,Y,127,82,0,0,0,0,,,,0,4,2006,WD ,Normal,260000,107.57136946628052,high,128.70890136327185,17,1,15,14,3705.0,2.5,40
2500,2501,533125120,60,RL,105.0,11025,Pave,,Reg,HLS,AllPub,Inside,Mod,NoRidge,Norm,Norm,1Fam,2Story,8,5,1992,1993,Gable,CompShg,HdBoard,ImStucc,BrkFace,692.0,Gd,TA,PConc,Ex,TA,Gd,GLQ,1118.0,Unf,0.0,216.0,1334.0,GasA,Ex,Y,SBrkr,1520,1306,0,2826,1.0,0.0,2,1,3,1,Gd,9,Typ,3,TA,Attchd,1992.0,RFn,3.0,888.0,TA,TA,Y,177,208,186,0,0,0,,,,0,10,2006,WD ,Normal,334000,118.18825194621373,high,128.70890136327185,17,0,14,13,4160.0,3.5,40
2501,2502,533127080,60,RL,,14541,Pave,,IR1,Lvl,AllPub,Corner,Gtl,NoRidge,Norm,Norm,1Fam,2Story,8,7,1993,1993,Gable,CompShg,MetalSd,MetalSd,,0.0,Gd,Gd,PConc,Gd,Gd,No,GLQ,1012.0,Unf,0.0,326.0,1338.0,GasA,Ex,Y,SBrkr,1352,1168,0,2520,1.0,0.0,2,1,5,1,Gd,10,Typ,1,TA,Attchd,1993.0,RFn,3.0,796.0,TA,TA,Y,209,55,0,0,0,0,,,,0,11,2006,WD ,Abnorml,310000,123.01587301587301,high,128.70890136327185,17,0,13,13,3858.0,3.5,56
2502,2503,533128030,60,RL,,13346,Pave,,IR1,Lvl,AllPub,CulDSac,Gtl,NoRidge,Norm,Norm,1Fam,2Story,7,5,1992,2000,Gable,CompShg,HdBoard,HdBoard,,0.0,Gd,TA,PConc,Gd,TA,No,GLQ,728.0,Unf,0.0,367.0,1095.0,GasA,Ex,Y,SBrkr,1166,1129,0,2295,1.0,0.0,2,1,4,1,Gd,9,Typ,1,TA,Attchd,1992.0,RFn,2.0,590.0,TA,TA,Y,0,40,0,0,0,0,,,,0,7,2006,WD ,Normal,268000,116.7755991285403,high,128.70890136327185,17,0,14,6,3390.0,3.5,35
2503,2504,533128090,20,RL,89.0,12461,Pave,,Reg,Lvl,AllPub,Corner,Gtl,NoRidge,Norm,Norm,1Fam,1Story,8,5,1994,1995,Gable,CompShg,ImStucc,ImStucc,,0.0,Gd,TA,PConc,Gd,TA,No,GLQ,1456.0,Unf,0.0,168.0,1624.0,GasA,Ex,Y,SBrkr,1624,0,0,1624,1.0,0.0,2,0,2,1,Gd,5,Typ,1,Fa,Attchd,1994.0,RFn,3.0,757.0,TA,TA,Y,0,114,192,0,0,0,,GdPrv,,0,7,2006,WD ,Normal,262000,161.33004926108376,high,128.70890136327185,17,0,12,11,3248.0,3.0,40
2504,2505,533206040,120,FV,34.0,3628,Pave,Pave,Reg,Lvl,AllPub,Inside,Gtl,Somerst,Norm,Norm,TwnhsE,1Story,7,5,2004,2004,Gable,CompShg,MetalSd,MetalSd,,0.0,Gd,TA,PConc,Gd,TA,No,Unf,0.0,Unf,0.0,1143.0,1143.0,GasA,Ex,Y,SBrkr,1143,0,0,1143,0.0,0.0,1,1,1,1,Gd,5,Typ,1,Gd,Attchd,2004.0,RFn,2.0,588.0,TA,TA,Y,0,191,0,0,0,0,,,,0,5,2006,WD ,Normal,176400,154.33070866141733,high,134.74897265534986,26,0,2,2,2286.0,1.5,35
2505,2506,533208050,120,FV,37.0,3316,Pave,Pave,IR1,Lvl,AllPub,Inside,Gtl,Somerst,Norm,Norm,TwnhsE,1Story,8,5,2005,2005,Gable,CompShg,MetalSd,MetalSd,,0.0,Gd,TA,PConc,Gd,TA,No,GLQ,1039.0,Unf,0.0,208.0,1247.0,GasA,Ex,Y,SBrkr,1247,0,0,1247,1.0,0.0,1,1,1,1,Gd,4,Typ,1,Gd,Attchd,2005.0,Fin,2.0,550.0,TA,TA,Y,0,84,0,0,0,0,,,,0,4,2006,WD ,Normal,197000,157.97914995990376,high,134.74897265534986,26,0,1,1,2494.0,2.5,40
2506,2507,533212100,160,FV,30.0,3180,Pave,Pave,Reg,Lvl,AllPub,Inside,Gtl,Somerst,Norm,Norm,TwnhsE,2Story,7,5,2005,2005,Gable,CompShg,MetalSd,MetalSd,,0.0,TA,TA,PConc,Gd,TA,No,Unf,0.0,Unf,0.0,600.0,600.0,GasA,Ex,Y,SBrkr,520,600,80,1200,0.0,0.0,2,1,2,1,Gd,4,Typ,0,,Detchd,2005.0,RFn,2.0,480.0,TA,TA,Y,0,166,0,0,0,0,,,,0,6,2006,WD ,Normal,151000,125.83333333333333,high,134.74897265534986,26,0,1,1,1800.0,2.5,35
2507,2508,533212110,160,FV,24.0,2544,Pave,Pave,Reg,Lvl,AllPub,Inside,Gtl,Somerst,Norm,Norm,Twnhs,2Story,7,5,2005,2005,Gable,CompShg,MetalSd,MetalSd,,0.0,Gd,TA,PConc,Gd,TA,No,Unf,0.0,Unf,0.0,600.0,600.0,GasA,Ex,Y,SBrkr,520,623,80,1223,0.0,0.0,2,1,2,1,Gd,4,Typ,0,,Detchd,2005.0,RFn,2.0,480.0,TA,TA,Y,0,166,0,0,0,0,,,,0,7,2006,WD ,Normal,147400,120.5233033524121,high,134.74897265534986,26,1,1,1,1823.0,2.5,35
2508,2509,533212120,160,FV,24.0,2544,Pave,Pave,Reg,Lvl,AllPub,Inside,Gtl,Somerst,Norm,Norm,Twnhs,2Story,7,5,2005,2005,Gable,CompShg,MetalSd,MetalSd,,0.0,Gd,TA,PConc,Gd,TA,No,Unf,0.0,Unf,0.0,600.0,600.0,GasA,Ex,Y,SBrkr,520,623,80,1223,0.0,0.0,2,1,2,1,Gd,4,Typ,0,,Detchd,2005.0,RFn,2.0,480.0,TA,TA,Y,0,166,0,0,0,0,,,,0,7,2006,WD ,Normal,149900,122.56745707277187,high,134.74897265534986,26,0,1,1,1823.0,2.5,35
2509,2510,533212130,160,FV,30.0,3180,Pave,Pave,Reg,Lvl,AllPub,Inside,Gtl,Somerst,Norm,Norm,TwnhsE,2Story,7,5,2005,2005,Gable,CompShg,MetalSd,MetalSd,,0.0,Gd,TA,PConc,Gd,TA,No,Unf,0.0,Unf,0.0,600.0,600.0,GasA,Ex,Y,SBrkr,520,600,80,1200,0.0,0.0,2,1,2,1,Gd,4,Typ,0,,Detchd,2005.0,RFn,2.0,480.0,TA,TA,Y,0,166,0,0,0,0,,,,0,4,2006,WD ,Abnorml,144152,120.12666666666667,high,134.74897265534986,26,1,1,1,1800.0,2.5,35
2510,2511,533221080,160,FV,,2998,Pave,,Reg,Lvl,AllPub,Inside,Gtl,Somerst,Norm,Norm,TwnhsE,2Story,6,5,2000,2000,Gable,CompShg,MetalSd,MetalSd,BrkFace,513.0,Gd,TA,PConc,Gd,TA,No,GLQ,353.0,Unf,0.0,403.0,756.0,GasA,Ex,Y,SBrkr,768,756,0,1524,0.0,0.0,2,1,2,1,Gd,4,Typ,0,,Detchd,2000.0,Unf,2.0,440.0,TA,TA,Y,0,32,0,0,0,0,,,,0,6,2006,WD ,Normal,166000,108.9238845144357,mid,117.03088578088578,3,0,6,6,2280.0,2.5,30
2511,2512,533223010,160,FV,35.0,3735,Pave,,Reg,Lvl,AllPub,FR3,Gtl,Somerst,Norm,Norm,TwnhsE,2Story,7,5,1999,1999,Hip,CompShg,MetalSd,MetalSd,BrkFace,218.0,Gd,TA,PConc,Gd,TA,No,GLQ,450.0,Unf,0.0,241.0,691.0,GasA,Ex,Y,SBrkr,713,739,0,1452,1.0,0.0,2,1,3,1,Gd,6,Typ,0,,Detchd,1999.0,Unf,2.0,506.0,TA,TA,Y,0,34,0,0,0,0,,,,0,3,2006,WD ,Normal,183900,126.65289256198348,high,134.74897265534986,26,0,7,7,2143.0,3.5,35
2512,2513,533223080,160,FV,,2651,Pave,,Reg,Lvl,AllPub,FR2,Gtl,Somerst,Norm,Norm,Twnhs,2Story,7,5,2000,2000,Gable,CompShg,MetalSd,MetalSd,,0.0,Gd,TA,PConc,Gd,TA,No,GLQ,641.0,Unf,0.0,32.0,673.0,GasA,Ex,Y,SBrkr,673,709,0,1382,1.0,0.0,2,1,3,1,Gd,6,Typ,0,,Detchd,2000.0,Unf,2.0,490.0,TA,TA,Y,153,50,0,0,0,0,,,,0,4,2006,WD ,Normal,165000,119.39218523878436,high,134.74897265534986,26,1,6,6,2055.0,3.5,35
2513,2514,533223110,160,FV,,4447,Pave,,IR1,Lvl,AllPub,FR2,Gtl,Somerst,Norm,Norm,TwnhsE,2Story,7,5,2003,2003,Gable,CompShg,VinylSd,VinylSd,,0.0,Gd,TA,PConc,Gd,TA,No,Unf,0.0,Unf,0.0,530.0,530.0,GasA,Ex,Y,SBrkr,530,550,0,1080,0.0,0.0,2,1,2,1,Gd,4,Typ,0,,Attchd,2003.0,RFn,2.0,496.0,TA,TA,Y,0,50,0,0,0,0,,,,0,7,2006,WD ,Normal,139000,128.7037037037037,high,134.74897265534986,26,0,3,3,1610.0,2.5,35
2514,2515,533241010,60,FV,114.0,8314,Pave,Pave,IR1,Lvl,AllPub,Corner,Gtl,Somerst,Norm,Norm,1Fam,2Story,7,5,1997,1998,Hip,CompShg,Wd Sdng,Wd Sdng,,0.0,Gd,TA,PConc,Gd,TA,No,Unf,0.0,Unf,0.0,569.0,569.0,GasA,Ex,Y,SBrkr,854,840,0,1694,0.0,0.0,2,1,3,1,Gd,6,Typ,1,TA,BuiltIn,1997.0,Unf,1.0,434.0,TA,TA,Y,0,382,0,0,110,0,,GdPrv,,0,11,2006,WD ,Normal,200000,118.06375442739079,high,134.74897265534986,26,1,9,8,2263.0,2.5,35
2515,2516,533242030,20,FV,60.0,7180,Pave,Pave,IR1,Lvl,AllPub,Inside,Gtl,Somerst,Norm,Norm,1Fam,1Story,8,5,2001,2002,Gable,CompShg,CemntBd,CmentBd,,0.0,Gd,TA,PConc,Gd,TA,No,Unf,0.0,Unf,0.0,1568.0,1568.0,GasA,Ex,Y,SBrkr,1568,0,0,1568,0.0,0.0,2,0,3,1,Gd,6,Typ,1,TA,Attchd,2001.0,RFn,2.0,564.0,TA,TA,Y,0,266,0,0,0,0,,,,0,9,2006,WD ,Normal,221000,140.94387755102042,high,134.74897265534986,26,0,5,4,3136.0,2.0,40
2516,2517,533250130,120,RL,30.0,9549,Pave,,IR1,Lvl,AllPub,CulDSac,Gtl,Veenker,Norm,Norm,TwnhsE,1Story,8,5,1995,1996,Hip,CompShg,BrkFace,BrkFace,,0.0,Gd,Gd,PConc,Gd,Gd,Av,LwQ,437.0,GLQ,1057.0,0.0,1494.0,GasA,Ex,Y,SBrkr,1494,0,0,1494,1.0,0.0,1,1,2,1,Ex,6,Typ,1,Gd,Attchd,1995.0,Fin,2.0,481.0,TA,TA,Y,0,30,0,0,216,0,,,,0,4,2006,WD ,Normal,270000,180.72289156626505,high,180.72289156626505,3,0,11,10,2988.0,2.5,40
2517,2518,533252020,20,RL,,11250,Pave,,IR1,Lvl,AllPub,Inside,Gtl,Veenker,Norm,Norm,1Fam,1Story,6,6,1977,1977,Gable,CompShg,Plywood,Plywood,,0.0,Gd,TA,CBlock,Gd,TA,No,ALQ,767.0,Unf,0.0,441.0,1208.0,GasA,TA,Y,SBrkr,1208,0,0,1208,1.0,0.0,1,1,3,1,TA,6,Typ,1,TA,Attchd,1977.0,RFn,2.0,546.0,TA,TA,Y,198,42,0,0,0,0,,,,0,6,2006,WD ,Normal,165000,136.58940397350995,mid,136.58940397350995,1,0,29,29,2416.0,2.5,36
2518,2519,533253030,120,RL,,3760,Pave,,IR1,Lvl,AllPub,CulDSac,Gtl,Greens,Norm,Norm,Twnhs,1Story,8,5,1980,1980,Gable,CompShg,Wd Sdng,Wd Sdng,,0.0,Gd,TA,CBlock,Gd,TA,Gd,GLQ,1009.0,LwQ,182.0,44.0,1235.0,GasA,Gd,Y,SBrkr,1235,0,0,1235,1.0,0.0,1,0,1,1,TA,4,Typ,3,TA,Attchd,1980.0,Fin,2.0,484.0,TA,TA,Y,133,78,0,0,0,0,,,,0,5,2006,WD ,Normal,214000,173.27935222672065,high,164.12744120308298,4,0,26,26,2470.0,2.0,40
2519,2520,533253050,120,RL,36.0,3640,Pave,,IR1,Lvl,AllPub,CulDSac,Gtl,Greens,Norm,Norm,Twnhs,1Story,8,5,1980,1980,Gable,CompShg,Wd Sdng,Wd Sdng,,0.0,Gd,TA,CBlock,Gd,TA,Gd,GLQ,860.0,Unf,0.0,176.0,1036.0,GasA,TA,Y,SBrkr,1036,0,0,1036,1.0,0.0,1,0,1,1,Gd,4,Typ,1,TA,Detchd,1980.0,Fin,2.0,484.0,TA,TA,Y,133,108,0,0,0,0,,,,0,9,2006,WD ,Normal,188000,181.46718146718146,high,164.12744120308298,4,0,26,26,2072.0,2.0,40
2520,2521,533253090,120,RL,40.0,3874,Pave,,IR1,Lvl,AllPub,Inside,Gtl,Greens,Norm,Norm,TwnhsE,1Story,8,5,1980,1980,Gable,CompShg,Wd Sdng,Wd Sdng,,0.0,Gd,TA,CBlock,Gd,TA,Gd,GLQ,807.0,Unf,0.0,419.0,1226.0,GasA,TA,Y,SBrkr,1226,0,0,1226,1.0,0.0,1,0,1,1,Gd,4,Typ,1,Fa,Attchd,1980.0,Fin,2.0,484.0,TA,TA,Y,133,78,0,0,0,0,,,,0,7,2006,WD ,Normal,190000,154.97553017944534,high,164.12744120308298,4,0,26,26,2452.0,2.0,40
2521,2522,533253160,120,RL,40.0,3876,Pave,,IR1,Lvl,AllPub,Inside,Gtl,Greens,Norm,Norm,Twnhs,1Story,8,5,1978,1978,Gable,CompShg,Wd Sdng,Plywood,,0.0,Gd,TA,CBlock,Gd,TA,Gd,GLQ,652.0,Rec,526.0,48.0,1226.0,GasA,TA,Y,SBrkr,1226,0,0,1226,1.0,0.0,1,0,1,1,Gd,4,Typ,1,TA,Attchd,1978.0,Fin,2.0,484.0,TA,TA,Y,133,60,0,0,0,0,,,,0,7,2006,WD ,Normal,170000,138.66231647634584,high,164.12744120308298,4,1,28,28,2452.0,2.0,40
2522,2523,533350050,20,RL,68.0,50271,Pave,,IR1,Low,AllPub,Inside,Gtl,Veenker,Norm,Norm,1Fam,1Story,9,5,1981,1987,Gable,WdShngl,WdShing,Wd Shng,,0.0,Gd,TA,CBlock,Ex,TA,Gd,GLQ,1810.0,Unf,0.0,32.0,1842.0,GasA,Gd,Y,SBrkr,1842,0,0,1842,2.0,0.0,0,1,0,1,Gd,5,Typ,1,Gd,Attchd,1981.0,Fin,3.0,894.0,TA,TA,Y,857,72,0,0,0,0,,,,0,11,2006,WD ,Normal,385000,209.01194353963083,high,180.72289156626505,3,0,25,19,3684.0,2.5,45
2523,2524,534125210,190,RL,79.0,13110,Pave,,IR1,Lvl,AllPub,Corner,Gtl,NWAmes,RRAn,Feedr,2fmCon,1Story,5,6,1972,1972,Gable,CompShg,Plywood,Plywood,BrkFace,144.0,TA,TA,CBlock,Gd,TA,No,GLQ,962.0,Unf,0.0,191.0,1153.0,GasA,Ex,Y,SBrkr,1193,0,0,1193,1.0,0.0,2,0,2,1,TA,6,Typ,0,,Attchd,1972.0,Fin,2.0,501.0,TA,TA,Y,140,153,0,0,0,0,,MnPrv,,0,7,2006,WD ,Normal,146500,122.79966471081308,mid,122.79966471081308,13,0,34,34,2346.0,3.0,30
2524,2525,534126060,80,RL,102.0,10192,Pave,,IR1,Lvl,AllPub,Inside,Gtl,NWAmes,Norm,Norm,1Fam,SLvl,7,6,1968,1992,Gable,CompShg,MetalSd,MetalSd,BrkFace,143.0,TA,TA,CBlock,TA,TA,No,Unf,0.0,Unf,0.0,570.0,570.0,GasA,Gd,Y,SBrkr,1222,698,0,1920,0.0,0.0,3,0,4,1,Gd,8,Typ,1,TA,Attchd,1968.0,RFn,2.0,487.0,TA,TA,Y,0,98,0,0,0,0,,GdPrv,,0,9,2006,WD ,Normal,170000,88.54166666666667,high,112.58821288525988,12,1,38,14,2490.0,3.0,42
2525,2526,534127190,20,RL,,20781,Pave,,IR2,Lvl,AllPub,CulDSac,Gtl,NWAmes,PosN,Norm,1Fam,1Story,7,7,1968,2003,Hip,CompShg,BrkFace,HdBoard,,0.0,TA,TA,CBlock,TA,TA,No,BLQ,297.0,Rec,68.0,1203.0,1568.0,GasA,TA,Y,SBrkr,2156,0,0,2156,0.0,0.0,2,0,3,1,TA,9,Typ,1,Gd,Attchd,1968.0,RFn,2.0,508.0,Gd,TA,Y,0,80,0,290,0,0,,,,0,6,2006,WD ,Normal,262500,121.75324675324676,high,112.58821288525988,12,0,38,3,3724.0,2.0,49
2526,2527,534127270,60,RL,90.0,11700,Pave,,Reg,Lvl,AllPub,Corner,Gtl,NWAmes,Norm,Norm,1Fam,2Story,6,6,1968,1968,Gable,CompShg,HdBoard,HdBoard,BrkFace,420.0,TA,TA,CBlock,TA,TA,No,ALQ,404.0,Unf,0.0,304.0,708.0,GasA,Gd,Y,SBrkr,708,708,0,1416,0.0,0.0,2,1,3,1,TA,7,Typ,1,TA,Attchd,1968.0,RFn,2.0,776.0,TA,TA,Y,0,169,0,0,119,0,,,,0,5,2006,WD ,Normal,179900,127.04802259887006,mid,122.79966471081308,13,0,38,38,2124.0,2.5,36
2527,2528,534128210,60,RL,,11029,Pave,,IR1,Lvl,AllPub,Corner,Gtl,NWAmes,PosA,Norm,1Fam,2Story,6,7,1968,1984,Gable,CompShg,HdBoard,HdBoard,BrkFace,220.0,TA,TA,CBlock,TA,TA,Mn,BLQ,619.0,Unf,0.0,435.0,1054.0,GasA,TA,Y,SBrkr,1512,1142,0,2654,1.0,0.0,2,1,4,1,Gd,9,Typ,1,Gd,Attchd,1968.0,Unf,2.0,619.0,TA,TA,Y,0,65,0,0,222,0,,,,0,8,2006,WD ,Normal,250000,94.19743782969103,mid,122.79966471081308,13,1,38,22,3708.0,3.5,42
2528,2529,534129230,60,RL,80.0,10400,Pave,,Reg,Lvl,AllPub,Inside,Gtl,NWAmes,Norm,Norm,1Fam,2Story,6,5,1972,1972,Gable,CompShg,VinylSd,VinylSd,,288.0,TA,TA,CBlock,TA,TA,No,Rec,247.0,Unf,0.0,485.0,732.0,GasA,Gd,Y,SBrkr,1012,778,0,1790,1.0,0.0,1,2,4,1,TA,8,Min2,1,TA,Attchd,1972.0,RFn,2.0,484.0,TA,TA,Y,148,0,0,0,147,0,,,,0,11,2006,WD ,Normal,165150,92.26256983240224,mid,122.79966471081308,13,1,34,34,2522.0,3.0,30
2529,2530,534175100,20,RL,78.0,10140,Pave,,Reg,Lvl,AllPub,Inside,Gtl,NWAmes,RRAn,Norm,1Fam,1Story,7,6,1967,1967,Hip,CompShg,HdBoard,HdBoard,BrkFace,264.0,TA,TA,CBlock,TA,TA,No,BLQ,553.0,LwQ,68.0,713.0,1334.0,GasA,Gd,Y,SBrkr,1334,0,0,1334,1.0,0.0,2,0,3,1,TA,7,Typ,0,,Attchd,1967.0,RFn,2.0,477.0,TA,TA,Y,0,20,35,0,264,0,,,,0,4,2006,WD ,Normal,164500,123.31334332833583,high,112.58821288525988,12,0,39,39,2668.0,3.0,42
2530,2531,534176250,20,RL,80.0,9600,Pave,,Reg,Lvl,AllPub,Inside,Gtl,NWAmes,Norm,Norm,1Fam,1Story,7,5,1969,1969,Hip,CompShg,HdBoard,HdBoard,BrkFace,168.0,TA,TA,CBlock,TA,TA,No,Unf,0.0,Unf,0.0,1164.0,1164.0,GasA,TA,Y,SBrkr,1164,0,0,1164,0.0,0.0,1,1,3,1,TA,6,Typ,0,,Attchd,1969.0,Unf,2.0,528.0,TA,TA,Y,0,0,0,0,0,0,,,,0,7,2006,COD,Normal,140000,120.27491408934708,high,112.58821288525988,12,0,37,37,2328.0,1.5,35
2531,2532,534201130,80,RL,75.0,9750,Pave,,Reg,Lvl,AllPub,Inside,Gtl,NAmes,Norm,Norm,1Fam,SLvl,5,5,1967,1967,Gable,CompShg,VinylSd,VinylSd,,0.0,TA,TA,PConc,TA,TA,Av,ALQ,400.0,Rec,480.0,100.0,980.0,GasA,Gd,Y,SBrkr,980,0,0,980,0.0,0.0,2,0,3,1,TA,6,Typ,0,,Attchd,1967.0,Fin,1.0,384.0,TA,TA,Y,68,0,0,0,0,0,,,,0,10,2006,WD ,Normal,135500,138.26530612244898,mid,121.59722222222223,88,0,39,39,1960.0,2.0,25
2532,2533,534201230,20,RL,80.0,9600,Pave,,Reg,Lvl,AllPub,Corner,Gtl,NAmes,Feedr,Norm,1Fam,1Story,5,5,1968,1968,Gable,CompShg,MetalSd,MetalSd,,0.0,TA,TA,CBlock,TA,TA,No,ALQ,758.0,Unf,0.0,293.0,1051.0,GasA,Gd,Y,SBrkr,1051,0,0,1051,1.0,0.0,1,0,3,1,TA,6,Typ,0,,Attchd,1968.0,RFn,2.0,504.0,TA,TA,Y,0,0,0,0,0,0,,,,0,7,2006,WD ,Normal,142000,135.1094196003806,mid,121.59722222222223,88,0,38,38,2102.0,2.0,25
2533,2534,534201250,60,RL,72.0,8640,Pave,,Reg,Lvl,AllPub,Inside,Gtl,NAmes,Feedr,Norm,1Fam,2Story,5,5,1968,1968,Gable,CompShg,HdBoard,HdBoard,BrkFace,300.0,TA,TA,CBlock,Gd,Fa,Mn,ALQ,361.0,Rec,483.0,56.0,900.0,GasA,Ex,Y,SBrkr,884,886,0,1770,1.0,0.0,1,1,4,1,TA,7,Typ,0,,Attchd,1968.0,RFn,2.0,530.0,TA,TA,Y,0,60,0,0,270,0,,,Shed,455,6,2006,WD ,Normal,155000,87.57062146892656,mid,121.59722222222223,88,1,38,38,2670.0,2.5,25
2534,2535,534201260,20,RL,78.0,9360,Pave,,Reg,Lvl,AllPub,Inside,Gtl,NAmes,Feedr,Norm,1Fam,1Story,6,7,1968,2004,Hip,CompShg,HdBoard,HdBoard,BrkFace,203.0,TA,TA,CBlock,TA,TA,Av,ALQ,760.0,Unf,0.0,216.0,976.0,GasA,TA,Y,SBrkr,976,0,0,976,1.0,0.0,1,0,2,1,Gd,4,Typ,1,Fa,Attchd,1968.0,RFn,2.0,504.0,TA,TA,Y,94,0,0,0,0,0,,,,0,8,2006,WD ,Abnorml,157500,161.37295081967213,mid,121.59722222222223,88,0,38,2,1952.0,2.0,42
2535,2536,534201280,20,RL,70.0,8400,Pave,,Reg,Lvl,AllPub,Inside,Gtl,NAmes,Feedr,Norm,1Fam,1Story,5,5,1968,1968,Hip,CompShg,HdBoard,HdBoard,BrkFace,168.0,TA,TA,CBlock,TA,TA,Av,BLQ,1016.0,Unf,0.0,36.0,1052.0,GasA,Gd,Y,SBrkr,1052,0,0,1052,1.0,0.0,1,1,3,1,TA,5,Typ,0,,Attchd,1968.0,RFn,1.0,288.0,TA,TA,Y,356,0,0,0,0,0,,GdWo,,0,11,2006,WD ,Normal,138500,131.65399239543726,mid,121.59722222222223,88,0,38,38,2104.0,2.5,25
2536,2537,534201300,85,RL,70.0,8400,Pave,,Reg,Lvl,AllPub,Inside,Gtl,NAmes,Feedr,Norm,1Fam,SFoyer,5,6,1968,1968,Gable,CompShg,HdBoard,HdBoard,,0.0,TA,TA,CBlock,Gd,TA,Gd,GLQ,744.0,Unf,0.0,89.0,833.0,GasA,Gd,Y,SBrkr,898,0,0,898,1.0,0.0,1,0,3,1,TA,6,Typ,0,,Attchd,1968.0,RFn,1.0,326.0,TA,TA,Y,143,0,0,0,0,0,,,,0,8,2006,WD ,Normal,140000,155.90200445434297,mid,121.59722222222223,88,0,38,38,1731.0,2.0,30
2537,2538,534202020,20,RL,,9759,Pave,,IR1,Lvl,AllPub,Inside,Gtl,NAmes,Norm,Norm,1Fam,1Story,5,5,1966,1966,Gable,CompShg,Plywood,Plywood,,0.0,TA,TA,CBlock,TA,TA,No,BLQ,799.0,Unf,0.0,252.0,1051.0,GasA,TA,Y,SBrkr,1051,0,0,1051,1.0,0.0,1,0,3,1,TA,6,Typ,0,,Attchd,1966.0,RFn,1.0,264.0,TA,TA,Y,182,88,0,0,0,0,,,,0,3,2006,WD ,Normal,124400,118.36346336822074,mid,121.59722222222223,88,0,40,40,2102.0,2.0,25
2538,2539,534202180,80,RL,80.0,9600,Pave,,Reg,Lvl,AllPub,Inside,Gtl,NAmes,Norm,Norm,1Fam,SLvl,5,7,1967,1967,Gable,CompShg,MetalSd,MetalSd,BrkFace,140.0,TA,TA,PConc,TA,TA,Av,ALQ,602.0,Rec,402.0,137.0,1141.0,GasA,Gd,Y,SBrkr,1141,0,0,1141,1.0,0.0,1,0,3,1,TA,6,Typ,0,,Attchd,1967.0,Unf,1.0,568.0,TA,TA,Y,0,78,0,0,0,0,,,,0,7,2006,WD ,Normal,158000,138.47502191060474,mid,121.59722222222223,88,0,39,39,2282.0,2.0,35
2539,2540,534226060,20,RL,71.0,9230,Pave,,Reg,Lvl,AllPub,Corner,Gtl,NAmes,Feedr,Norm,1Fam,1Story,5,8,1965,1998,Hip,CompShg,MetalSd,MetalSd,BrkFace,166.0,TA,TA,CBlock,TA,TA,Mn,GLQ,661.0,Unf,0.0,203.0,864.0,GasA,Gd,Y,SBrkr,1200,0,0,1200,1.0,0.0,1,1,1,1,Gd,6,Typ,0,,Detchd,1977.0,Unf,2.0,884.0,TA,TA,Y,0,64,0,0,0,0,,MnPrv,,0,10,2006,WD ,Normal,146000,121.66666666666667,mid,121.59722222222223,88,0,41,8,2064.0,2.5,40
2540,2541,534250300,60,RL,,14803,Pave,,IR1,Lvl,AllPub,CulDSac,Gtl,NWAmes,Norm,Norm,1Fam,2Story,6,5,1971,1971,Gable,CompShg,HdBoard,HdBoard,BrkFace,252.0,TA,TA,CBlock,TA,TA,No,Rec,416.0,Unf,0.0,409.0,825.0,GasA,Gd,Y,SBrkr,1097,896,0,1993,0.0,0.0,2,1,4,1,TA,8,Typ,1,Gd,Attchd,1971.0,RFn,2.0,495.0,TA,TA,Y,0,66,0,0,0,0,,GdWo,,0,6,2006,WD ,Normal,190000,95.33366783743101,mid,122.79966471081308,13,1,35,35,2818.0,2.5,30
2541,2542,534275010,20,RL,,10659,Pave,,IR1,Lvl,AllPub,Inside,Gtl,NAmes,Norm,Norm,1Fam,1Story,5,6,1961,1961,Hip,CompShg,Wd Sdng,Wd Sdng,,0.0,TA,TA,CBlock,TA,TA,No,Rec,915.0,Unf,0.0,135.0,1050.0,GasA,TA,Y,SBrkr,1050,0,0,1050,1.0,0.0,1,0,3,1,TA,6,Typ,0,,Attchd,1961.0,Unf,1.0,368.0,TA,TA,Y,0,319,0,0,0,0,,,,0,1,2006,COD,Normal,136500,130.0,mid,121.59722222222223,88,0,45,45,2100.0,2.0,30
2542,2543,534276010,20,RL,70.0,9100,Pave,,Reg,Lvl,AllPub,Corner,Gtl,NAmes,Feedr,Norm,1Fam,1Story,5,5,1958,1958,Gable,CompShg,VinylSd,VinylSd,,0.0,TA,TA,CBlock,TA,TA,No,BLQ,521.0,LwQ,174.0,169.0,864.0,GasA,TA,Y,SBrkr,864,0,0,864,1.0,0.0,1,0,3,1,TA,5,Typ,0,,Detchd,1964.0,Unf,2.0,624.0,TA,TA,Y,0,0,0,0,0,0,,,,0,7,2006,WD ,Normal,129900,150.34722222222223,mid,121.59722222222223,88,0,48,48,1728.0,2.0,25
2543,2544,534276230,90,RL,70.0,8393,Pave,,Reg,Lvl,AllPub,Corner,Gtl,NAmes,Norm,Norm,Duplex,1Story,5,5,1959,2005,Gable,CompShg,MetalSd,MetalSd,BrkFace,122.0,TA,TA,CBlock,TA,TA,No,LwQ,528.0,Unf,0.0,1098.0,1626.0,GasA,Ex,Y,SBrkr,1712,0,0,1712,0.0,0.0,2,0,4,2,TA,8,Typ,0,,Attchd,2005.0,Fin,2.0,588.0,TA,TA,Y,272,54,0,0,0,0,,,,0,6,2006,WD ,Family,145000,84.69626168224299,mid,121.59722222222223,88,1,47,1,3338.0,2.0,25
2544,2545,534400120,190,RL,80.0,8800,Pave,,Reg,Lvl,AllPub,Inside,Gtl,NAmes,RRAn,Norm,2fmCon,1Story,6,7,1965,2000,Hip,CompShg,BrkFace,VinylSd,,0.0,TA,Gd,PConc,TA,TA,Mn,ALQ,901.0,BLQ,252.0,34.0,1187.0,GasA,Ex,Y,SBrkr,1565,0,0,1565,1.0,0.0,2,0,3,1,Gd,7,Min1,2,TA,Attchd,1965.0,RFn,1.0,299.0,TA,TA,Y,200,25,211,0,0,0,,MnPrv,Shed,460,6,2006,WD ,Abnorml,185900,118.78594249201278,mid,121.59722222222223,88,0,41,6,2752.0,3.0,42
2545,2546,534403280,20,RL,80.0,8800,Pave,,Reg,Lvl,AllPub,Inside,Gtl,NAmes,Norm,Norm,1Fam,1Story,6,6,1964,1964,Hip,CompShg,HdBoard,HdBoard,BrkFace,425.0,TA,TA,CBlock,TA,TA,No,BLQ,553.0,Unf,0.0,698.0,1251.0,GasA,TA,Y,SBrkr,1251,0,0,1251,1.0,0.0,1,0,3,1,TA,6,Typ,2,Gd,Attchd,1964.0,RFn,1.0,461.0,TA,TA,Y,0,116,0,0,0,0,,MnPrv,Shed,700,3,2006,WD ,Normal,160000,127.89768185451639,mid,121.59722222222223,88,0,42,42,2502.0,2.0,36
2546,2547,534403400,20,RL,,10368,Pave,,IR1,Lvl,AllPub,CulDSac,Gtl,NAmes,Norm,Norm,1Fam,1Story,6,6,1964,1964,Hip,CompShg,HdBoard,HdBoard,BrkFace,112.0,TA,TA,CBlock,TA,TA,No,ALQ,260.0,LwQ,748.0,0.0,1008.0,GasA,Ex,Y,SBrkr,1488,0,0,1488,1.0,0.0,1,1,3,1,TA,7,Typ,1,Gd,Attchd,1964.0,Fin,2.0,430.0,TA,TA,Y,154,60,0,0,0,0,,,,0,4,2006,WD ,Normal,167000,112.23118279569893,mid,121.59722222222223,88,0,42,42,2496.0,2.5,36
2547,2548,534403440,60,RL,85.0,9350,Pave,,Reg,Lvl,AllPub,Inside,Gtl,NAmes,Norm,Norm,1Fam,2Story,5,6,1964,1964,Gable,CompShg,HdBoard,HdBoard,,0.0,TA,TA,CBlock,TA,TA,No,ALQ,360.0,Unf,0.0,360.0,720.0,GasA,Gd,Y,SBrkr,720,720,0,1440,0.0,0.0,1,1,4,1,TA,7,Typ,1,Po,Attchd,1964.0,Fin,2.0,480.0,TA,TA,Y,0,32,240,0,0,0,,,,0,7,2006,WD ,Normal,157500,109.375,mid,121.59722222222223,88,1,42,42,2160.0,1.5,30
2548,2549,534427090,190,RL,75.0,10382,Pave,,Reg,Lvl,AllPub,Inside,Gtl,NAmes,Norm,Norm,2fmCon,SLvl,6,5,1958,1958,Hip,CompShg,HdBoard,HdBoard,BrkFace,105.0,TA,Fa,CBlock,TA,TA,Gd,ALQ,513.0,Unf,0.0,75.0,588.0,GasA,TA,Y,SBrkr,1095,0,0,1095,1.0,0.0,1,0,2,1,TA,6,Typ,0,,Attchd,1958.0,RFn,1.0,264.0,TA,TA,Y,0,0,0,0,0,0,,,,0,3,2006,ConLD,Normal,140000,127.85388127853881,mid,121.59722222222223,88,0,48,48,1683.0,2.0,30
2549,2550,534428060,20,RL,69.0,8973,Pave,,Reg,Lvl,AllPub,Inside,Gtl,NAmes,Norm,Norm,1Fam,1Story,5,7,1958,1991,Gable,CompShg,Plywood,Plywood,BrkFace,85.0,TA,TA,CBlock,TA,TA,No,Rec,567.0,BLQ,28.0,413.0,1008.0,GasA,TA,Y,FuseA,1053,0,0,1053,0.0,1.0,1,1,3,1,Ex,6,Typ,0,,2Types,1998.0,RFn,2.0,750.0,TA,TA,Y,0,80,0,180,0,0,,MnWw,,0,7,2006,WD ,Abnorml,150000,142.45014245014244,mid,121.59722222222223,88,0,48,15,2061.0,2.0,35
2550,2551,534429130,20,RL,80.0,10800,Pave,,Reg,Lvl,AllPub,Inside,Gtl,NAmes,Norm,Norm,1Fam,1Story,5,7,1960,1960,Hip,CompShg,Wd Sdng,Wd Sdng,BrkFace,88.0,TA,TA,CBlock,TA,TA,No,ALQ,632.0,Unf,0.0,616.0,1248.0,GasA,Ex,Y,SBrkr,1248,0,0,1248,1.0,0.0,1,0,3,1,TA,6,Typ,0,,Attchd,1960.0,Unf,1.0,286.0,TA,TA,Y,0,0,0,0,0,0,,MnPrv,,0,5,2006,WD ,Normal,151500,121.39423076923077,mid,121.59722222222223,88,0,46,46,2496.0,2.0,35
2551,2552,534430050,30,RL,60.0,8550,Pave,,Reg,Lvl,AllPub,Inside,Gtl,NAmes,Norm,Norm,1Fam,1Story,6,8,1934,1950,Gable,CompShg,MetalSd,MetalSd,,0.0,TA,TA,CBlock,TA,TA,No,BLQ,574.0,Unf,0.0,242.0,816.0,GasA,Ex,Y,SBrkr,816,0,0,816,1.0,0.0,1,0,2,1,TA,4,Typ,1,Fa,Attchd,1949.0,Unf,1.0,240.0,TA,TA,Y,228,0,40,0,0,0,,MnPrv,,0,7,2006,WD ,Normal,129800,159.0686274509804,mid,121.59722222222223,88,0,72,56,1632.0,2.0,48
2552,2553,534430110,20,RL,,11425,Pave,,IR1,Lvl,AllPub,Corner,Gtl,NAmes,Norm,Norm,1Fam,1Story,5,6,1954,1954,Gable,CompShg,BrkFace,BrkFace,,0.0,TA,TA,CBlock,TA,TA,No,BLQ,486.0,Unf,0.0,522.0,1008.0,GasA,Gd,Y,SBrkr,1008,0,0,1008,0.0,0.0,1,0,2,1,TA,4,Typ,1,Gd,Attchd,1954.0,RFn,1.0,275.0,TA,TA,Y,0,0,120,0,0,0,,,,0,7,2006,WD ,Normal,137000,135.9126984126984,mid,121.59722222222223,88,0,52,52,2016.0,1.0,30
2553,2554,534431030,20,RL,68.0,9724,Pave,,Reg,Lvl,AllPub,Inside,Gtl,NAmes,Norm,Norm,1Fam,1Story,5,7,1947,1950,Hip,CompShg,BrkFace,BrkFace,,0.0,TA,TA,CBlock,TA,TA,No,Unf,0.0,Unf,0.0,938.0,938.0,GasA,Ex,Y,SBrkr,1043,0,0,1043,0.0,0.0,1,0,2,1,TA,5,Typ,1,Gd,Detchd,1947.0,Unf,1.0,273.0,TA,TA,Y,125,48,0,0,0,0,,GdWo,,0,5,2006,WD ,Normal,137000,131.35186960690316,mid,121.59722222222223,88,0,59,56,1981.0,1.0,35
2554,2555,534451050,50,RL,51.0,4712,Pave,,IR1,Lvl,AllPub,Inside,Mod,BrkSide,Feedr,Norm,1Fam,1.5Fin,4,7,1946,1950,Gable,CompShg,MetalSd,MetalSd,,0.0,TA,TA,CBlock,TA,TA,No,ALQ,384.0,Unf,0.0,363.0,747.0,GasA,TA,Y,SBrkr,774,456,0,1230,1.0,0.0,1,1,3,1,TA,5,Typ,0,,Detchd,1946.0,Unf,1.0,305.0,TA,TA,Y,0,57,0,0,63,0,,MnPrv,,0,8,2006,WD ,Abnorml,121600,98.86178861788618,mid,98.62537071860937,18,0,60,56,1977.0,2.5,28
2555,2556,534451120,30,RL,51.0,5900,Pave,,IR1,Bnk,AllPub,Inside,Gtl,BrkSide,Norm,Norm,1Fam,1Story,4,7,1923,1958,Gable,CompShg,Wd Sdng,Wd Sdng,,0.0,TA,TA,PConc,Gd,TA,No,Unf,0.0,Unf,0.0,440.0,440.0,GasA,TA,Y,FuseA,869,0,0,869,0.0,0.0,1,0,2,1,Fa,4,Typ,0,,,,,0.0,0.0,,,Y,0,0,0,0,0,0,,,,0,8,2006,WD ,Normal,85500,98.38895281933257,mid,98.62537071860937,18,0,83,48,1309.0,1.0,28
2556,2557,534451130,30,RL,52.0,5825,Pave,,IR1,Lvl,AllPub,Inside,Gtl,BrkSide,Norm,Norm,1Fam,1Story,4,5,1926,1953,Gable,CompShg,MetalSd,MetalSd,BrkFace,108.0,TA,Gd,PConc,Fa,TA,Mn,Unf,0.0,Unf,0.0,600.0,600.0,GasA,Gd,Y,SBrkr,747,0,0,747,0.0,0.0,1,0,1,1,TA,5,Typ,0,,Detchd,1953.0,Unf,2.0,528.0,TA,TA,Y,0,0,32,0,0,0,,,,0,6,2006,WD ,Normal,79900,106.9611780455154,mid,98.62537071860937,18,0,80,53,1347.0,1.0,20
2557,2558,534453150,50,RL,92.0,7438,Pave,,IR1,Lvl,AllPub,Inside,Gtl,BrkSide,RRAn,Feedr,1Fam,1.5Fin,5,8,1908,1991,Gable,CompShg,AsbShng,Plywood,,0.0,TA,TA,PConc,Fa,TA,No,Unf,0.0,Unf,0.0,504.0,504.0,GasA,Gd,Y,SBrkr,936,316,0,1252,0.0,0.0,1,0,3,1,TA,5,Typ,0,,Attchd,1986.0,Unf,2.0,576.0,TA,TA,Y,104,0,0,0,0,0,,MnPrv,,0,6,2006,WD ,Normal,127000,101.43769968051119,mid,98.62537071860937,18,0,98,15,1756.0,1.0,40
2558,2559,534455080,20,RL,80.0,9600,Pave,,Reg,Lvl,AllPub,Inside,Gtl,NAmes,Norm,Norm,1Fam,1Story,5,6,1961,1990,Gable,CompShg,WdShing,Wd Shng,,0.0,TA,TA,CBlock,TA,TA,Mn,BLQ,915.0,Unf,0.0,336.0,1251.0,GasA,TA,Y,SBrkr,1433,0,0,1433,1.0,0.0,1,0,3,1,TA,7,Min1,1,Gd,Attchd,1961.0,Unf,2.0,441.0,TA,TA,Y,144,0,205,0,0,0,,,,0,6,2006,WD ,Normal,161000,112.35170969993021,mid,121.59722222222223,88,0,45,16,2684.0,2.0,30
2559,2560,534475160,20,RL,89.0,10858,Pave,,Reg,Lvl,AllPub,Corner,Gtl,NAmes,Feedr,Norm,1Fam,1Story,5,6,1952,1952,Gable,CompShg,Wd Sdng,Plywood,Stone,150.0,TA,Gd,CBlock,TA,TA,Mn,LwQ,40.0,Unf,0.0,1404.0,1444.0,GasA,Ex,Y,SBrkr,1624,0,0,1624,1.0,0.0,1,0,2,1,TA,6,Min1,1,Gd,Attchd,1952.0,RFn,1.0,240.0,TA,TA,Y,0,40,324,0,0,0,,MnPrv,,0,7,2006,WD ,Partial,146500,90.20935960591133,mid,121.59722222222223,88,1,54,54,3068.0,2.0,30
2560,2561,534476100,20,RL,80.0,9600,Pave,,Reg,Lvl,AllPub,Inside,Gtl,NAmes,Norm,Norm,1Fam,1Story,5,5,1951,1951,Gable,CompShg,HdBoard,HdBoard,Stone,144.0,TA,TA,CBlock,TA,TA,No,ALQ,996.0,Unf,0.0,60.0,1056.0,GasA,Ex,Y,FuseA,1216,0,0,1216,1.0,0.0,1,0,3,1,TA,7,Typ,0,,Attchd,1951.0,RFn,1.0,280.0,TA,TA,Y,0,0,0,0,0,0,,,,0,5,2006,WD ,Normal,135000,111.01973684210526,mid,121.59722222222223,88,0,55,55,2272.0,2.0,25
2561,2562,534477030,20,RL,89.0,10680,Pave,,Reg,Lvl,AllPub,Inside,Gtl,NAmes,Norm,Norm,1Fam,1Story,5,3,1951,1951,Hip,CompShg,Wd Sdng,Wd Sdng,BrkFace,44.0,TA,TA,CBlock,TA,Fa,No,LwQ,756.0,Unf,0.0,1380.0,2136.0,GasA,TA,N,FuseA,2136,0,0,2136,0.0,0.0,2,0,4,1,TA,7,Mod,0,,Detchd,1951.0,Unf,2.0,528.0,TA,TA,Y,0,30,0,0,0,0,,MnPrv,,0,10,2006,WD ,Normal,137900,64.55992509363296,mid,121.59722222222223,88,1,55,55,4272.0,2.0,15
2562,2563,534479130,50,RL,79.0,9490,Pave,,Reg,Lvl,AllPub,Inside,Gtl,NAmes,Artery,Norm,1Fam,1.5Fin,6,7,1941,1950,Gable,CompShg,Wd Sdng,Wd Sdng,,0.0,TA,TA,CBlock,TA,TA,No,BLQ,403.0,Rec,165.0,238.0,806.0,GasA,TA,Y,FuseA,958,620,0,1578,1.0,0.0,1,0,3,1,Fa,5,Typ,2,TA,Attchd,1941.0,Unf,1.0,240.0,TA,TA,Y,0,0,32,0,0,0,,MnPrv,,0,8,2006,WD ,Normal,133000,84.28390367553865,mid,121.59722222222223,88,1,65,56,2384.0,2.0,42
2563,2564,534479240,60,RL,79.0,9462,Pave,,Reg,Lvl,AllPub,Inside,Gtl,NAmes,Norm,Norm,1Fam,2Story,5,6,1949,1973,Gable,CompShg,Wd Sdng,Wd Sdng,,0.0,TA,TA,CBlock,TA,TA,No,Unf,0.0,Unf,0.0,704.0,704.0,GasA,Gd,Y,FuseA,1024,704,0,1728,0.0,0.0,1,1,3,1,TA,7,Min1,1,Gd,Attchd,1949.0,Unf,1.0,234.0,TA,TA,Y,245,60,0,0,0,0,,MnPrv,,0,7,2006,WD ,Normal,137000,79.2824074074074,mid,121.59722222222223,88,1,57,33,2432.0,1.5,30
2564,2565,534479300,20,RL,82.0,9888,Pave,,Reg,Lvl,AllPub,Inside,Gtl,NAmes,Norm,Norm,1Fam,1Story,5,6,1954,1975,Gable,CompShg,MetalSd,MetalSd,,0.0,TA,Gd,CBlock,TA,TA,No,BLQ,486.0,Unf,0.0,450.0,936.0,GasA,TA,Y,FuseA,936,0,0,936,0.0,0.0,1,0,2,1,TA,5,Typ,0,,Attchd,1954.0,Unf,1.0,240.0,TA,TA,Y,0,0,160,0,0,0,,MnPrv,,0,3,2006,WD ,Normal,121000,129.27350427350427,mid,121.59722222222223,88,0,52,31,1872.0,1.0,30
2565,2566,535101110,90,RL,,8917,Pave,,IR1,Lvl,AllPub,Inside,Gtl,NAmes,Norm,Norm,Duplex,1Story,5,5,1967,1967,Gable,CompShg,Plywood,Plywood,,0.0,TA,TA,CBlock,TA,TA,No,Unf,0.0,Unf,0.0,1584.0,1584.0,GasA,TA,Y,SBrkr,1584,0,0,1584,0.0,0.0,2,0,4,2,TA,8,Typ,0,,Detchd,1967.0,Unf,2.0,506.0,TA,TA,Y,0,0,0,0,0,0,,,,0,10,2006,WD ,Normal,119000,75.12626262626263,mid,121.59722222222223,88,1,39,39,3168.0,2.0,25
2566,2567,535103070,80,RL,,12700,Pave,,IR1,Lvl,AllPub,Inside,Gtl,NAmes,Norm,Norm,1Fam,SLvl,6,5,1964,1964,Gable,CompShg,HdBoard,HdBoard,,0.0,TA,TA,CBlock,TA,TA,No,ALQ,939.0,Unf,0.0,307.0,1246.0,GasA,TA,Y,SBrkr,1246,0,0,1246,1.0,0.0,1,0,3,1,TA,6,Typ,2,Gd,Attchd,1964.0,RFn,2.0,441.0,TA,TA,Y,0,69,0,0,0,0,,,,0,11,2006,WD ,Normal,172000,138.04173354735153,mid,121.59722222222223,88,0,42,42,2492.0,2.0,30
2567,2568,535105160,20,RL,85.0,8500,Pave,,Reg,Lvl,AllPub,Inside,Gtl,NAmes,Norm,Norm,1Fam,1Story,5,3,1961,1961,Hip,CompShg,HdBoard,HdBoard,BrkCmn,203.0,TA,TA,CBlock,TA,TA,No,Rec,600.0,Unf,0.0,635.0,1235.0,GasA,TA,Y,SBrkr,1235,0,0,1235,0.0,0.0,1,0,2,1,TA,6,Typ,0,,Attchd,1961.0,Unf,2.0,480.0,TA,TA,Y,0,0,0,0,0,0,,GdWo,,0,12,2006,WD ,Abnorml,98600,79.83805668016194,mid,121.59722222222223,88,1,45,45,2470.0,1.0,15
2568,2569,535125060,60,RL,88.0,14200,Pave,,Reg,Lvl,AllPub,Corner,Gtl,NAmes,Norm,Norm,1Fam,2Story,7,6,1966,1966,Gable,CompShg,MetalSd,MetalSd,BrkFace,309.0,TA,TA,CBlock,TA,TA,No,Rec,445.0,Unf,0.0,479.0,924.0,GasA,Ex,Y,SBrkr,1216,941,0,2157,0.0,0.0,2,1,4,1,Gd,8,Typ,2,Gd,Attchd,1966.0,Fin,2.0,487.0,TA,TA,Y,105,66,0,0,0,0,,GdPrv,,0,5,2006,WD ,Normal,226000,104.77515067222996,high,104.77515067222996,7,0,40,40,3081.0,2.5,42
2569,2570,535150240,20,RL,75.0,9000,Pave,,Reg,Lvl,AllPub,Inside,Gtl,NAmes,Norm,Norm,1Fam,1Story,5,5,1954,1954,Gable,CompShg,Wd Sdng,Wd Sdng,,0.0,TA,TA,CBlock,TA,TA,No,LwQ,812.0,Unf,0.0,124.0,936.0,GasA,TA,Y,SBrkr,1128,0,0,1128,0.0,0.0,1,0,2,1,TA,5,Min1,0,,Attchd,1954.0,Unf,1.0,286.0,TA,TA,Y,0,0,0,0,0,0,,GdWo,,0,6,2006,WD ,Family,118000,104.60992907801419,mid,121.59722222222223,88,1,52,52,2064.0,1.0,25
2570,2571,535150300,75,RL,174.0,25419,Pave,,Reg,Lvl,AllPub,Corner,Gtl,NAmes,Artery,Norm,1Fam,2Story,8,4,1918,1990,Gable,CompShg,Stucco,Stucco,,0.0,Gd,Gd,PConc,TA,TA,No,GLQ,1036.0,LwQ,184.0,140.0,1360.0,GasA,Gd,Y,SBrkr,1360,1360,392,3112,1.0,1.0,2,0,4,1,Gd,8,Typ,1,Ex,Detchd,1918.0,Unf,2.0,795.0,TA,TA,Y,0,16,552,0,0,512,Ex,GdPrv,,0,3,2006,WD ,Abnorml,235000,75.51413881748071,high,104.77515067222996,7,1,88,16,4472.0,3.5,32
2571,2572,535151080,20,RL,109.0,9723,Pave,,IR1,Lvl,AllPub,Corner,Gtl,NAmes,Norm,Norm,1Fam,1Story,6,7,1963,1963,Hip,CompShg,MetalSd,MetalSd,BrkFace,332.0,TA,TA,CBlock,TA,TA,No,Unf,0.0,Unf,0.0,1008.0,1008.0,GasA,TA,Y,SBrkr,1008,0,0,1008,0.0,0.0,1,0,2,1,TA,5,Typ,0,,Attchd,1963.0,RFn,2.0,430.0,TA,TA,Y,0,0,0,0,0,0,,,,0,10,2006,WD ,Normal,135000,133.92857142857142,mid,121.59722222222223,88,0,43,43,2016.0,1.0,42
2572,2573,535151130,90,RL,70.0,7728,Pave,,Reg,Lvl,AllPub,Inside,Gtl,NAmes,Norm,Norm,Duplex,SLvl,5,6,1962,1962,Hip,CompShg,Wd Sdng,Wd Sdng,BrkFace,120.0,TA,TA,CBlock,TA,TA,Av,ALQ,803.0,Unf,0.0,303.0,1106.0,GasA,TA,Y,SBrkr,1190,0,0,1190,1.0,0.0,1,0,3,1,TA,6,Typ,0,,Attchd,1962.0,Unf,2.0,540.0,TA,TA,Y,0,18,0,0,0,0,,GdWo,,0,5,2006,WD ,Normal,132500,111.34453781512605,mid,121.59722222222223,88,0,44,44,2296.0,2.0,30
2573,2574,535152070,80,RL,70.0,8163,Pave,,Reg,Lvl,AllPub,Inside,Gtl,NAmes,Norm,Norm,1Fam,SLvl,5,6,1959,1959,Gable,CompShg,HdBoard,HdBoard,BrkFace,128.0,TA,Gd,CBlock,TA,TA,Av,ALQ,748.0,BLQ,294.0,102.0,1144.0,GasA,TA,Y,SBrkr,1144,0,0,1144,1.0,0.0,1,0,3,1,TA,6,Typ,1,TA,Attchd,1959.0,RFn,1.0,796.0,TA,TA,Y,86,0,0,0,0,0,,,,0,3,2006,WD ,Normal,143000,125.0,mid,121.59722222222223,88,0,47,47,2288.0,2.0,30
2574,2575,535152280,20,RL,70.0,8400,Pave,,Reg,Lvl,AllPub,Corner,Gtl,NAmes,Feedr,Norm,1Fam,1Story,5,5,1957,1957,Gable,CompShg,BrkFace,BrkFace,,0.0,TA,TA,CBlock,Fa,TA,Mn,BLQ,623.0,Unf,0.0,556.0,1179.0,GasA,Gd,Y,SBrkr,1364,0,0,1364,0.0,0.0,1,1,3,1,TA,6,Typ,1,Gd,Attchd,1957.0,RFn,1.0,331.0,TA,TA,Y,0,60,0,0,0,0,,GdPrv,,0,3,2006,WD ,Normal,132000,96.7741935483871,mid,121.59722222222223,88,1,49,49,2543.0,1.5,25
2575,2576,535176050,20,RL,80.0,11600,Pave,,Reg,Lvl,AllPub,Inside,Gtl,NAmes,Norm,Norm,1Fam,1Story,6,5,1960,1960,Hip,CompShg,Wd Sdng,Wd Sdng,BrkFace,175.0,TA,TA,CBlock,TA,TA,No,Rec,565.0,Unf,0.0,818.0,1383.0,GasA,TA,Y,SBrkr,1383,0,0,1383,0.0,0.0,1,1,3,1,TA,7,Typ,0,,Attchd,1960.0,RFn,1.0,292.0,TA,TA,Y,0,45,0,0,0,0,,,,0,4,2006,WD ,Normal,145250,105.02530730296456,mid,121.59722222222223,88,1,46,46,2766.0,1.5,30
2576,2577,535177100,20,RL,,9610,Pave,,IR1,Lvl,AllPub,Corner,Gtl,NAmes,Feedr,Norm,1Fam,1Story,6,6,1958,1958,Hip,CompShg,Wd Sdng,Wd Sdng,BrkFace,632.0,TA,TA,CBlock,TA,TA,No,Rec,203.0,Unf,0.0,918.0,1121.0,GasA,Ex,Y,FuseA,1336,0,0,1336,0.0,0.0,1,1,3,1,TA,7,Typ,1,TA,Attchd,1958.0,RFn,2.0,488.0,TA,TA,Y,80,0,0,0,0,0,,,,0,12,2006,WD ,Normal,162000,121.25748502994011,mid,121.59722222222223,88,0,48,48,2457.0,1.5,36
2577,2578,535178100,80,RL,125.0,10000,Pave,,Reg,Lvl,AllPub,Corner,Gtl,NAmes,Norm,Norm,1Fam,SLvl,5,6,1956,1956,Hip,CompShg,Wd Sdng,Wd Sdng,BrkFace,272.0,TA,TA,CBlock,TA,TA,Av,BLQ,678.0,Rec,281.0,99.0,1058.0,GasA,Ex,Y,SBrkr,1370,0,0,1370,1.0,0.0,1,0,3,1,TA,6,Typ,1,TA,Basment,1956.0,RFn,1.0,300.0,TA,TA,Y,191,0,0,0,120,0,,MnPrv,,0,2,2006,WD ,Normal,148000,108.02919708029196,mid,121.59722222222223,88,1,50,50,2428.0,2.0,30
2578,2579,535179050,20,RL,69.0,14850,Pave,,IR1,Lvl,AllPub,Inside,Gtl,NAmes,Norm,Norm,1Fam,1Story,5,5,1957,1957,Gable,CompShg,Wd Sdng,Wd Sdng,,0.0,TA,TA,CBlock,TA,TA,No,Rec,895.0,Unf,0.0,197.0,1092.0,GasA,TA,Y,FuseA,1092,0,0,1092,1.0,0.0,1,0,2,1,TA,6,Typ,1,TA,Attchd,1957.0,Fin,1.0,299.0,TA,TA,Y,268,0,0,0,122,0,,MnWw,,0,5,2006,WD ,Normal,141000,129.12087912087912,mid,121.59722222222223,88,0,49,49,2184.0,2.0,25
2579,2580,535180020,20,RL,72.0,10152,Pave,,Reg,Lvl,AllPub,Inside,Gtl,NAmes,Norm,Norm,1Fam,1Story,6,6,1956,1994,Gable,CompShg,Wd Sdng,Wd Sdng,,0.0,TA,TA,CBlock,TA,TA,Av,BLQ,914.0,Unf,0.0,210.0,1124.0,GasA,Ex,Y,SBrkr,1124,0,0,1124,1.0,0.0,1,0,3,1,TA,6,Typ,1,TA,Attchd,1956.0,Fin,1.0,353.0,TA,TA,Y,0,211,180,0,142,0,,,,0,5,2006,WD ,Normal,153000,136.12099644128114,mid,121.59722222222223,88,0,50,12,2248.0,2.0,36
2580,2581,535180070,20,RL,72.0,10011,Pave,,IR1,Lvl,AllPub,Inside,Gtl,NAmes,Norm,Norm,1Fam,1Story,5,6,1957,1996,Gable,CompShg,HdBoard,HdBoard,BrkFace,64.0,TA,TA,CBlock,TA,TA,No,BLQ,360.0,Unf,0.0,710.0,1070.0,GasA,TA,Y,SBrkr,1236,0,0,1236,0.0,1.0,1,0,2,1,Gd,6,Min1,1,Fa,Attchd,1957.0,Unf,1.0,447.0,TA,TA,Y,0,0,0,0,0,0,,MnPrv,,0,5,2006,WD ,Normal,134450,108.77831715210355,mid,121.59722222222223,88,1,49,10,2306.0,1.5,30
2581,2582,535301010,90,RL,,7032,Pave,,IR1,Lvl,AllPub,Corner,Gtl,NAmes,Norm,Norm,Duplex,SFoyer,5,5,1979,1979,Gable,CompShg,MetalSd,MetalSd,,0.0,TA,TA,CBlock,Gd,TA,Gd,GLQ,943.0,Unf,0.0,0.0,943.0,GasA,TA,Y,SBrkr,943,0,0,943,1.0,0.0,1,0,2,1,TA,4,Typ,2,TA,Detchd,1979.0,Unf,2.0,600.0,TA,TA,Y,42,0,0,0,0,0,,,,0,12,2006,WD ,Normal,135960,144.17815482502652,mid,121.59722222222223,88,0,27,27,1886.0,2.0,25
2582,2583,535301150,20,RL,70.0,8092,Pave,,Reg,Lvl,AllPub,Inside,Gtl,NAmes,Norm,Norm,1Fam,1Story,6,8,1954,2000,Hip,CompShg,Wd Sdng,Wd Sdng,BrkFace,176.0,TA,Gd,CBlock,TA,TA,No,ALQ,824.0,Unf,0.0,226.0,1050.0,GasA,Ex,Y,SBrkr,1050,0,0,1050,1.0,0.0,1,0,3,1,Gd,6,Typ,0,,Attchd,1954.0,RFn,1.0,286.0,TA,TA,Y,0,0,0,0,0,0,,,,0,6,2006,WD ,Abnorml,156000,148.57142857142858,mid,121.59722222222223,88,0,52,6,2100.0,2.0,48
2583,2584,535303050,20,RL,75.0,11310,Pave,,Reg,Lvl,AllPub,Inside,Gtl,NAmes,Norm,Norm,1Fam,1Story,6,5,1954,1954,Hip,CompShg,Wd Sdng,BrkFace,,0.0,TA,TA,CBlock,TA,TA,No,Unf,0.0,Unf,0.0,1367.0,1367.0,GasA,Ex,Y,SBrkr,1375,0,0,1375,0.0,0.0,1,0,2,1,TA,5,Typ,1,TA,Attchd,1954.0,Unf,2.0,451.0,TA,TA,Y,0,30,0,0,0,0,,,,0,6,2006,WD ,Normal,140000,101.81818181818181,mid,121.59722222222223,88,1,52,52,2742.0,1.0,30
2584,2585,535304020,20,RL,66.0,12778,Pave,,Reg,Lvl,AllPub,Inside,Gtl,NAmes,Norm,Norm,1Fam,1Story,5,6,1952,2003,Gable,CompShg,MetalSd,MetalSd,,0.0,TA,TA,CBlock,TA,TA,No,GLQ,658.0,Unf,0.0,350.0,1008.0,GasA,Ex,Y,FuseA,1008,0,0,1008,1.0,0.0,1,0,2,1,TA,4,Typ,0,,Attchd,1952.0,RFn,1.0,280.0,TA,TA,Y,0,154,0,0,0,0,,MnPrv,,0,1,2006,WD ,Normal,139500,138.39285714285714,mid,121.59722222222223,88,0,54,3,2016.0,2.0,30
2585,2586,535305120,20,RL,75.0,10170,Pave,,Reg,Lvl,AllPub,Corner,Gtl,NAmes,Norm,Norm,1Fam,1Story,6,6,1951,1951,Hip,CompShg,Wd Sdng,Wd Sdng,BrkFace,522.0,TA,TA,CBlock,TA,TA,No,Unf,0.0,Unf,0.0,216.0,216.0,GasA,TA,Y,SBrkr,1575,0,0,1575,0.0,0.0,1,1,2,1,Gd,5,Typ,1,Gd,Attchd,1951.0,Unf,2.0,400.0,TA,TA,Y,0,0,0,0,0,0,,,,0,6,2006,WD ,Normal,155000,98.41269841269842,mid,121.59722222222223,88,1,55,55,1791.0,1.5,36
2586,2587,535325130,80,RL,55.0,7700,Pave,,Reg,Lvl,AllPub,Inside,Gtl,NAmes,Norm,Norm,1Fam,SLvl,5,7,1956,1956,Gable,CompShg,VinylSd,VinylSd,,0.0,TA,TA,CBlock,Gd,TA,No,BLQ,271.0,Unf,0.0,30.0,301.0,GasA,Ex,Y,FuseA,1145,0,0,1145,0.0,0.0,1,0,3,1,TA,6,Min2,0,,Detchd,1993.0,Unf,2.0,684.0,TA,TA,Y,0,0,0,0,0,0,,GdWo,,0,9,2006,WD ,Normal,127000,110.91703056768559,mid,121.59722222222223,88,0,50,50,1446.0,1.0,35
2587,2588,535325340,20,RL,65.0,11050,Pave,,Reg,Lvl,AllPub,Inside,Gtl,NAmes,Norm,Norm,1Fam,1Story,5,5,1956,1956,Hip,CompShg,Wd Sdng,Wd Sdng,,0.0,TA,TA,CBlock,TA,TA,No,LwQ,488.0,Unf,0.0,517.0,1005.0,GasA,Ex,Y,SBrkr,1005,0,0,1005,0.0,0.0,1,0,2,1,TA,6,Typ,1,TA,Attchd,1956.0,Unf,1.0,319.0,TA,TA,Y,0,0,0,0,288,0,,,,0,7,2006,WD ,Normal,133500,132.83582089552237,mid,121.59722222222223,88,0,50,50,2010.0,1.0,25
2588,2589,535325350,20,RL,80.0,13600,Pave,,Reg,Bnk,AllPub,Inside,Gtl,NAmes,Norm,Norm,1Fam,1Story,5,6,1955,1955,Gable,CompShg,HdBoard,HdBoard,,0.0,TA,TA,CBlock,TA,TA,No,Rec,144.0,BLQ,912.0,0.0,1056.0,GasA,Gd,Y,SBrkr,1056,0,0,1056,1.0,0.0,1,1,3,1,TA,6,Typ,0,,Attchd,1955.0,Fin,1.0,300.0,TA,TA,Y,0,0,0,0,0,0,,MnPrv,Shed,650,11,2006,WD ,Normal,125000,118.37121212121212,mid,121.59722222222223,88,0,51,51,2112.0,2.5,30
2589,2590,535325450,20,RL,85.0,15428,Pave,,Reg,Lvl,AllPub,Inside,Gtl,NAmes,Norm,Norm,1Fam,1Story,5,6,1951,1991,Hip,CompShg,MetalSd,MetalSd,,0.0,TA,TA,CBlock,TA,TA,No,Rec,741.0,Unf,0.0,143.0,884.0,GasA,Ex,Y,SBrkr,884,0,0,884,1.0,0.0,1,0,2,1,TA,4,Typ,0,,Attchd,1951.0,Fin,1.0,270.0,TA,TA,Y,0,0,0,0,195,0,,,,0,6,2006,WD ,Normal,142000,160.63348416289594,mid,121.59722222222223,88,0,55,15,1768.0,2.0,30
2590,2591,535325460,30,RL,118.0,21299,Pave,,Reg,Lvl,AllPub,Inside,Gtl,NAmes,Norm,Norm,1Fam,1Story,7,5,1941,1963,Hip,WdShake,BrkFace,BrkFace,,0.0,Gd,TA,CBlock,TA,TA,No,Unf,0.0,Unf,0.0,929.0,929.0,GasA,Ex,Y,SBrkr,2039,0,0,2039,1.0,0.0,1,1,3,1,TA,7,Min1,3,Gd,2Types,1941.0,Unf,3.0,791.0,TA,TA,Y,0,0,90,0,0,0,,,,0,12,2006,COD,Abnorml,167000,81.90289357528201,high,104.77515067222996,7,1,65,43,2968.0,2.5,35
2591,2592,535327210,20,RL,70.0,13300,Pave,,Reg,Lvl,AllPub,Inside,Gtl,NAmes,Norm,Norm,1Fam,1Story,5,5,1956,2001,Hip,CompShg,Wd Sdng,VinylSd,,0.0,TA,TA,CBlock,TA,TA,No,Rec,494.0,Unf,0.0,521.0,1015.0,GasA,Gd,Y,SBrkr,1384,0,0,1384,1.0,0.0,1,0,2,1,TA,6,Min1,0,,Attchd,2001.0,Unf,2.0,896.0,TA,TA,Y,75,0,0,323,0,0,,,Shed,400,6,2006,WD ,Normal,159000,114.88439306358381,mid,121.59722222222223,88,0,50,5,2399.0,2.0,25
2592,2593,535353180,190,RL,94.0,22136,Pave,,Reg,Lvl,AllPub,Inside,Gtl,OldTown,Artery,Norm,2fmCon,1.5Fin,5,5,1925,1975,Gable,CompShg,MetalSd,MetalSd,,0.0,TA,Fa,CBlock,TA,TA,Mn,GLQ,1018.0,Unf,0.0,1153.0,2171.0,GasA,TA,Y,SBrkr,1392,1248,0,2640,2.0,0.0,2,1,5,1,TA,10,Maj1,1,Gd,Attchd,1977.0,RFn,3.0,1008.0,TA,TA,N,631,48,148,0,0,0,,,,0,7,2006,WD ,Normal,180000,68.18181818181819,mid,88.76117496807151,37,1,81,31,4811.0,4.5,25
2593,2594,535354130,50,RL,50.0,7500,Pave,,Reg,Lvl,AllPub,Inside,Gtl,NAmes,Norm,Norm,1Fam,1.5Fin,6,6,1947,1950,Gable,CompShg,VinylSd,VinylSd,,0.0,TA,TA,CBlock,TA,TA,No,Unf,0.0,Unf,0.0,784.0,784.0,GasA,Ex,Y,FuseA,900,412,0,1312,0.0,0.0,1,1,3,1,TA,6,Typ,0,,Detchd,1953.0,Unf,2.0,649.0,TA,TA,Y,0,28,0,0,0,0,,,,0,10,2006,WD ,Normal,127000,96.79878048780488,mid,121.59722222222223,88,1,59,56,2096.0,1.5,36
2594,2595,535355100,50,RL,50.0,7000,Pave,,Reg,Lvl,AllPub,Corner,Gtl,OldTown,Artery,Norm,1Fam,1.5Fin,6,6,1924,1950,Gable,CompShg,MetalSd,MetalSd,,0.0,TA,Gd,BrkTil,Fa,TA,No,LwQ,617.0,Unf,0.0,0.0,617.0,GasA,Gd,Y,SBrkr,865,445,0,1310,0.0,0.0,2,0,2,1,TA,6,Min1,0,,Attchd,1924.0,Unf,1.0,398.0,TA,TA,Y,0,0,126,0,0,0,,,,0,5,2006,COD,Normal,112000,85.49618320610686,mid,88.76117496807151,37,0,82,56,1927.0,2.0,36
2595,2596,535375040,30,RL,60.0,10410,Pave,Grvl,Reg,Lvl,AllPub,Inside,Gtl,OldTown,Norm,Norm,1Fam,1Story,3,8,1930,2001,Gable,CompShg,VinylSd,VinylSd,,0.0,TA,Gd,PConc,TA,TA,No,Unf,0.0,Unf,0.0,713.0,713.0,GasA,Ex,Y,SBrkr,713,0,0,713,0.0,0.0,1,0,2,1,Gd,5,Typ,0,,Detchd,1936.0,Unf,1.0,371.0,Fa,Fa,N,0,75,161,0,0,0,,,,0,10,2006,WD ,Normal,99800,139.9719495091164,low,97.49095533479426,6,0,76,5,1426.0,1.0,24
2596,2597,535376090,20,RL,90.0,5400,Pave,,Reg,Lvl,AllPub,Inside,Gtl,OldTown,Norm,Norm,1Fam,1Story,5,7,1954,2000,Gable,CompShg,MetalSd,MetalSd,,0.0,TA,Gd,CBlock,TA,TA,No,Rec,415.0,Unf,0.0,418.0,833.0,GasA,Ex,Y,SBrkr,833,0,0,833,0.0,0.0,1,0,2,1,Gd,4,Typ,0,,Detchd,1955.0,Unf,1.0,326.0,TA,TA,Y,0,0,0,0,0,0,,MnPrv,,0,8,2006,WD ,Normal,117000,140.45618247298918,mid,88.76117496807151,37,0,52,6,1666.0,1.0,35
2597,2598,535376100,30,RL,60.0,5400,Pave,,Reg,Lvl,AllPub,Corner,Sev,OldTown,Norm,Norm,1Fam,1Story,5,6,1921,1968,Gable,CompShg,MetalSd,MetalSd,,0.0,TA,TA,BrkTil,TA,TA,No,Unf,0.0,Unf,0.0,1073.0,1073.0,GasA,Ex,Y,SBrkr,1073,0,0,1073,0.0,0.0,1,0,2,1,TA,4,Typ,0,,Detchd,1968.0,Unf,1.0,326.0,TA,TA,Y,0,0,112,0,0,0,,,,0,12,2006,WD ,Abnorml,108480,101.09972041006523,mid,88.76117496807151,37,0,85,38,2146.0,1.0,30
2598,2599,535377070,30,RL,60.0,10914,Pave,Grvl,Reg,Lvl,AllPub,Inside,Gtl,NAmes,Artery,Norm,1Fam,1Story,3,3,1929,1950,Hip,CompShg,Wd Sdng,Wd Sdng,,0.0,TA,Fa,CBlock,TA,TA,Mn,Unf,0.0,Unf,0.0,715.0,715.0,GasA,Fa,N,FuseP,715,0,0,715,0.0,0.0,1,0,2,1,TA,4,Typ,0,,Detchd,1967.0,Unf,2.0,660.0,Fa,TA,N,0,0,75,0,112,0,,,,0,8,2006,WD ,Normal,68000,95.1048951048951,low,87.01923076923077,4,0,77,56,1430.0,1.0,9
2599,2600,535377100,50,RL,60.0,7008,Pave,,Reg,Lvl,AllPub,Corner,Gtl,OldTown,Norm,Norm,1Fam,1.5Fin,4,8,1900,1998,Gable,CompShg,MetalSd,MetalSd,,0.0,TA,Gd,BrkTil,Fa,Fa,No,Unf,0.0,Unf,0.0,448.0,448.0,GasA,Ex,Y,SBrkr,448,272,0,720,0.0,0.0,1,0,1,1,Fa,5,Typ,0,,Attchd,1900.0,Unf,1.0,280.0,Fa,TA,Y,0,0,70,0,0,0,,,,0,3,2006,WD ,Normal,86900,120.69444444444444,mid,88.76117496807151,37,0,106,8,1168.0,1.0,32
2600,2601,535379100,30,RL,60.0,10800,Pave,Grvl,Reg,Lvl,AllPub,Inside,Gtl,OldTown,Norm,Norm,1Fam,1Story,5,6,1920,1950,Hip,CompShg,Stucco,Stucco,,0.0,TA,TA,BrkTil,TA,TA,No,Rec,821.0,Unf,0.0,299.0,1120.0,GasA,Ex,Y,SBrkr,1130,0,0,1130,1.0,0.0,1,0,2,1,TA,5,Typ,1,Gd,Detchd,1970.0,Unf,2.0,720.0,TA,TA,Y,229,0,0,0,0,0,,,,0,6,2006,WD ,Normal,120000,106.19469026548673,mid,88.76117496807151,37,0,86,56,2250.0,2.0,30
2601,2602,535380010,70,RL,60.0,7200,Pave,Grvl,Reg,Lvl,AllPub,Inside,Gtl,OldTown,Norm,Norm,1Fam,2Story,6,8,1915,1950,Gable,CompShg,MetalSd,MetalSd,,0.0,TA,Ex,CBlock,TA,TA,No,Rec,338.0,Unf,0.0,325.0,663.0,GasA,Ex,Y,SBrkr,774,821,0,1595,0.0,0.0,2,0,3,1,TA,7,Typ,1,Gd,Detchd,1974.0,Unf,2.0,528.0,TA,TA,Y,49,0,231,0,0,0,,,,0,4,2006,WD ,Normal,155500,97.4921630094044,mid,88.76117496807151,37,0,91,56,2258.0,2.0,48
2602,2603,535380130,50,RL,60.0,10818,Pave,Grvl,Reg,Lvl,AllPub,Inside,Gtl,OldTown,Norm,Norm,1Fam,1.5Fin,4,4,1910,1950,Gable,CompShg,VinylSd,VinylSd,,0.0,TA,TA,BrkTil,Fa,TA,No,Unf,0.0,Unf,0.0,1077.0,1077.0,GasA,TA,Y,FuseA,981,779,0,1760,0.0,0.0,1,1,4,1,TA,7,Typ,1,TA,Detchd,1935.0,Unf,2.0,648.0,Fa,TA,Y,120,0,96,0,0,0,,,,0,2,2006,COD,Abnorml,80000,45.45454545454545,mid,88.76117496807151,37,1,96,56,2837.0,1.5,16
2603,2604,535381060,50,RL,60.0,10410,Pave,Grvl,Reg,Lvl,AllPub,Corner,Gtl,OldTown,Artery,Norm,1Fam,1.5Fin,3,4,1915,1950,Gable,CompShg,Wd Sdng,Wd Sdng,,0.0,TA,TA,PConc,TA,TA,No,Unf,0.0,Unf,0.0,672.0,672.0,GasA,TA,Y,SBrkr,694,520,0,1214,0.0,0.0,1,0,3,1,TA,6,Typ,0,,Detchd,1998.0,Unf,3.0,936.0,TA,TA,Y,216,0,160,0,0,0,,MnPrv,,0,1,2006,WD ,Family,105000,86.49093904448105,low,97.49095533479426,6,1,91,56,1886.0,1.0,12
2604,2605,535382020,190,RL,60.0,10800,Pave,,Reg,Lvl,AllPub,Corner,Gtl,OldTown,Norm,Norm,2fmCon,1.5Fin,5,4,1900,1970,Gable,CompShg,Wd Sdng,Wd Sdng,,0.0,TA,Fa,CBlock,TA,Fa,No,BLQ,664.0,Unf,0.0,290.0,954.0,GasA,TA,N,FuseA,1766,648,0,2414,0.0,0.0,2,0,3,2,TA,10,Mod,1,Gd,Attchd,1970.0,Unf,2.0,520.0,TA,Fa,N,142,0,0,0,0,0,,,,0,5,2006,ConLD,Normal,160000,66.28003314001657,mid,88.76117496807151,37,1,106,36,3368.0,2.0,20
2605,2606,535382130,50,RL,60.0,10800,Pave,Grvl,Reg,Lvl,AllPub,Inside,Gtl,OldTown,Norm,Norm,1Fam,1.5Fin,5,8,1936,1989,Gable,CompShg,Wd Sdng,Wd Sdng,,0.0,TA,TA,CBlock,Fa,TA,No,ALQ,626.0,Unf,0.0,170.0,796.0,GasA,Gd,Y,SBrkr,1096,370,0,1466,0.0,1.0,2,0,3,1,Gd,7,Min1,1,TA,Attchd,1950.0,Unf,2.0,566.0,TA,TA,Y,436,21,0,0,0,0,,,Shed,500,4,2006,WD ,Normal,170000,115.96180081855388,mid,88.76117496807151,37,0,70,17,2262.0,2.5,40
2606,2607,535401140,20,RL,84.0,8658,Pave,,Reg,Lvl,AllPub,Inside,Gtl,NAmes,Norm,Norm,1Fam,1Story,6,5,1965,1965,Gable,CompShg,Wd Sdng,Wd Sdng,BrkFace,101.0,TA,TA,CBlock,TA,TA,No,Rec,643.0,Unf,0.0,445.0,1088.0,GasA,Ex,Y,SBrkr,1324,0,0,1324,0.0,0.0,2,0,3,1,TA,6,Typ,1,TA,Attchd,1965.0,RFn,2.0,440.0,TA,TA,Y,0,138,0,0,0,0,,GdWo,,0,12,2006,WD ,Abnorml,160000,120.84592145015105,mid,121.59722222222223,88,0,41,41,2412.0,2.0,30
2607,2608,535402070,80,RL,85.0,13400,Pave,,Reg,Lvl,AllPub,Inside,Gtl,NAmes,Norm,Norm,1Fam,SLvl,5,5,1966,1966,Gable,CompShg,VinylSd,VinylSd,BrkFace,1047.0,TA,TA,CBlock,TA,TA,Av,ALQ,516.0,BLQ,128.0,380.0,1024.0,GasA,TA,Y,SBrkr,1086,0,0,1086,1.0,0.0,1,0,3,1,TA,6,Typ,1,Gd,Attchd,1966.0,RFn,2.0,484.0,TA,TA,Y,0,0,0,0,0,0,,GdWo,,0,6,2006,WD ,Normal,159950,147.28360957642727,mid,121.59722222222223,88,0,40,40,2110.0,2.0,25
2608,2609,535402100,80,RL,83.0,10184,Pave,,Reg,Lvl,AllPub,Inside,Gtl,NAmes,Norm,Norm,1Fam,SLvl,6,5,1963,1963,Gable,CompShg,HdBoard,HdBoard,BrkFace,379.0,TA,TA,CBlock,TA,TA,Av,ALQ,580.0,Unf,0.0,503.0,1083.0,GasA,TA,Y,SBrkr,1146,0,0,1146,0.0,1.0,1,0,3,1,TA,6,Typ,1,Gd,Attchd,1963.0,Unf,1.0,294.0,TA,TA,Y,345,75,0,0,0,0,,,,0,6,2006,WD ,Normal,165000,143.97905759162305,mid,121.59722222222223,88,0,43,43,2229.0,1.5,30
2609,2610,535402220,50,RL,77.0,9786,Pave,,IR1,Bnk,AllPub,Inside,Gtl,NAmes,Norm,Norm,1Fam,1.5Fin,6,7,1962,1981,Gable,CompShg,Wd Sdng,Wd Sdng,,0.0,TA,TA,CBlock,TA,TA,No,Rec,600.0,Unf,0.0,312.0,912.0,GasA,TA,Y,SBrkr,1085,649,0,1734,0.0,0.0,1,1,3,1,Gd,7,Typ,1,Gd,Attchd,1962.0,RFn,2.0,440.0,TA,TA,Y,0,0,0,0,128,0,,GdPrv,,0,6,2006,WD ,Normal,159000,91.6955017301038,mid,121.59722222222223,88,1,44,25,2646.0,1.5,42
2610,2611,535402230,20,RL,77.0,9510,Pave,,Reg,Lvl,AllPub,Inside,Gtl,NAmes,Norm,Norm,1Fam,1Story,6,5,1962,1985,Gable,CompShg,HdBoard,HdBoard,BrkCmn,161.0,TA,TA,CBlock,TA,TA,No,ALQ,701.0,Unf,0.0,434.0,1135.0,GasA,Ex,Y,SBrkr,1207,0,0,1207,0.0,0.0,1,1,3,1,TA,6,Typ,0,,Attchd,1962.0,RFn,1.0,264.0,TA,TA,Y,0,240,0,0,0,0,,,,0,5,2006,WD ,Normal,147000,121.78956089478045,mid,121.59722222222223,88,0,44,21,2342.0,1.5,30
2611,2612,535403040,20,RL,66.0,7800,Pave,,IR1,Lvl,AllPub,Inside,Gtl,NAmes,Norm,Norm,1Fam,1Story,5,5,1964,1964,Gable,CompShg,Wd Sdng,Wd Sdng,,0.0,TA,TA,CBlock,TA,TA,No,Rec,312.0,LwQ,600.0,0.0,912.0,GasA,TA,Y,SBrkr,912,0,0,912,0.0,0.0,1,0,2,1,TA,5,Typ,0,,Attchd,1964.0,Unf,1.0,288.0,TA,TA,Y,0,0,0,0,0,0,,,,0,11,2006,WD ,Abnorml,115000,126.09649122807018,mid,121.59722222222223,88,0,42,42,1824.0,1.0,25
2612,2613,535403150,20,RL,79.0,8910,Pave,,Reg,Lvl,AllPub,Corner,Gtl,NAmes,Norm,Norm,1Fam,1Story,6,6,1959,1959,Hip,CompShg,BrkFace,BrkFace,,0.0,TA,TA,CBlock,TA,TA,Mn,ALQ,655.0,Unf,0.0,0.0,655.0,GasA,Ex,Y,SBrkr,1194,0,0,1194,0.0,1.0,1,0,3,1,TA,6,Typ,1,Fa,BuiltIn,1954.0,Fin,2.0,539.0,TA,TA,Y,0,0,192,0,0,0,,,,0,7,2006,WD ,Normal,159500,133.58458961474037,mid,121.59722222222223,88,0,47,47,1849.0,1.5,36
2613,2614,535403200,20,RL,60.0,7332,Pave,,Reg,Lvl,AllPub,Inside,Gtl,NAmes,Norm,Norm,1Fam,1Story,6,6,1959,1959,Gable,CompShg,WdShing,Wd Shng,BrkFace,207.0,TA,TA,CBlock,TA,TA,No,BLQ,414.0,Unf,0.0,450.0,864.0,GasA,Ex,Y,SBrkr,864,0,0,864,1.0,0.0,1,0,2,1,Gd,4,Typ,0,,Attchd,1959.0,Unf,1.0,288.0,TA,TA,Y,168,0,0,0,0,0,,,,0,10,2006,WD ,Abnorml,120000,138.88888888888889,mid,121.59722222222223,88,0,47,47,1728.0,2.0,36
2614,2615,535404080,20,RL,73.0,7100,Pave,,IR1,Lvl,AllPub,Corner,Gtl,NAmes,Norm,Norm,1Fam,1Story,5,7,1957,1957,Gable,CompShg,WdShing,Wd Shng,,0.0,TA,TA,CBlock,TA,TA,No,GLQ,708.0,Unf,0.0,108.0,816.0,GasA,TA,Y,FuseA,816,0,0,816,1.0,0.0,1,0,2,1,TA,5,Typ,0,,Detchd,1957.0,Unf,1.0,308.0,TA,TA,Y,0,0,0,0,0,0,,,,0,7,2006,WD ,Normal,129900,159.19117647058823,mid,121.59722222222223,88,0,49,49,1632.0,2.0,35
2615,2616,535425040,20,RL,80.0,10800,Pave,,Reg,Lvl,AllPub,Inside,Gtl,NAmes,PosA,Norm,1Fam,1Story,6,6,1961,1992,Gable,CompShg,HdBoard,HdBoard,BrkFace,104.0,TA,TA,CBlock,TA,TA,No,Rec,913.0,Unf,0.0,400.0,1313.0,GasA,TA,Y,SBrkr,1773,0,0,1773,1.0,0.0,2,0,3,1,TA,6,Min2,2,TA,Attchd,1961.0,RFn,2.0,418.0,TA,TA,Y,355,98,0,0,144,0,,,,0,8,2006,WD ,Normal,183000,103.21489001692048,mid,121.59722222222223,88,1,45,14,3086.0,3.0,36
2616,2617,535425050,20,RL,86.0,11650,Pave,,Reg,Lvl,AllPub,Corner,Gtl,NAmes,PosA,Norm,1Fam,1Story,7,5,1959,1959,Hip,CompShg,Plywood,Plywood,BrkCmn,58.0,TA,TA,Slab,,,,,0.0,,0.0,0.0,0.0,GasA,Gd,Y,FuseA,1472,0,0,1472,0.0,0.0,2,0,2,1,Gd,5,Typ,1,Gd,Attchd,1959.0,Unf,2.0,484.0,TA,TA,Y,0,68,0,0,227,0,,,,0,6,2006,WD ,Normal,157500,106.99728260869566,high,104.77515067222996,7,0,47,47,1472.0,2.0,35
2617,2618,535425080,60,RL,,18275,Pave,,IR1,HLS,AllPub,Inside,Gtl,NAmes,Norm,Norm,1Fam,2Story,7,8,1962,1998,Gable,CompShg,Plywood,Plywood,,0.0,TA,TA,CBlock,TA,TA,Gd,ALQ,636.0,Unf,0.0,802.0,1438.0,GasA,TA,Y,SBrkr,1900,548,0,2448,1.0,0.0,3,0,3,1,TA,9,Typ,2,Gd,Attchd,1962.0,RFn,2.0,441.0,TA,TA,Y,520,102,0,0,0,0,,,,0,9,2006,WD ,Normal,277500,113.3578431372549,high,104.77515067222996,7,0,44,8,3886.0,4.0,56
2618,2619,535426195,20,RL,47.0,16321,Pave,,IR1,Lvl,AllPub,CulDSac,Gtl,NAmes,Norm,Norm,1Fam,1Story,5,6,1957,1997,Gable,CompShg,MetalSd,MetalSd,,0.0,TA,TA,CBlock,TA,TA,Gd,BLQ,1277.0,Unf,0.0,207.0,1484.0,GasA,TA,Y,SBrkr,1600,0,0,1600,1.0,0.0,1,0,2,1,TA,6,Typ,2,Gd,Attchd,1957.0,RFn,1.0,319.0,TA,TA,Y,288,258,0,0,0,0,,,,0,12,2006,WD ,Normal,207500,129.6875,mid,121.59722222222223,88,0,49,9,3084.0,2.0,30
2619,2620,535450100,50,RL,60.0,12144,Pave,,Reg,Lvl,AllPub,Inside,Gtl,NAmes,Norm,Norm,1Fam,1.5Fin,4,6,1950,1950,Gable,CompShg,BrkComm,Wd Sdng,,0.0,TA,TA,CBlock,TA,TA,No,Rec,455.0,Unf,0.0,455.0,910.0,GasA,Gd,Y,SBrkr,910,611,0,1521,0.0,0.0,1,1,3,1,Gd,6,Min2,0,,Detchd,1950.0,Unf,1.0,597.0,Fa,TA,Y,199,0,168,0,0,0,,,,0,9,2006,WD ,Normal,147500,96.97567389875083,mid,121.59722222222223,88,1,56,56,2431.0,1.5,24
2620,2621,535450180,50,RL,60.0,10800,Pave,,Reg,Lvl,AllPub,Inside,Gtl,NAmes,Norm,Norm,1Fam,1.5Fin,4,4,1949,1950,Gable,CompShg,AsbShng,AsbShng,,0.0,TA,TA,CBlock,TA,TA,No,Unf,0.0,Unf,0.0,720.0,720.0,GasA,TA,N,FuseA,720,472,0,1192,0.0,0.0,1,1,4,1,TA,6,Typ,0,,,,,0.0,0.0,,,Y,0,0,0,0,0,0,,,,0,12,2006,WD ,Abnorml,135000,113.25503355704699,mid,121.59722222222223,88,0,57,56,1912.0,1.5,16
2621,2622,535451190,20,RL,60.0,7200,Pave,,Reg,Lvl,AllPub,Inside,Gtl,NAmes,Norm,Norm,1Fam,1Story,5,7,1950,1950,Hip,CompShg,Wd Sdng,Wd Sdng,,0.0,TA,TA,CBlock,,,,,0.0,,0.0,0.0,0.0,GasA,TA,Y,FuseF,1040,0,0,1040,0.0,0.0,1,0,2,1,TA,5,Typ,0,,Detchd,1950.0,Unf,2.0,625.0,TA,TA,Y,0,0,0,0,0,0,,,,0,6,2006,WD ,Normal,109500,105.28846153846153,mid,121.59722222222223,88,1,56,56,1040.0,1.0,35
2622,2623,535451210,20,RL,60.0,7200,Pave,,Reg,Lvl,AllPub,Inside,Gtl,NAmes,Norm,Norm,1Fam,1Story,4,5,1950,1950,Gable,CompShg,BrkFace,Wd Sdng,,0.0,TA,TA,Slab,,,,,0.0,,0.0,0.0,0.0,GasA,TA,Y,FuseA,1040,0,0,1040,0.0,0.0,1,0,2,1,TA,4,Typ,0,,Detchd,1950.0,Unf,2.0,420.0,TA,TA,Y,0,29,0,0,0,0,,,,0,7,2006,WD ,Normal,109900,105.67307692307692,mid,121.59722222222223,88,1,56,56,1040.0,1.0,20
2623,2624,535453160,20,RL,70.0,7560,Pave,,Reg,Lvl,AllPub,Inside,Gtl,NAmes,Norm,Norm,1Fam,1Story,5,5,1959,1959,Gable,CompShg,BrkFace,Wd Sdng,,0.0,TA,TA,CBlock,TA,TA,No,LwQ,369.0,Unf,0.0,671.0,1040.0,GasA,TA,Y,FuseA,1040,0,0,1040,0.0,0.0,1,0,3,1,TA,6,Typ,0,,Attchd,1959.0,RFn,1.0,286.0,TA,TA,Y,140,0,252,0,0,0,,GdWo,,0,7,2006,WD ,Normal,133700,128.55769230769232,mid,121.59722222222223,88,0,47,47,2080.0,1.0,25
2624,2625,535454030,90,RL,60.0,8544,Pave,,Reg,Lvl,AllPub,Corner,Gtl,NAmes,Norm,Norm,Duplex,1Story,3,4,1950,1950,Gable,CompShg,BrkFace,Stone,,0.0,TA,TA,Slab,,,,,0.0,,0.0,0.0,0.0,Wall,Fa,N,FuseF,1040,0,0,1040,0.0,0.0,2,0,2,2,TA,6,Typ,0,,Detchd,1950.0,Unf,2.0,400.0,TA,Fa,Y,0,0,0,0,0,0,,,,0,12,2006,WD ,Normal,81400,78.26923076923077,low,87.01923076923077,4,1,56,56,1040.0,2.0,12
2625,2626,535454050,90,RL,,8544,Pave,,Reg,Lvl,AllPub,Inside,Gtl,NAmes,Norm,Norm,Duplex,1Story,3,4,1949,1950,Gable,CompShg,Stucco,Stucco,BrkFace,340.0,TA,TA,Slab,,,,,0.0,,0.0,0.0,0.0,Wall,Fa,N,FuseA,1040,0,0,1040,0.0,0.0,2,0,2,2,TA,6,Typ,0,,Detchd,1949.0,Unf,2.0,400.0,TA,TA,Y,0,0,0,0,0,0,,,,0,5,2006,WD ,Normal,87500,84.13461538461539,low,87.01923076923077,4,0,57,56,1040.0,2.0,12
2626,2627,535454060,90,RL,60.0,8544,Pave,,Reg,Lvl,AllPub,Inside,Gtl,NAmes,Norm,Norm,Duplex,1Story,3,4,1950,1950,Gable,CompShg,Stucco,Stone,,0.0,TA,TA,CBlock,,,,,0.0,,0.0,0.0,0.0,GasA,Gd,N,FuseF,1040,0,0,1040,0.0,0.0,2,0,2,2,TA,6,Typ,0,,Detchd,1949.0,Unf,2.0,400.0,TA,TA,Y,0,0,0,0,0,0,,,,0,7,2006,WD ,Normal,93500,89.90384615384616,low,87.01923076923077,4,0,56,56,1040.0,2.0,12
2627,2628,535456010,90,RL,75.0,8512,Pave,,Reg,Lvl,AllPub,Corner,Gtl,NAmes,Norm,Norm,Duplex,1Story,5,5,1960,1960,Hip,CompShg,BrkFace,BrkFace,,0.0,TA,TA,CBlock,TA,Fa,No,Unf,0.0,Unf,0.0,1556.0,1556.0,GasA,TA,Y,SBrkr,1556,0,0,1556,0.0,0.0,2,0,4,2,TA,8,Typ,0,,,,,0.0,0.0,,,Y,0,0,0,0,0,0,,,,0,9,2006,WD ,Normal,119000,76.47814910025707,mid,121.59722222222223,88,1,46,46,3112.0,2.0,25
2628,2629,535456020,20,RL,70.0,7945,Pave,,Reg,Lvl,AllPub,Inside,Gtl,NAmes,Norm,Norm,1Fam,1Story,5,6,1959,1959,Gable,CompShg,BrkFace,Wd Sdng,,0.0,TA,TA,CBlock,TA,TA,No,ALQ,179.0,BLQ,506.0,465.0,1150.0,GasA,Ex,Y,FuseA,1150,0,0,1150,1.0,0.0,1,0,3,1,TA,6,Typ,0,,Attchd,1959.0,RFn,1.0,300.0,TA,TA,Y,0,0,0,0,0,0,,,,0,5,2006,WD ,Normal,141000,122.6086956521739,mid,121.59722222222223,88,0,47,47,2300.0,2.0,30
2629,2630,535457070,20,RL,70.0,7000,Pave,,Reg,Lvl,AllPub,Inside,Gtl,NAmes,Norm,Norm,1Fam,1Story,5,4,1961,1961,Hip,CompShg,BrkFace,BrkFace,,0.0,TA,TA,CBlock,TA,TA,No,GLQ,781.0,Unf,0.0,369.0,1150.0,GasA,TA,Y,SBrkr,1150,0,0,1150,0.0,0.0,1,0,3,1,TA,6,Typ,0,,Attchd,1961.0,RFn,1.0,288.0,TA,TA,Y,0,0,0,0,162,0,,,,0,7,2006,WD ,Normal,146000,126.95652173913044,mid,121.59722222222223,88,0,45,45,2300.0,1.0,20
2630,2631,535477060,60,RL,69.0,7590,Pave,,Reg,Lvl,AllPub,Inside,Gtl,NAmes,PosN,Norm,1Fam,2Story,6,5,1966,1966,Gable,CompShg,VinylSd,VinylSd,BrkFace,266.0,TA,TA,CBlock,TA,TA,No,BLQ,512.0,Unf,0.0,148.0,660.0,GasA,TA,Y,SBrkr,660,688,0,1348,0.0,0.0,1,1,3,1,TA,6,Typ,1,Fa,Attchd,1966.0,RFn,2.0,453.0,TA,TA,Y,188,108,0,0,0,0,,,,0,7,2006,WD ,Normal,155000,114.98516320474778,mid,121.59722222222223,88,0,40,40,2008.0,1.5,30
2631,2632,535478010,85,RL,69.0,10205,Pave,,IR1,Lvl,AllPub,Inside,Gtl,NAmes,Norm,Norm,1Fam,SFoyer,5,5,1962,1962,Gable,CompShg,MetalSd,MetalSd,,0.0,TA,TA,CBlock,TA,TA,Av,BLQ,784.0,Unf,0.0,141.0,925.0,GasA,TA,Y,SBrkr,999,0,0,999,1.0,0.0,1,0,3,1,TA,6,Typ,0,,Attchd,1962.0,Unf,1.0,300.0,TA,TA,Y,150,72,0,0,0,0,,,,0,5,2006,WD ,Normal,134500,134.63463463463464,mid,121.59722222222223,88,0,44,44,1924.0,2.0,25
2632,2633,535478070,20,RL,74.0,7400,Pave,,Reg,Lvl,AllPub,Corner,Gtl,NAmes,Artery,Norm,1Fam,1Story,7,6,1962,1962,Gable,CompShg,Wd Sdng,Wd Sdng,,0.0,TA,TA,CBlock,TA,TA,No,LwQ,809.0,Unf,0.0,236.0,1045.0,GasA,Gd,Y,SBrkr,1045,0,0,1045,1.0,0.0,1,0,3,1,TA,6,Typ,0,,Detchd,1962.0,Unf,2.0,528.0,TA,TA,Y,0,0,0,0,0,0,,,,0,3,2006,WD ,Normal,120000,114.83253588516746,high,104.77515067222996,7,0,44,44,2090.0,2.0,42
2633,2634,535478090,20,RL,70.0,7000,Pave,,Reg,Lvl,AllPub,Inside,Gtl,NAmes,Artery,Norm,1Fam,1Story,5,6,1962,1962,Gable,CompShg,Wd Sdng,Wd Sdng,,0.0,TA,TA,CBlock,TA,TA,No,BLQ,468.0,Unf,0.0,396.0,864.0,GasA,Gd,Y,SBrkr,864,0,0,864,0.0,1.0,1,0,3,1,TA,5,Typ,0,,Attchd,1962.0,Unf,1.0,336.0,TA,TA,Y,0,0,0,0,0,0,,GdWo,,0,2,2006,WD ,Normal,105000,121.52777777777777,mid,121.59722222222223,88,0,44,44,1728.0,1.5,30
2634,2635,535478110,190,RL,70.0,7000,Pave,,Reg,Lvl,AllPub,Inside,Gtl,NAmes,Artery,Norm,2fmCon,SFoyer,5,5,1962,1962,Gable,CompShg,MetalSd,MetalSd,,0.0,TA,TA,CBlock,TA,TA,Av,ALQ,953.0,Unf,0.0,72.0,1025.0,GasA,TA,Y,SBrkr,1025,0,0,1025,1.0,0.0,1,0,3,1,TA,6,Typ,0,,,,,0.0,0.0,,,Y,96,80,0,0,0,0,,,,0,3,2006,WD ,Normal,124000,120.97560975609755,mid,121.59722222222223,88,0,44,44,2050.0,2.0,25
2635,2636,902100110,70,RM,62.0,9856,Pave,Grvl,Reg,Lvl,AllPub,Corner,Gtl,OldTown,Norm,Norm,1Fam,2Story,5,8,1900,2005,Hip,CompShg,CemntBd,CmentBd,,0.0,Gd,Gd,PConc,Fa,TA,No,Unf,0.0,Unf,0.0,716.0,716.0,GasA,Ex,Y,FuseA,1007,1007,0,2014,0.0,0.0,2,0,5,1,TA,8,Typ,0,,Detchd,1900.0,Unf,2.0,624.0,TA,TA,Y,0,72,167,0,0,0,,,,0,6,2006,WD ,Normal,169000,83.91261171797419,mid,88.76117496807151,37,0,106,1,2730.0,2.0,40
2636,2637,902100130,70,RM,57.0,9906,Pave,Grvl,Reg,Lvl,AllPub,Inside,Gtl,OldTown,Norm,Norm,1Fam,2Story,4,4,1925,1950,Gable,CompShg,MetalSd,MetalSd,,0.0,TA,TA,CBlock,TA,TA,No,Unf,0.0,Unf,0.0,686.0,686.0,GasA,Fa,N,SBrkr,810,518,0,1328,0.0,0.0,1,0,3,1,TA,8,Typ,0,,Detchd,1940.0,Unf,1.0,210.0,TA,TA,Y,0,172,60,0,0,0,,,,0,9,2006,WD ,Family,107000,80.57228915662651,mid,88.76117496807151,37,0,81,56,2014.0,1.0,16
2637,2638,902101050,50,RM,60.0,9600,Pave,Grvl,Reg,Lvl,AllPub,Inside,Gtl,OldTown,Norm,Norm,1Fam,1.5Fin,5,6,1948,1950,Gable,CompShg,MetalSd,MetalSd,Stone,264.0,TA,TA,CBlock,TA,TA,No,Rec,276.0,Unf,0.0,936.0,1212.0,GasA,Gd,Y,FuseA,1226,442,0,1668,1.0,0.0,1,0,3,1,TA,6,Typ,0,,Detchd,1948.0,Unf,1.0,240.0,TA,TA,Y,0,0,140,0,0,0,,,,0,5,2006,WD ,Normal,135000,80.93525179856115,mid,88.76117496807151,37,0,58,56,2880.0,2.0,30
2638,2639,902103090,50,RM,60.0,5520,Pave,,Reg,Lvl,AllPub,Corner,Gtl,OldTown,Norm,Norm,1Fam,1.5Fin,4,6,1920,1980,Gable,CompShg,Wd Sdng,Wd Sdng,,0.0,TA,TA,PConc,TA,Fa,No,LwQ,284.0,Unf,0.0,863.0,1147.0,GasA,TA,N,SBrkr,1147,510,0,1657,0.0,0.0,1,0,4,1,Fa,9,Typ,1,TA,Detchd,1920.0,Unf,1.0,162.0,Fa,Fa,N,0,0,0,0,0,0,,,,0,7,2006,WD ,Normal,111500,67.29028364514183,mid,88.76117496807151,37,1,86,26,2804.0,1.0,24
2639,2640,902104020,50,RM,60.0,9600,Pave,Grvl,Reg,Lvl,AllPub,Inside,Gtl,OldTown,Norm,Norm,1Fam,1.5Fin,6,8,1900,2004,Gable,CompShg,Wd Sdng,Wd Sdng,,0.0,TA,TA,BrkTil,TA,TA,No,Rec,381.0,Unf,0.0,399.0,780.0,GasA,Ex,Y,SBrkr,940,476,0,1416,0.0,1.0,1,0,3,1,Gd,7,Typ,0,,Detchd,1956.0,Unf,2.0,400.0,TA,TA,Y,0,24,0,0,0,0,,,,0,6,2006,WD ,Normal,156500,110.5225988700565,mid,88.76117496807151,37,0,106,2,2196.0,1.5,48
2640,2641,902106040,70,RM,60.0,9600,Pave,Grvl,Reg,Lvl,AllPub,Inside,Gtl,OldTown,Norm,Norm,1Fam,2Story,7,7,1925,1990,Gable,CompShg,Wd Sdng,Wd Sdng,,0.0,TA,TA,BrkTil,TA,Gd,No,LwQ,16.0,Unf,0.0,712.0,728.0,GasA,Ex,Y,SBrkr,832,809,0,1641,0.0,1.0,1,1,3,1,Ex,6,Typ,1,Gd,Detchd,1925.0,Unf,2.0,546.0,Fa,TA,Y,0,0,234,0,0,0,,,,0,8,2006,WD ,Normal,178000,108.47044485070079,high,95.08187890540832,8,0,81,16,2369.0,2.0,49
2641,2642,902106090,70,RM,58.0,6451,Pave,Grvl,Reg,Lvl,AllPub,Inside,Gtl,OldTown,Norm,Norm,1Fam,2Story,7,7,1900,1970,Gable,CompShg,AsbShng,Wd Sdng,,0.0,TA,TA,Stone,TA,TA,No,Rec,208.0,Unf,0.0,504.0,712.0,GasA,Gd,Y,SBrkr,848,580,0,1428,1.0,0.0,1,0,4,1,TA,7,Typ,0,,Detchd,1985.0,Fin,2.0,576.0,TA,TA,Y,264,0,84,0,0,0,,,,0,5,2006,WD ,Normal,139900,97.96918767507003,high,95.08187890540832,8,0,106,36,2140.0,2.0,49
2642,2643,902108060,70,RM,66.0,3960,Pave,Grvl,Reg,Lvl,AllPub,Inside,Gtl,OldTown,Norm,Norm,1Fam,2Story,7,8,1930,1950,Gable,CompShg,Wd Sdng,Wd Sdng,,0.0,TA,TA,BrkTil,TA,TA,No,Unf,0.0,Unf,0.0,502.0,502.0,GasA,TA,N,SBrkr,502,502,0,1004,0.0,0.0,1,0,2,1,Gd,5,Typ,1,Po,Detchd,1930.0,Unf,1.0,200.0,Fa,TA,N,280,0,68,0,0,0,,MnPrv,,0,7,2006,WD ,Normal,105000,104.58167330677291,high,95.08187890540832,8,0,76,56,1506.0,1.0,56
2643,2644,902109010,30,RM,70.0,5684,Pave,,Reg,Lvl,AllPub,Inside,Gtl,OldTown,Norm,Norm,1Fam,1Story,6,8,1930,2005,Hip,CompShg,Wd Sdng,Wd Sdng,,0.0,TA,TA,BrkTil,TA,TA,No,Unf,0.0,Unf,0.0,813.0,813.0,GasA,Ex,Y,FuseA,813,0,0,813,0.0,0.0,1,0,2,1,Gd,5,Typ,0,,Detchd,1932.0,Unf,1.0,270.0,Fa,Fa,N,0,113,0,0,0,0,,,,0,6,2006,WD ,Normal,110000,135.30135301353013,mid,88.76117496807151,37,0,76,1,1626.0,1.0,48
2644,2645,902110120,190,RM,56.0,7745,Pave,Grvl,Reg,Lvl,AllPub,Inside,Gtl,OldTown,Norm,Norm,2fmCon,1.5Fin,4,6,1900,1950,Gable,CompShg,MetalSd,MetalSd,,0.0,Gd,TA,PConc,TA,TA,No,Unf,0.0,Unf,0.0,938.0,938.0,GasA,Gd,N,SBrkr,1084,867,0,1951,0.0,0.0,2,0,4,2,Fa,9,Typ,0,,Detchd,1993.0,Unf,2.0,576.0,TA,TA,P,0,6,28,0,0,0,,,,0,4,2006,WD ,Normal,111500,57.15017939518196,mid,88.76117496807151,37,1,106,56,2889.0,2.0,24
2645,2646,902110130,30,RM,56.0,7741,Pave,Grvl,Reg,Lvl,AllPub,Inside,Gtl,OldTown,Norm,Norm,1Fam,1Story,6,5,1924,1950,Gable,CompShg,MetalSd,MetalSd,,0.0,TA,TA,BrkTil,TA,Fa,No,BLQ,143.0,Rec,72.0,817.0,1032.0,GasA,Gd,N,FuseA,1032,0,0,1032,0.0,0.0,1,0,2,1,TA,5,Typ,0,,Detchd,1995.0,Unf,1.0,280.0,TA,TA,Y,0,0,112,0,0,0,,MnPrv,,0,6,2006,COD,Abnorml,108000,104.65116279069767,mid,88.76117496807151,37,0,82,56,2064.0,1.0,30
2646,2647,902111010,30,RM,50.0,5633,Pave,Pave,Reg,Lvl,AllPub,Inside,Gtl,OldTown,Norm,Norm,1Fam,1Story,5,7,1925,1950,Gable,CompShg,MetalSd,Stucco,,0.0,TA,TA,BrkTil,TA,Fa,No,Unf,0.0,Unf,0.0,844.0,844.0,GasA,TA,Y,SBrkr,844,0,0,844,0.0,0.0,1,0,2,1,TA,5,Typ,0,,Detchd,1925.0,Unf,1.0,216.0,TA,TA,N,50,81,123,0,0,0,,,,0,7,2006,WD ,Normal,111500,132.10900473933648,mid,88.76117496807151,37,0,81,56,1688.0,1.0,35
2647,2648,902125020,70,RM,50.0,9000,Pave,Grvl,Reg,Lvl,AllPub,Corner,Gtl,OldTown,Artery,Norm,1Fam,2Story,5,6,1880,1991,Gable,CompShg,VinylSd,VinylSd,,0.0,TA,TA,BrkTil,Fa,Fa,No,Unf,0.0,Unf,0.0,636.0,636.0,GasA,TA,Y,FuseA,1089,661,0,1750,0.0,0.0,1,0,3,1,Ex,8,Typ,0,,Detchd,1937.0,Unf,1.0,240.0,Fa,Po,N,0,0,293,0,0,0,,MnPrv,,0,6,2006,WD ,Abnorml,124000,70.85714285714286,mid,88.76117496807151,37,1,126,15,2386.0,1.0,30
2648,2649,902128020,20,RM,60.0,7200,Pave,Grvl,Reg,Lvl,AllPub,Inside,Gtl,OldTown,Norm,Norm,1Fam,1Story,4,5,1950,1950,Gable,CompShg,MetalSd,MetalSd,,0.0,TA,TA,CBlock,TA,TA,No,Unf,0.0,Unf,0.0,576.0,576.0,GasA,Ex,Y,SBrkr,864,0,0,864,0.0,0.0,1,0,2,1,TA,5,Typ,0,,Detchd,1952.0,RFn,1.0,528.0,TA,TA,Y,0,0,0,0,115,0,,,,0,8,2006,COD,Normal,105000,121.52777777777777,mid,88.76117496807151,37,0,56,56,1440.0,1.0,20
2649,2650,902128100,50,RM,40.0,4400,Pave,,Reg,Lvl,AllPub,Inside,Gtl,OldTown,Norm,Norm,1Fam,1.5Fin,6,8,1920,1950,Gable,CompShg,Stucco,Stucco,,0.0,TA,TA,BrkTil,Fa,TA,No,Unf,0.0,Unf,0.0,648.0,648.0,GasA,TA,Y,FuseA,734,384,0,1118,0.0,0.0,1,0,2,1,TA,6,Typ,0,,Detchd,1990.0,Unf,2.0,440.0,TA,TA,Y,0,0,0,0,0,0,,,,0,10,2006,WD ,Normal,116000,103.7567084078712,mid,88.76117496807151,37,0,86,56,1766.0,1.0,48
2650,2651,902134060,70,RM,42.0,7614,Pave,Grvl,Reg,Lvl,AllPub,Inside,Mod,OldTown,Norm,Norm,1Fam,2Story,3,5,1905,1950,Gable,CompShg,MetalSd,MetalSd,,0.0,TA,TA,BrkTil,TA,Fa,Mn,Unf,0.0,Unf,0.0,738.0,738.0,GasA,Gd,Y,FuseA,714,662,0,1376,0.0,0.0,1,0,2,1,TA,7,Typ,0,,Detchd,1930.0,Unf,1.0,216.0,TA,TA,N,0,0,104,0,225,0,,,,0,3,2006,WD ,Normal,96900,70.42151162790698,low,97.49095533479426,6,1,101,56,2114.0,1.0,15
2651,2652,902204060,190,RM,50.0,6000,Pave,,Reg,Lvl,AllPub,Inside,Gtl,OldTown,Norm,Norm,2fmCon,1Story,5,7,1955,1955,Hip,CompShg,Wd Sdng,Wd Sdng,,0.0,TA,TA,CBlock,TA,TA,Av,GLQ,576.0,Unf,0.0,384.0,960.0,GasA,TA,Y,FuseA,960,0,0,960,1.0,0.0,1,0,3,1,TA,5,Typ,0,,Detchd,1976.0,Unf,2.0,576.0,TA,TA,Y,0,0,0,0,0,0,,,,0,6,2006,WD ,Normal,135500,141.14583333333334,mid,88.76117496807151,37,0,51,51,1920.0,2.0,35
2652,2653,902204120,50,RM,50.0,6000,Pave,,Reg,Lvl,AllPub,Inside,Gtl,OldTown,Norm,Norm,1Fam,1.5Fin,5,7,1924,1950,Gable,CompShg,MetalSd,MetalSd,BrkFace,145.0,TA,Gd,PConc,TA,TA,No,Unf,0.0,Unf,0.0,816.0,816.0,GasA,Ex,Y,SBrkr,816,750,0,1566,0.0,0.0,1,1,5,1,Gd,7,Typ,0,,Detchd,1976.0,Unf,2.0,450.0,TA,TA,Y,24,0,296,0,0,0,,MnPrv,,0,8,2006,WD ,Normal,139000,88.76117496807151,mid,88.76117496807151,37,0,82,56,2382.0,1.5,35
2653,2654,902206020,30,RM,52.0,7830,Pave,,Reg,Lvl,AllPub,Inside,Gtl,OldTown,Norm,Norm,1Fam,1Story,3,5,1921,1950,Gable,CompShg,AsbShng,AsbShng,,0.0,TA,TA,BrkTil,Fa,TA,No,LwQ,416.0,Unf,0.0,76.0,492.0,GasA,TA,Y,SBrkr,492,0,0,492,1.0,0.0,1,0,1,1,TA,3,Typ,0,,Detchd,1921.0,Unf,1.0,200.0,Fa,TA,N,0,0,78,0,0,0,,,,0,6,2006,WD ,Normal,61500,125.0,low,97.49095533479426,6,0,85,56,984.0,2.0,15
2654,2655,902206090,50,RM,56.0,9576,Pave,,Reg,Lvl,AllPub,Inside,Gtl,OldTown,Norm,Norm,1Fam,1.5Fin,6,7,1945,1950,Gable,CompShg,VinylSd,VinylSd,,0.0,TA,TA,CBlock,Fa,TA,No,Rec,310.0,Unf,0.0,460.0,770.0,GasA,TA,Y,SBrkr,885,297,0,1182,0.0,0.0,1,1,3,1,TA,5,Typ,0,,Detchd,1945.0,Unf,1.0,378.0,Fa,TA,Y,0,0,0,0,0,0,,GdWo,,0,5,2006,WD ,Normal,120000,101.5228426395939,mid,88.76117496807151,37,0,61,56,1952.0,1.5,42
2655,2656,902207080,20,RM,49.0,5820,Pave,,Reg,Lvl,AllPub,Inside,Gtl,OldTown,Norm,Norm,1Fam,1Story,3,8,1955,2005,Gable,CompShg,VinylSd,VinylSd,,0.0,TA,Gd,CBlock,TA,TA,No,ALQ,256.0,Unf,0.0,906.0,1162.0,GasA,Ex,Y,SBrkr,1163,0,0,1163,1.0,0.0,1,0,3,1,TA,6,Typ,0,,Attchd,1955.0,Unf,1.0,220.0,Fa,TA,Y,142,98,0,0,0,0,,,,0,7,2006,WD ,Normal,126175,108.49097162510748,low,97.49095533479426,6,0,51,1,2325.0,2.0,24
2656,2657,902207110,30,RM,48.0,5747,Pave,,Reg,Lvl,AllPub,Inside,Gtl,OldTown,Norm,Norm,1Fam,1Story,3,4,1920,1950,Gable,CompShg,Wd Sdng,Wd Sdng,,0.0,TA,TA,PConc,TA,TA,No,Unf,0.0,Unf,0.0,798.0,798.0,GasA,Gd,Y,SBrkr,840,0,0,840,0.0,0.0,1,0,2,1,Fa,5,Typ,0,,Detchd,1938.0,Unf,1.0,250.0,TA,Fa,N,112,0,0,0,0,0,,,,0,6,2006,WD ,Normal,64000,76.19047619047619,low,97.49095533479426,6,1,86,56,1638.0,1.0,12
2657,2658,902301120,190,RM,69.0,9142,Pave,Grvl,Reg,Lvl,AllPub,Inside,Gtl,OldTown,Norm,Norm,2fmCon,2Story,6,8,1910,1950,Gable,CompShg,AsbShng,AsbShng,,0.0,TA,Fa,Stone,Fa,TA,No,Unf,0.0,Unf,0.0,1020.0,1020.0,GasA,Gd,N,FuseP,908,1020,0,1928,0.0,0.0,2,0,4,2,Fa,9,Typ,0,,Detchd,1910.0,Unf,1.0,440.0,Po,Po,Y,0,60,112,0,0,0,,,,0,4,2006,WD ,Normal,137000,71.05809128630706,mid,88.76117496807151,37,1,96,56,2948.0,2.0,48
2658,2659,902305090,70,RM,60.0,9600,Pave,Grvl,Reg,Lvl,AllPub,Inside,Gtl,OldTown,Norm,Norm,1Fam,2Story,4,2,1900,1950,Gable,CompShg,AsbShng,Stucco,,0.0,TA,TA,BrkTil,TA,Fa,No,Unf,0.0,Unf,0.0,1095.0,1095.0,GasW,Fa,N,SBrkr,1095,679,0,1774,1.0,0.0,2,0,4,2,TA,8,Min2,0,,2Types,1920.0,Unf,3.0,779.0,Fa,Fa,N,0,0,90,0,0,0,,,,0,5,2006,WD ,Normal,87000,49.041713641488165,mid,88.76117496807151,37,1,106,56,2869.0,3.0,8
2659,2660,902325050,75,RM,60.0,10800,Pave,,Reg,Lvl,AllPub,Inside,Gtl,OldTown,Norm,Norm,1Fam,2.5Unf,7,7,1914,1970,Gable,CompShg,Wd Sdng,Wd Sdng,,0.0,TA,TA,BrkTil,Gd,TA,Mn,Rec,390.0,Unf,0.0,490.0,880.0,GasW,Fa,N,SBrkr,880,888,0,1768,0.0,0.0,1,1,2,1,TA,6,Typ,2,TA,Detchd,1914.0,Unf,2.0,320.0,TA,TA,N,0,341,0,0,0,0,,,,0,10,2006,WD ,Normal,163000,92.1945701357466,high,95.08187890540832,8,0,92,36,2648.0,1.5,49
2660,2661,902325100,75,RM,70.0,6300,Pave,,Reg,Lvl,AllPub,Corner,Gtl,OldTown,Norm,Norm,1Fam,2.5Unf,7,6,1910,2005,Gable,CompShg,Wd Sdng,Wd Sdng,,0.0,TA,TA,BrkTil,TA,TA,No,Unf,0.0,Unf,0.0,1226.0,1226.0,GasA,Ex,Y,SBrkr,1226,878,0,2104,0.0,0.0,2,0,5,1,TA,9,Typ,0,,Detchd,1910.0,Unf,2.0,432.0,Fa,TA,P,0,341,88,0,0,0,,,,0,7,2006,WD ,Normal,155000,73.66920152091255,high,95.08187890540832,8,1,96,1,3330.0,2.0,42
2661,2662,902325160,50,RM,63.0,5000,Pave,,Reg,Lvl,AllPub,Corner,Gtl,OldTown,Norm,Norm,1Fam,1.5Fin,5,4,1900,1950,Gable,CompShg,Wd Sdng,Wd Sdng,,0.0,TA,TA,BrkTil,TA,TA,No,Unf,0.0,Unf,0.0,540.0,540.0,GasA,Gd,N,FuseA,889,551,0,1440,0.0,0.0,1,0,3,1,TA,6,Typ,0,,Attchd,1940.0,Unf,1.0,352.0,Fa,TA,Y,0,0,77,0,0,0,,,,0,4,2006,WD ,Normal,79000,54.861111111111114,mid,88.76117496807151,37,1,106,56,1980.0,1.0,20
2662,2663,902328100,75,RM,65.0,8850,Pave,,IR1,Bnk,AllPub,Corner,Gtl,OldTown,Norm,Norm,1Fam,2.5Unf,7,6,1916,1950,Gable,CompShg,MetalSd,MetalSd,,0.0,TA,TA,BrkTil,TA,TA,No,Unf,0.0,Unf,0.0,815.0,815.0,GasA,Ex,Y,SBrkr,815,875,0,1690,0.0,0.0,1,0,3,1,TA,7,Typ,1,Gd,Detchd,1916.0,Unf,1.0,225.0,TA,TA,Y,0,0,330,0,0,0,,,,0,7,2006,ConLw,Normal,144000,85.20710059171597,high,95.08187890540832,8,1,90,56,2505.0,1.0,42
2663,2664,902329070,70,RM,60.0,3600,Pave,Grvl,Reg,Lvl,AllPub,Inside,Gtl,OldTown,Norm,Norm,1Fam,2Story,6,7,1910,1993,Gable,CompShg,VinylSd,VinylSd,,0.0,TA,TA,CBlock,TA,TA,No,Unf,0.0,Unf,0.0,684.0,684.0,GasA,Ex,N,FuseA,684,684,0,1368,0.0,0.0,1,0,3,1,TA,7,Typ,0,,Detchd,1930.0,Unf,1.0,216.0,TA,Fa,N,0,158,0,0,0,0,,,,0,10,2006,WD ,Normal,114504,83.70175438596492,mid,88.76117496807151,37,0,96,13,2052.0,1.0,42
2664,2665,902329090,70,RM,60.0,7200,Pave,,Reg,Lvl,AllPub,Corner,Gtl,OldTown,Norm,Norm,1Fam,2Story,7,7,1920,1950,Hip,CompShg,Wd Sdng,Wd Sdng,,0.0,TA,TA,BrkTil,Fa,TA,No,Unf,0.0,Unf,0.0,596.0,596.0,GasA,Ex,Y,SBrkr,998,764,0,1762,1.0,0.0,1,1,4,1,Gd,8,Typ,0,,Detchd,1989.0,Unf,2.0,576.0,TA,TA,N,36,0,221,0,0,0,,,,0,10,2006,WD ,Normal,157000,89.10329171396141,high,95.08187890540832,8,0,86,56,2358.0,2.5,49
2665,2666,902400090,30,RM,84.0,11340,Pave,,Reg,Lvl,AllPub,Corner,Gtl,OldTown,Norm,Norm,1Fam,1Story,6,5,1923,1950,Gable,CompShg,Wd Sdng,Wd Sdng,,0.0,TA,TA,BrkTil,TA,TA,No,Unf,0.0,Unf,0.0,1200.0,1200.0,GasA,TA,Y,FuseA,1200,0,0,1200,0.0,0.0,1,0,4,1,TA,7,Typ,0,,Detchd,1923.0,Unf,1.0,312.0,Fa,Fa,Y,0,0,228,0,0,0,,,,0,3,2006,WD ,Family,125000,104.16666666666667,mid,88.76117496807151,37,0,83,56,2400.0,1.0,30
2666,2667,902400110,75,RM,90.0,22950,Pave,,IR2,Lvl,AllPub,Inside,Gtl,OldTown,Artery,Norm,1Fam,2.5Fin,10,9,1892,1993,Gable,WdShngl,Wd Sdng,Wd Sdng,,0.0,Gd,Gd,BrkTil,TA,TA,Mn,Unf,0.0,Unf,0.0,1107.0,1107.0,GasA,Ex,Y,SBrkr,1518,1518,572,3608,0.0,0.0,2,1,4,1,Ex,12,Typ,2,TA,Detchd,1993.0,Unf,3.0,840.0,Ex,TA,Y,0,260,0,0,410,0,,GdPrv,,0,6,2006,WD ,Normal,475000,131.6518847006652,high,95.08187890540832,8,0,114,13,4715.0,2.5,90
2667,2668,902401090,90,RM,33.0,5976,Pave,,Reg,Lvl,AllPub,Inside,Gtl,OldTown,Norm,Norm,Duplex,2Story,5,7,1920,1950,Hip,CompShg,Wd Sdng,Wd Sdng,,0.0,TA,TA,PConc,TA,TA,No,Unf,0.0,Unf,0.0,624.0,624.0,GasA,Gd,N,FuseA,624,624,0,1248,0.0,0.0,2,0,2,2,TA,8,Typ,0,,,,,0.0,0.0,,,N,0,130,256,0,0,0,,,,0,12,2006,WD ,Normal,93500,74.9198717948718,mid,88.76117496807151,37,1,86,56,1872.0,2.0,35
2668,2669,902406030,20,RM,65.0,9750,Pave,Grvl,Reg,Lvl,AllPub,Inside,Gtl,OldTown,Norm,Norm,1Fam,1Story,5,5,1958,1958,Hip,CompShg,HdBoard,HdBoard,,0.0,TA,TA,CBlock,TA,TA,No,Unf,0.0,Unf,0.0,960.0,960.0,GasA,Ex,Y,SBrkr,960,0,0,960,0.0,0.0,1,0,3,1,TA,5,Typ,0,,Detchd,2002.0,Unf,2.0,624.0,TA,TA,Y,0,0,0,0,0,0,,,Gar2,4500,7,2006,WD ,Normal,125000,130.20833333333334,mid,88.76117496807151,37,0,48,48,1920.0,1.0,25
2669,2670,902456015,50,C (all),63.0,4761,Pave,,Reg,Lvl,AllPub,Corner,Gtl,IDOTRR,Norm,Norm,1Fam,1.5Unf,3,3,1918,1950,Gable,CompShg,Wd Sdng,Wd Sdng,,0.0,Fa,Fa,BrkTil,TA,Fa,No,Unf,0.0,Unf,0.0,1020.0,1020.0,GasA,Fa,N,FuseP,1020,0,0,1020,0.0,0.0,1,0,2,1,Fa,5,Typ,0,,,,,0.0,0.0,,,N,0,0,105,0,0,0,,,,0,10,2006,ConLD,Normal,64500,63.23529411764706,low,73.56458333333333,5,1,88,56,2040.0,1.0,9
2670,2671,903200050,30,RL,,7446,Pave,,Reg,Lvl,AllPub,Corner,Gtl,BrkSide,Feedr,Norm,1Fam,1Story,4,5,1941,1950,Gable,CompShg,WdShing,Wd Shng,,0.0,TA,TA,CBlock,TA,TA,No,Rec,266.0,Unf,0.0,522.0,788.0,GasA,TA,Y,FuseA,788,0,0,788,0.0,0.0,1,0,2,1,TA,4,Typ,2,TA,,,,0.0,0.0,,,Y,0,0,0,0,0,0,,GdWo,,0,4,2006,WD ,Abnorml,100000,126.90355329949239,mid,98.62537071860937,18,0,65,56,1576.0,1.0,20
2671,2672,903202120,50,RL,65.0,6435,Pave,,Reg,Lvl,AllPub,Inside,Gtl,BrkSide,RRAn,Norm,1Fam,1.5Fin,6,5,1939,1950,Gable,CompShg,MetalSd,MetalSd,,0.0,TA,TA,BrkTil,TA,TA,No,Unf,0.0,Unf,0.0,972.0,972.0,GasA,Gd,Y,SBrkr,972,605,0,1577,0.0,0.0,1,0,3,1,Fa,6,Typ,1,Gd,Detchd,1939.0,Unf,1.0,312.0,TA,TA,Y,0,0,0,0,0,0,,,,0,10,2006,WD ,Normal,140200,88.90298034242232,mid,98.62537071860937,18,0,67,56,2549.0,1.0,30
2672,2673,903206160,70,RL,69.0,11737,Pave,,IR1,Bnk,AllPub,Inside,Gtl,BrkSide,Norm,Norm,1Fam,2Story,6,7,1924,1996,Gambrel,CompShg,BrkComm,Stucco,,0.0,TA,TA,BrkTil,TA,TA,No,Unf,0.0,Unf,0.0,848.0,848.0,GasW,TA,N,SBrkr,1017,810,0,1827,0.0,0.0,1,0,2,1,TA,9,Typ,1,Gd,Detchd,1943.0,Unf,1.0,240.0,Fa,TA,Y,27,36,42,0,0,0,,GdPrv,,0,5,2006,WD ,Normal,202500,110.83743842364532,mid,98.62537071860937,18,0,82,10,2675.0,1.0,42
2673,2674,903225090,50,RM,50.0,5000,Pave,,Reg,Lvl,AllPub,Corner,Gtl,BrkSide,Feedr,Norm,1Fam,1.5Fin,6,7,1947,1950,Gable,CompShg,CemntBd,CmentBd,,0.0,TA,Gd,CBlock,TA,TA,No,ALQ,399.0,Unf,0.0,605.0,1004.0,GasA,Ex,Y,SBrkr,1004,660,0,1664,0.0,0.0,2,0,3,1,TA,7,Typ,2,Gd,Detchd,1950.0,Unf,2.0,420.0,TA,TA,Y,0,24,36,0,0,0,,,,0,10,2006,WD ,Normal,159000,95.55288461538461,mid,98.62537071860937,18,0,59,56,2668.0,2.0,42
2674,2675,903229040,190,RM,65.0,7800,Pave,,Reg,Lvl,AllPub,Inside,Gtl,OldTown,Artery,Norm,2fmCon,1.5Fin,5,7,1939,1950,Gable,CompShg,MetalSd,MetalSd,,0.0,TA,TA,CBlock,Gd,TA,Mn,Rec,507.0,Unf,0.0,286.0,793.0,GasA,TA,Y,SBrkr,793,325,0,1118,1.0,0.0,1,0,3,1,TA,5,Typ,1,Gd,Detchd,1939.0,Unf,2.0,410.0,TA,TA,Y,0,0,0,0,271,0,,MnPrv,,0,5,2006,WD ,Normal,119900,107.24508050089446,mid,88.76117496807151,37,0,67,56,1911.0,2.0,35
2675,2676,903231070,50,RM,52.0,6240,Pave,,Reg,Lvl,AllPub,Inside,Gtl,BrkSide,Norm,Norm,1Fam,1.5Fin,6,6,1934,1950,Gable,CompShg,Wd Sdng,Wd Sdng,,0.0,TA,TA,PConc,TA,TA,No,Unf,0.0,Unf,0.0,816.0,816.0,GasA,TA,Y,SBrkr,816,0,360,1176,0.0,0.0,1,0,3,1,TA,6,Typ,1,Gd,Detchd,1985.0,Unf,2.0,528.0,TA,TA,Y,112,0,0,0,0,0,,MnPrv,Shed,400,9,2006,WD ,Normal,114500,97.3639455782313,mid,98.62537071860937,18,0,72,56,1992.0,1.0,36
2676,2677,903231190,50,RM,,6240,Pave,,Reg,Lvl,AllPub,Inside,Gtl,BrkSide,Norm,Norm,1Fam,1.5Fin,5,4,1936,1950,Gable,CompShg,MetalSd,MetalSd,,0.0,TA,TA,BrkTil,Gd,TA,No,Unf,0.0,Unf,0.0,896.0,896.0,GasA,Gd,Y,FuseA,896,448,0,1344,0.0,0.0,1,0,3,1,TA,7,Typ,0,,Detchd,1936.0,Unf,1.0,240.0,Fa,TA,Y,200,114,0,0,0,0,,,,0,4,2006,WD ,Normal,115000,85.56547619047619,mid,98.62537071860937,18,1,70,56,2240.0,1.0,20
2677,2678,903231220,50,RM,51.0,6120,Pave,,Reg,Lvl,AllPub,Inside,Gtl,BrkSide,Norm,Norm,1Fam,1.5Fin,3,5,1930,1950,Gable,CompShg,AsbShng,AsbShng,,0.0,Gd,TA,CBlock,TA,TA,No,Rec,347.0,Unf,0.0,381.0,728.0,GasA,Ex,Y,SBrkr,728,434,0,1162,1.0,0.0,1,0,3,1,TA,6,Typ,0,,Detchd,1930.0,Unf,1.0,258.0,Fa,Po,Y,0,24,0,0,0,0,,,,0,11,2006,ConLI,Abnorml,75000,64.54388984509467,low,64.54388984509467,1,0,76,56,1890.0,2.0,15
2678,2679,903231240,30,RM,51.0,6120,Pave,,Reg,Lvl,AllPub,Inside,Gtl,BrkSide,Norm,Norm,1Fam,1Story,5,7,1925,1950,Gable,CompShg,MetalSd,MetalSd,,0.0,TA,TA,BrkTil,TA,TA,No,Rec,489.0,Unf,0.0,279.0,768.0,GasA,TA,N,SBrkr,1015,0,0,1015,0.0,0.0,1,0,3,1,TA,6,Min1,0,,Detchd,1925.0,Unf,1.0,450.0,TA,TA,Y,0,0,112,0,120,0,,MnPrv,Shed,620,7,2006,WD ,Abnorml,88000,86.69950738916256,mid,98.62537071860937,18,1,81,56,1783.0,1.0,35
2679,2680,903232170,50,RM,52.0,6240,Pave,,Reg,Lvl,AllPub,Inside,Gtl,BrkSide,Norm,Norm,1Fam,1.5Fin,4,5,1947,1950,Gable,CompShg,AsbShng,AsbShng,,0.0,TA,TA,Slab,,,,,0.0,,0.0,0.0,0.0,GasA,Gd,N,SBrkr,672,240,0,912,0.0,0.0,1,0,2,1,TA,3,Typ,0,,,,,0.0,0.0,,,N,0,0,0,0,0,0,,,,0,7,2006,WD ,Normal,80500,88.26754385964912,mid,98.62537071860937,18,1,59,56,912.0,1.0,20
2680,2681,903233100,50,RM,52.0,6240,Pave,,Reg,Lvl,AllPub,Inside,Gtl,BrkSide,Norm,Norm,1Fam,1.5Fin,5,6,1928,1950,Gable,CompShg,MetalSd,MetalSd,,0.0,TA,TA,BrkTil,TA,TA,No,Unf,0.0,Unf,0.0,1042.0,1042.0,GasA,Ex,Y,SBrkr,1042,534,0,1576,0.0,0.0,1,0,3,1,TA,8,Typ,1,Gd,Detchd,1928.0,Unf,1.0,225.0,TA,TA,Y,0,0,0,0,0,0,,,,0,8,2006,WD ,Family,149000,94.54314720812182,mid,98.62537071860937,18,0,78,56,2618.0,1.0,30
2681,2682,903233220,50,RM,51.0,6120,Pave,,Reg,Lvl,AllPub,Inside,Gtl,BrkSide,Norm,Norm,1Fam,1.5Fin,5,7,1930,1984,Gable,CompShg,MetalSd,MetalSd,,0.0,TA,Gd,BrkTil,TA,TA,No,Unf,0.0,Unf,0.0,741.0,741.0,GasA,Gd,Y,SBrkr,741,583,0,1324,0.0,0.0,1,0,3,1,Gd,7,Typ,0,,Detchd,1930.0,Unf,1.0,180.0,Fa,TA,Y,0,0,55,0,0,0,,,,0,2,2006,WD ,Normal,110000,83.08157099697885,mid,98.62537071860937,18,1,76,22,2065.0,1.0,35
2682,2683,903234030,30,RM,50.0,6000,Pave,,Reg,Lvl,AllPub,Inside,Gtl,OldTown,Artery,Norm,1Fam,1Story,6,6,1925,1980,Gable,CompShg,MetalSd,MetalSd,,0.0,TA,Gd,BrkTil,TA,TA,No,BLQ,397.0,Unf,0.0,706.0,1103.0,GasA,Gd,Y,SBrkr,1103,0,0,1103,0.0,0.0,1,0,2,1,Gd,5,Typ,1,Gd,Detchd,1976.0,Unf,2.0,440.0,TA,TA,Y,166,120,0,0,0,0,,MnPrv,,0,7,2006,WD ,Normal,110500,100.18132366273798,mid,88.76117496807151,37,0,81,26,2206.0,1.0,36
2683,2684,903235020,30,RM,50.0,6000,Pave,,Reg,Lvl,AllPub,Inside,Gtl,BrkSide,Norm,Norm,1Fam,1Story,5,7,1921,1950,Gable,CompShg,Wd Sdng,Wd Shng,,0.0,TA,TA,CBlock,TA,TA,No,LwQ,616.0,Unf,0.0,0.0,616.0,GasA,Gd,Y,SBrkr,616,0,0,616,0.0,0.0,1,0,2,1,TA,4,Typ,0,,Detchd,1921.0,Unf,1.0,205.0,TA,TA,Y,0,0,129,0,0,0,,,,0,6,2006,WD ,Normal,89000,144.4805194805195,mid,98.62537071860937,18,0,85,56,1232.0,1.0,35
2684,2685,903236200,45,RM,58.0,6380,Pave,,Reg,Lvl,AllPub,Inside,Gtl,BrkSide,Norm,Norm,1Fam,1.5Unf,5,6,1922,1950,Gable,CompShg,MetalSd,MetalSd,,0.0,TA,TA,BrkTil,TA,Fa,No,Unf,0.0,Unf,0.0,993.0,993.0,GasA,TA,Y,FuseA,1048,0,0,1048,0.0,0.0,1,0,2,1,TA,5,Typ,1,Gd,Detchd,1922.0,Unf,1.0,280.0,TA,TA,Y,0,0,116,0,0,0,,,,0,8,2006,WD ,Normal,113000,107.82442748091603,mid,98.62537071860937,18,0,84,56,2041.0,1.0,30
2685,2686,903400030,30,RL,50.0,11672,Pave,Pave,IR2,Lvl,AllPub,Inside,Gtl,BrkSide,Norm,Norm,1Fam,1Story,5,5,1925,1950,Gable,CompShg,MetalSd,MetalSd,,0.0,TA,TA,BrkTil,TA,TA,No,Unf,0.0,Unf,0.0,816.0,816.0,GasA,TA,Y,FuseA,816,0,0,816,0.0,0.0,1,0,2,1,TA,4,Typ,0,,Detchd,1925.0,Unf,1.0,210.0,Fa,Fa,N,168,0,112,0,0,0,,,,0,7,2006,WD ,Normal,109000,133.57843137254903,mid,98.62537071860937,18,0,81,56,1632.0,1.0,25
2686,2687,903425190,50,RM,90.0,33120,Pave,,IR3,Lvl,AllPub,Inside,Gtl,OldTown,RRAn,Feedr,1Fam,1.5Fin,6,5,1962,1962,Gable,CompShg,BrkFace,Wd Sdng,,0.0,TA,TA,CBlock,TA,TA,No,Unf,0.0,Unf,0.0,1595.0,1595.0,GasA,TA,Y,SBrkr,1611,875,0,2486,0.0,0.0,2,0,5,1,TA,8,Typ,1,Gd,Detchd,1962.0,Unf,2.0,576.0,TA,TA,Y,0,0,0,0,0,0,,,,0,10,2006,WD ,Normal,220000,88.49557522123894,mid,88.76117496807151,37,0,44,44,4081.0,2.0,30
2687,2688,903425340,190,RL,60.0,9873,Pave,,Reg,Lvl,AllPub,Inside,Gtl,BrkSide,RRAn,Norm,2fmCon,1Story,4,5,1970,1970,Gable,CompShg,HdBoard,HdBoard,BrkFace,160.0,TA,TA,CBlock,TA,TA,Av,ALQ,789.0,Unf,0.0,171.0,960.0,GasW,TA,N,SBrkr,960,0,0,960,1.0,0.0,1,0,3,1,TA,6,Typ,0,,Detchd,1970.0,Unf,2.0,576.0,TA,TA,Y,0,288,0,0,0,0,,,,0,5,2006,WD ,Normal,129000,134.375,mid,98.62537071860937,18,0,36,36,1920.0,2.0,20
2688,2689,903430090,50,RM,59.0,5310,Pave,,Reg,Lvl,AllPub,Corner,Gtl,OldTown,Feedr,Norm,1Fam,1.5Fin,6,8,1910,2003,Hip,CompShg,VinylSd,VinylSd,,0.0,TA,Gd,CBlock,TA,Fa,No,Unf,0.0,Unf,0.0,485.0,485.0,GasA,Gd,Y,SBrkr,1001,634,0,1635,0.0,0.0,1,0,2,1,Gd,5,Typ,0,,Attchd,1950.0,Unf,1.0,255.0,Fa,TA,Y,394,0,0,0,0,0,,,,0,6,2006,WD ,Normal,117000,71.55963302752293,mid,88.76117496807151,37,1,96,3,2120.0,1.0,48
2689,2690,903430130,30,RM,153.0,4118,Pave,Grvl,IR1,Bnk,AllPub,Corner,Mod,OldTown,Feedr,Norm,1Fam,1Story,4,4,1941,1950,Gable,CompShg,Wd Sdng,Wd Sdng,,0.0,TA,TA,CBlock,TA,TA,No,Unf,0.0,Unf,0.0,693.0,693.0,Grav,Fa,N,FuseA,693,0,0,693,0.0,0.0,1,0,2,1,Fa,4,Typ,0,,,,,0.0,0.0,,,N,0,20,0,0,0,0,,,,0,3,2006,WD ,Normal,52500,75.75757575757575,mid,88.76117496807151,37,1,65,56,1386.0,1.0,16
2690,2691,903451050,50,RM,60.0,10320,Pave,Grvl,Reg,Lvl,AllPub,Inside,Gtl,IDOTRR,Norm,Norm,1Fam,1.5Fin,4,5,1924,1950,Gable,CompShg,MetalSd,MetalSd,,0.0,TA,TA,BrkTil,TA,Fa,No,Unf,0.0,Unf,0.0,596.0,596.0,GasA,Po,Y,FuseF,834,596,0,1430,0.0,0.0,2,0,3,1,Fa,7,Typ,0,,Detchd,1924.0,Unf,2.0,370.0,Fa,Fa,Y,218,0,0,0,210,0,,,,0,10,2006,WD ,Abnorml,107000,74.82517482517483,mid,91.46341463414635,15,1,82,56,2026.0,2.0,20
2691,2692,903452090,70,RM,60.0,7518,Pave,,Reg,Lvl,AllPub,FR3,Gtl,IDOTRR,Norm,Norm,1Fam,2Story,5,8,1910,2004,Gable,CompShg,AsbShng,Plywood,,0.0,Fa,Gd,BrkTil,Fa,Fa,No,Unf,0.0,Unf,0.0,396.0,396.0,GasA,Gd,Y,SBrkr,665,665,0,1330,0.0,0.0,1,0,3,1,TA,7,Typ,0,,Detchd,2001.0,Unf,1.0,390.0,TA,TA,N,0,72,45,0,0,0,,MnPrv,,0,7,2006,WD ,Normal,116500,87.59398496240601,mid,91.46341463414635,15,0,96,2,1726.0,1.0,40
2692,2693,903454020,30,RM,50.0,9000,Pave,,Reg,Lvl,AllPub,Inside,Gtl,IDOTRR,Norm,Norm,1Fam,1Story,5,4,1919,1950,Gable,CompShg,Wd Sdng,Wd Sdng,,0.0,TA,TA,BrkTil,TA,TA,No,Unf,0.0,Unf,0.0,610.0,610.0,GasA,Ex,N,FuseA,819,0,0,819,0.0,0.0,1,0,2,1,Gd,4,Typ,0,,,,,0.0,0.0,,,N,0,0,0,0,0,0,,,,0,9,2006,WD ,Abnorml,72000,87.91208791208791,mid,91.46341463414635,15,0,87,56,1429.0,1.0,20
2693,2694,903454080,50,RM,50.0,8600,Pave,,Reg,Bnk,AllPub,Inside,Gtl,IDOTRR,Norm,Norm,1Fam,1.5Fin,6,6,1937,1950,Gable,CompShg,MetalSd,MetalSd,,0.0,TA,TA,BrkTil,TA,TA,No,Unf,0.0,Unf,0.0,780.0,780.0,GasA,TA,Y,SBrkr,780,596,0,1376,0.0,0.0,2,0,3,1,TA,7,Typ,1,Gd,Detchd,1937.0,Unf,1.0,198.0,TA,TA,N,0,0,0,0,0,0,,,,0,6,2006,WD ,Normal,119500,86.84593023255815,mid,91.46341463414635,15,0,69,56,2156.0,2.0,36
2694,2695,903455090,50,RM,60.0,7200,Pave,,Reg,Lvl,AllPub,Corner,Gtl,IDOTRR,Norm,Norm,1Fam,1.5Fin,5,6,1938,1995,Gable,CompShg,Wd Sdng,Wd Sdng,,0.0,TA,TA,CBlock,TA,TA,No,Unf,0.0,Unf,0.0,803.0,803.0,GasA,Ex,Y,SBrkr,803,557,0,1360,0.0,0.0,1,1,2,1,Gd,6,Typ,0,,Detchd,1951.0,Unf,1.0,297.0,TA,TA,Y,0,65,190,0,0,0,,MnPrv,,0,7,2006,WD ,Normal,125500,92.27941176470588,mid,91.46341463414635,15,0,68,11,2163.0,1.5,30
2695,2696,903456060,30,RM,60.0,9786,Pave,,Reg,Lvl,AllPub,Inside,Gtl,IDOTRR,Norm,Norm,1Fam,1Story,3,4,1922,1950,Hip,CompShg,Wd Sdng,Wd Sdng,,0.0,TA,TA,BrkTil,TA,Fa,No,Unf,0.0,Unf,0.0,1007.0,1007.0,GasA,Fa,N,SBrkr,1077,0,0,1077,0.0,0.0,1,0,3,1,TA,6,Typ,1,Gd,Detchd,1922.0,Unf,1.0,210.0,TA,Fa,P,0,100,48,0,0,0,,,,0,5,2006,WD ,Normal,91000,84.49396471680595,low,73.56458333333333,5,0,84,56,2084.0,1.0,12
2696,2697,903456090,190,RM,60.0,6780,Pave,,Reg,Lvl,AllPub,Inside,Gtl,IDOTRR,Norm,Norm,2fmCon,1.5Fin,6,8,1935,1982,Gable,CompShg,Wd Sdng,Wd Sdng,,0.0,TA,Fa,CBlock,TA,TA,Av,GLQ,490.0,Unf,0.0,30.0,520.0,GasA,Gd,N,SBrkr,520,0,234,754,1.0,0.0,1,0,2,1,TA,5,Typ,0,,,,,0.0,0.0,,,N,53,0,0,0,0,0,,,,0,6,2006,WD ,Normal,84500,112.06896551724138,mid,91.46341463414635,15,0,71,24,1274.0,2.0,48
2697,2698,903458010,30,RM,60.0,7200,Pave,,Reg,Lvl,AllPub,Corner,Gtl,IDOTRR,Norm,Norm,1Fam,1Story,6,6,1930,1950,Gable,CompShg,VinylSd,VinylSd,,0.0,TA,TA,BrkTil,TA,TA,No,LwQ,343.0,Unf,0.0,641.0,984.0,GasA,TA,Y,FuseF,984,0,0,984,0.0,0.0,1,0,3,1,TA,6,Typ,0,,Detchd,1930.0,Unf,1.0,308.0,TA,TA,N,0,0,164,0,0,0,,,,0,3,2006,ConLI,Family,90000,91.46341463414635,mid,91.46341463414635,15,0,76,56,1968.0,1.0,36
2698,2699,904100030,50,RL,82.0,12375,Pave,,Reg,Lvl,AllPub,Inside,Gtl,Sawyer,Feedr,Norm,1Fam,1.5Fin,5,5,1951,1951,Gable,CompShg,HdBoard,HdBoard,Stone,41.0,TA,Fa,CBlock,TA,TA,No,BLQ,329.0,Unf,0.0,477.0,806.0,GasA,TA,Y,SBrkr,1081,341,0,1422,1.0,0.0,1,0,3,1,TA,7,Typ,1,TA,Detchd,1951.0,Unf,1.0,288.0,TA,TA,Y,0,0,0,0,0,0,,GdWo,,0,6,2006,WD ,Normal,137500,96.69479606188467,mid,119.66141788952947,38,1,55,55,2228.0,2.0,25
2699,2700,904100090,90,RL,120.0,11136,Pave,,Reg,Lvl,AllPub,Corner,Gtl,Sawyer,Feedr,Feedr,Duplex,1Story,6,5,1964,1964,Gable,CompShg,BrkFace,BrkFace,,0.0,TA,TA,CBlock,TA,TA,No,Unf,0.0,Unf,0.0,1921.0,1921.0,GasA,TA,Y,SBrkr,1921,0,0,1921,0.0,0.0,2,0,4,2,TA,8,Typ,0,,Detchd,1964.0,Unf,2.0,576.0,TA,TA,Y,0,180,0,0,0,0,,,,0,7,2006,WD ,Normal,150000,78.08433107756377,mid,119.66141788952947,38,1,42,42,3842.0,2.0,30
2700,2701,904100170,20,RL,100.0,21370,Pave,,Reg,Lvl,AllPub,FR2,Gtl,Sawyer,Norm,Norm,1Fam,1Story,5,5,1950,1950,Gable,CompShg,Wd Sdng,MetalSd,,0.0,TA,TA,Slab,,,,,0.0,,0.0,0.0,0.0,GasA,TA,Y,FuseA,1640,0,0,1640,0.0,0.0,1,0,3,1,TA,7,Min1,1,Gd,Attchd,1950.0,RFn,2.0,394.0,TA,TA,Y,0,0,225,0,0,0,,,Shed,600,6,2006,WD ,Normal,131000,79.8780487804878,mid,119.66141788952947,38,1,56,56,1640.0,1.0,25
2701,2702,904101040,80,RL,92.0,6930,Pave,,IR1,Lvl,AllPub,Inside,Gtl,ClearCr,Norm,Norm,1Fam,SLvl,5,4,1958,1958,Hip,CompShg,Wd Sdng,ImStucc,BrkFace,120.0,TA,TA,CBlock,TA,TA,Av,BLQ,300.0,Rec,294.0,468.0,1062.0,GasA,Ex,Y,FuseF,1352,0,0,1352,0.0,1.0,1,0,3,1,Gd,6,Min2,0,,BuiltIn,1958.0,Unf,1.0,288.0,TA,TA,Y,168,0,294,0,0,0,,,,0,7,2006,WD ,Abnorml,130000,96.15384615384616,mid,120.10113780025284,5,1,48,48,2414.0,1.5,20
2702,2703,904301410,30,RL,55.0,8250,Pave,,Reg,Lvl,AllPub,Inside,Gtl,Edwards,Norm,Norm,1Fam,1Story,5,7,1935,1950,Gable,CompShg,Wd Sdng,Wd Sdng,,0.0,TA,TA,Slab,,,,,0.0,,0.0,0.0,0.0,GasA,TA,N,SBrkr,1032,0,0,1032,0.0,0.0,1,0,2,1,TA,6,Typ,1,TA,Detchd,1939.0,Unf,1.0,260.0,TA,TA,Y,0,0,121,0,0,0,,,,0,6,2006,WD ,Normal,125000,121.12403100775194,mid,103.42252014318862,36,0,71,56,1032.0,1.0,35
2703,2704,904302020,30,RL,50.0,5220,Pave,,IR1,Lvl,AllPub,Inside,Gtl,SWISU,Norm,Norm,1Fam,1Story,5,3,1936,1950,Gable,CompShg,Wd Sdng,Wd Shng,,0.0,TA,TA,BrkTil,TA,TA,No,Unf,0.0,Unf,0.0,830.0,830.0,GasA,Gd,Y,SBrkr,879,0,0,879,0.0,0.0,1,0,2,1,TA,4,Typ,0,,Detchd,1936.0,Unf,1.0,180.0,TA,TA,P,0,108,0,0,0,0,,,,0,1,2006,WD ,Normal,80000,91.01251422070534,mid,88.05220213877587,10,0,70,56,1709.0,1.0,15
2704,2705,904302030,20,RL,50.0,5500,Pave,,Reg,Lvl,AllPub,Inside,Gtl,SWISU,Norm,Norm,1Fam,1Story,7,5,2004,2004,Shed,CompShg,VinylSd,VinylSd,,0.0,TA,TA,PConc,Gd,Gd,Mn,GLQ,510.0,LwQ,373.0,190.0,1073.0,GasA,Ex,Y,SBrkr,1073,0,0,1073,1.0,0.0,2,0,2,1,TA,4,Typ,0,,Detchd,2004.0,Unf,1.0,246.0,TA,TA,Y,0,120,0,0,0,0,,,,0,5,2006,WD ,Normal,157000,146.3187325256291,high,127.2499680207591,2,0,2,2,2146.0,3.0,35
2705,2706,905100030,20,RL,75.0,11235,Pave,,Reg,Lvl,AllPub,Inside,Gtl,Sawyer,Norm,Norm,1Fam,1Story,4,5,1963,1979,Gable,CompShg,HdBoard,HdBoard,BrkFace,51.0,TA,TA,CBlock,TA,TA,No,Rec,547.0,Unf,0.0,504.0,1051.0,GasA,Gd,Y,SBrkr,1382,0,0,1382,0.0,0.0,1,1,3,1,TA,6,Typ,1,Po,Attchd,1974.0,Unf,2.0,459.0,TA,TA,Y,0,82,0,0,0,0,,,,0,10,2006,WD ,Normal,148000,107.09117221418235,mid,119.66141788952947,38,1,43,27,2433.0,1.5,20
2706,2707,905101330,90,RL,72.0,10791,Pave,,Reg,Lvl,AllPub,Inside,Gtl,Sawyer,Norm,Norm,Duplex,1Story,4,5,1967,1967,Gable,CompShg,MetalSd,MetalSd,,0.0,TA,TA,Slab,,,,,0.0,,0.0,0.0,0.0,GasA,TA,Y,SBrkr,1296,0,0,1296,0.0,0.0,2,0,2,2,TA,6,Typ,0,,CarPort,1967.0,Unf,2.0,516.0,TA,TA,Y,0,0,0,0,0,0,,,Shed,500,10,2006,WD ,Normal,90000,69.44444444444444,mid,119.66141788952947,38,1,39,39,1296.0,2.0,20
2707,2708,905101450,20,RL,70.0,8414,Pave,,Reg,Lvl,AllPub,Inside,Gtl,Sawyer,Norm,Norm,1Fam,1Story,6,8,1963,2003,Hip,CompShg,HdBoard,HdBoard,,0.0,TA,TA,CBlock,TA,TA,No,GLQ,663.0,Unf,0.0,396.0,1059.0,GasA,TA,Y,SBrkr,1068,0,0,1068,0.0,1.0,1,0,3,1,TA,6,Typ,0,,Attchd,1963.0,RFn,1.0,264.0,TA,TA,Y,192,0,0,0,0,0,,MnPrv,,0,2,2006,WD ,Normal,154500,144.6629213483146,mid,119.66141788952947,38,0,43,3,2127.0,1.5,48
2708,2709,905103130,20,RL,,11327,Pave,,IR1,Lvl,AllPub,Inside,Gtl,Sawyer,Norm,Norm,1Fam,1Story,5,6,1967,1967,Hip,CompShg,HdBoard,HdBoard,BrkFace,305.0,TA,TA,CBlock,TA,TA,Av,ALQ,779.0,Unf,0.0,285.0,1064.0,GasA,TA,Y,SBrkr,1064,0,0,1064,0.0,1.0,1,0,3,1,TA,6,Typ,1,TA,Attchd,1967.0,Unf,2.0,528.0,TA,TA,Y,314,48,0,0,0,0,,,,0,6,2006,WD ,Normal,153600,144.3609022556391,mid,119.66141788952947,38,0,39,39,2128.0,1.5,30
2709,2710,905103140,80,RL,96.0,11777,Pave,,IR1,Lvl,AllPub,Inside,Gtl,Sawyer,Norm,Norm,1Fam,SLvl,5,6,1966,1966,Gable,CompShg,VinylSd,VinylSd,BrkFace,97.0,TA,TA,CBlock,TA,TA,Av,LwQ,328.0,ALQ,551.0,285.0,1164.0,GasA,Ex,Y,SBrkr,1320,0,0,1320,1.0,0.0,1,0,3,1,TA,6,Typ,2,Fa,Attchd,1966.0,RFn,2.0,564.0,TA,TA,Y,160,68,240,0,0,0,,,,0,5,2006,WD ,Abnorml,164500,124.62121212121212,mid,119.66141788952947,38,0,40,40,2484.0,2.0,30
2710,2711,905103180,80,RL,80.0,10366,Pave,,IR1,Lvl,AllPub,Corner,Gtl,Sawyer,Norm,Norm,1Fam,SLvl,6,7,1964,1964,Gable,CompShg,HdBoard,Plywood,,0.0,TA,Gd,CBlock,TA,TA,Av,GLQ,456.0,Unf,0.0,456.0,912.0,GasA,TA,Y,SBrkr,934,0,0,934,0.0,1.0,1,0,2,1,TA,4,Typ,0,,Attchd,1964.0,Unf,1.0,336.0,TA,TA,Y,77,0,0,0,0,0,,GdPrv,Shed,500,7,2006,WD ,Normal,132000,141.32762312633832,mid,119.66141788952947,38,0,42,42,1846.0,1.5,42
2711,2712,905105010,20,RL,75.0,9000,Pave,,Reg,Lvl,AllPub,Corner,Gtl,Sawyer,Norm,Norm,1Fam,1Story,5,6,1966,1966,Gable,CompShg,Plywood,Plywood,,0.0,TA,TA,CBlock,TA,TA,No,ALQ,773.0,Unf,0.0,286.0,1059.0,GasA,Gd,Y,SBrkr,1059,0,0,1059,1.0,0.0,1,0,3,1,TA,6,Typ,0,,Attchd,1966.0,Fin,1.0,286.0,TA,TA,Y,0,88,0,0,0,0,,GdWo,,0,6,2006,WD ,Abnorml,142500,134.56090651558074,mid,119.66141788952947,38,0,40,40,2118.0,2.0,30
2712,2713,905106210,20,RL,,11553,Pave,,IR1,Lvl,AllPub,Inside,Gtl,Sawyer,Norm,Norm,1Fam,1Story,5,5,1968,1968,Hip,CompShg,Plywood,Plywood,BrkFace,188.0,TA,TA,CBlock,TA,TA,No,BLQ,673.0,Unf,0.0,378.0,1051.0,GasA,TA,Y,SBrkr,1159,0,0,1159,0.0,0.0,1,1,3,1,TA,7,Typ,1,Fa,Attchd,1968.0,Unf,1.0,336.0,TA,TA,Y,466,0,0,0,0,0,,,,0,7,2006,WD ,Normal,158000,136.3244176013805,mid,119.66141788952947,38,0,38,38,2210.0,1.5,25
2713,2714,905107070,60,RL,74.0,7844,Pave,,Reg,Lvl,AllPub,Inside,Gtl,Sawyer,Norm,Norm,1Fam,2Story,6,7,1978,1978,Hip,CompShg,HdBoard,HdBoard,BrkFace,203.0,TA,TA,CBlock,TA,TA,No,ALQ,209.0,Unf,0.0,463.0,672.0,GasA,TA,Y,SBrkr,672,728,0,1400,0.0,0.0,1,1,3,1,TA,6,Typ,1,TA,Attchd,1978.0,Fin,2.0,440.0,TA,TA,Y,0,0,0,0,0,0,,,,0,3,2006,WD ,Normal,149500,106.78571428571429,mid,119.66141788952947,38,1,28,28,2072.0,1.5,42
2714,2715,905107220,20,RL,,9535,Pave,,IR1,Lvl,AllPub,Inside,Gtl,Sawyer,Norm,Norm,1Fam,1Story,5,5,1967,1967,Gable,CompShg,HdBoard,HdBoard,BrkFace,450.0,TA,TA,CBlock,TA,TA,No,BLQ,194.0,LwQ,982.0,0.0,1176.0,GasA,TA,Y,SBrkr,1458,0,0,1458,1.0,0.0,1,1,3,1,TA,7,Typ,1,TA,Attchd,1967.0,Unf,2.0,512.0,TA,TA,Y,284,0,0,0,0,0,,MnPrv,,0,7,2006,WD ,Normal,165000,113.16872427983539,mid,119.66141788952947,38,0,39,39,2634.0,2.5,25
2715,2716,905107240,20,RL,78.0,10335,Pave,,IR1,Lvl,AllPub,Inside,Gtl,Sawyer,Norm,Norm,1Fam,1Story,5,6,1968,1993,Gable,CompShg,Plywood,Plywood,,0.0,TA,TA,CBlock,TA,TA,No,Rec,570.0,Unf,0.0,891.0,1461.0,GasA,Gd,Y,SBrkr,1721,0,0,1721,0.0,0.0,2,1,3,1,TA,7,Min1,1,TA,Attchd,1968.0,RFn,2.0,440.0,TA,TA,Y,0,96,180,0,0,0,,MnPrv,,0,7,2006,WD ,Normal,180000,104.59035444509006,mid,119.66141788952947,38,1,38,13,3182.0,2.5,30
2716,2717,905107300,80,RL,,7176,Pave,,IR1,Lvl,AllPub,CulDSac,Gtl,Sawyer,Norm,Norm,1Fam,SLvl,6,6,1978,1978,Gable,CompShg,HdBoard,HdBoard,BrkFace,200.0,TA,TA,CBlock,TA,Gd,Gd,GLQ,794.0,Unf,0.0,166.0,960.0,GasA,Fa,Y,SBrkr,1040,0,0,1040,1.0,0.0,1,0,3,1,TA,6,Typ,1,Fa,Detchd,1979.0,Unf,2.0,616.0,TA,TA,Y,131,0,0,0,180,0,,GdPrv,,0,7,2006,WD ,Normal,160500,154.32692307692307,mid,119.66141788952947,38,0,28,28,2000.0,2.0,36
2717,2718,905108090,90,RL,,9662,Pave,,IR1,Lvl,AllPub,Inside,Gtl,Sawyer,Norm,Norm,Duplex,1Story,5,4,1977,1977,Gable,CompShg,Plywood,Plywood,,0.0,TA,TA,CBlock,Gd,TA,No,Unf,0.0,Unf,0.0,1967.0,1967.0,GasA,TA,Y,SBrkr,1967,0,0,1967,0.0,0.0,2,0,6,2,TA,10,Typ,0,,Attchd,1977.0,Fin,2.0,580.0,TA,TA,Y,170,0,0,0,0,0,,,,0,8,2006,WD ,Normal,156500,79.56278596847991,mid,119.66141788952947,38,1,29,29,3934.0,2.0,20
2718,2719,905108120,90,RL,75.0,8235,Pave,,Reg,Lvl,AllPub,Inside,Gtl,Sawyer,Norm,Norm,Duplex,1Story,5,4,1977,1977,Gable,CompShg,Plywood,Plywood,BrkFace,99.0,TA,TA,CBlock,TA,TA,No,Rec,483.0,Unf,0.0,1466.0,1949.0,GasA,TA,Y,SBrkr,1949,0,0,1949,0.0,0.0,2,0,6,2,TA,10,Typ,0,,Attchd,1977.0,RFn,2.0,586.0,TA,TA,Y,32,0,0,0,0,0,,,,0,5,2006,WD ,Normal,157000,80.55413032324269,mid,119.66141788952947,38,1,29,29,3898.0,2.0,20
2719,2720,905200280,50,RL,,13650,Pave,,Reg,Lvl,AllPub,Inside,Gtl,Sawyer,Norm,Norm,1Fam,1.5Fin,5,5,1958,1958,Gable,CompShg,MetalSd,MetalSd,,0.0,Gd,Gd,CBlock,TA,TA,No,ALQ,57.0,BLQ,441.0,554.0,1052.0,GasA,Ex,Y,SBrkr,1252,668,0,1920,1.0,0.0,2,0,4,1,Gd,8,Typ,1,Gd,Attchd,1958.0,Unf,2.0,451.0,TA,TA,Y,0,0,0,0,0,0,,,,0,7,2006,WD ,Normal,172500,89.84375,mid,119.66141788952947,38,1,48,48,2972.0,3.0,25
2720,2721,905200290,20,RL,88.0,13125,Pave,,Reg,Lvl,AllPub,Corner,Gtl,Sawyer,Norm,Norm,1Fam,1Story,5,4,1957,2000,Gable,CompShg,Wd Sdng,Wd Sdng,BrkCmn,67.0,TA,TA,CBlock,TA,TA,No,Rec,168.0,BLQ,682.0,284.0,1134.0,GasA,Ex,Y,SBrkr,1803,0,0,1803,1.0,0.0,2,0,3,1,TA,8,Maj1,1,TA,Attchd,1957.0,RFn,2.0,484.0,TA,TA,Y,0,0,0,0,0,0,,GdPrv,,0,1,2006,WD ,Normal,155000,85.96783139212424,mid,119.66141788952947,38,1,49,6,2937.0,3.0,20
2721,2722,905200340,20,RL,102.0,17920,Pave,,Reg,Lvl,AllPub,Inside,Gtl,Sawyer,Norm,Norm,1Fam,1Story,5,4,1955,1974,Hip,CompShg,Wd Sdng,Plywood,,0.0,TA,TA,CBlock,TA,TA,Mn,ALQ,306.0,Rec,1085.0,372.0,1763.0,GasA,TA,Y,SBrkr,1779,0,0,1779,1.0,0.0,1,1,3,1,TA,6,Typ,1,Gd,Attchd,1955.0,Unf,2.0,454.0,TA,TA,Y,0,418,0,0,312,0,,,,0,7,2006,WD ,Abnorml,170000,95.5593029792018,mid,119.66141788952947,38,1,51,32,3542.0,2.5,20
2722,2723,905200380,30,RL,,17529,Pave,,Reg,Lvl,AllPub,Inside,Gtl,Sawyer,Norm,Norm,1Fam,1Story,5,5,1924,1950,Gable,CompShg,BrkFace,Wd Sdng,Stone,65.0,TA,TA,BrkTil,TA,TA,No,Unf,0.0,Unf,0.0,872.0,872.0,GasA,Fa,N,FuseF,872,0,0,872,0.0,0.0,1,0,2,1,Fa,5,Mod,1,Gd,Detchd,1924.0,Unf,1.0,322.0,Fa,Fa,N,0,0,116,0,0,0,,,,0,4,2006,WD ,Normal,105000,120.41284403669725,mid,119.66141788952947,38,0,82,56,1744.0,1.0,25
2723,2724,905200490,80,RL,,10246,Pave,,IR1,Lvl,AllPub,CulDSac,Gtl,Sawyer,Norm,Norm,1Fam,SLvl,4,9,1965,2001,Gable,CompShg,VinylSd,VinylSd,,0.0,TA,Gd,CBlock,TA,Gd,Av,GLQ,648.0,Unf,0.0,0.0,648.0,GasA,Ex,Y,SBrkr,960,0,0,960,1.0,1.0,0,0,0,1,TA,3,Typ,0,,Attchd,1965.0,Unf,1.0,364.0,TA,TA,Y,88,0,0,0,0,0,,,,0,5,2006,WD ,Normal,145000,151.04166666666666,mid,119.66141788952947,38,0,41,5,1608.0,1.5,36
2724,2725,905201090,20,RL,,14175,Pave,,Reg,Bnk,AllPub,Corner,Mod,Sawyer,Norm,Norm,1Fam,1Story,5,6,1956,1987,Gable,CompShg,CemntBd,Wd Sdng,,0.0,TA,TA,CBlock,TA,TA,No,Rec,988.0,Unf,0.0,200.0,1188.0,GasA,Gd,Y,SBrkr,1437,0,0,1437,1.0,0.0,1,1,3,1,TA,6,Min2,1,TA,Detchd,1999.0,Unf,2.0,576.0,TA,TA,Y,304,0,0,0,0,0,,,,0,11,2006,WD ,Normal,168000,116.91022964509395,mid,119.66141788952947,38,0,50,19,2625.0,2.5,30
2725,2726,905202190,20,RL,,20355,Pave,,Reg,Low,AllPub,Inside,Mod,ClearCr,Norm,Norm,1Fam,1Story,7,6,1967,1967,Gable,Tar&Grv,Plywood,Plywood,BrkFace,123.0,TA,TA,CBlock,Gd,TA,Av,Rec,810.0,ALQ,826.0,229.0,1865.0,GasA,TA,Y,SBrkr,1830,0,0,1830,1.0,0.0,1,0,2,1,TA,6,Typ,2,Gd,Attchd,1967.0,Unf,2.0,521.0,TA,TA,Y,0,115,168,0,0,0,,,,0,6,2006,WD ,Normal,278000,151.91256830601094,high,130.7639366827254,5,0,39,39,3695.0,2.0,42
2726,2727,905202210,20,RL,87.0,13050,Pave,,Reg,Low,AllPub,Inside,Mod,ClearCr,Norm,Norm,1Fam,1Story,5,6,1963,1963,Flat,Tar&Grv,WdShing,Wd Shng,,0.0,TA,TA,CBlock,Gd,TA,Av,Rec,104.0,ALQ,850.0,46.0,1000.0,GasA,Ex,Y,SBrkr,1000,0,0,1000,1.0,0.0,1,0,1,1,TA,4,Typ,2,TA,Attchd,1993.0,Unf,2.0,575.0,TA,TA,Y,238,0,148,0,0,0,,,,0,4,2006,WD ,Normal,164000,164.0,mid,120.10113780025284,5,0,43,43,2000.0,2.0,30
2727,2728,905225080,50,RL,81.0,15593,Pave,,Reg,Lvl,AllPub,Corner,Gtl,ClearCr,Norm,Norm,1Fam,1.5Fin,7,4,1953,1953,Gable,CompShg,BrkFace,AsbShng,,0.0,Gd,TA,CBlock,TA,TA,No,BLQ,603.0,Unf,0.0,701.0,1304.0,GasW,TA,Y,SBrkr,1304,983,0,2287,0.0,0.0,2,0,3,1,TA,7,Typ,1,TA,Attchd,1953.0,Fin,2.0,667.0,TA,TA,Y,0,21,114,0,0,0,,,,0,7,2006,WD ,Normal,225000,98.38216003498033,high,130.7639366827254,5,1,53,53,3591.0,2.0,28
2728,2729,905300010,85,RL,72.0,10820,Pave,,Reg,Lvl,AllPub,Corner,Gtl,Sawyer,Feedr,Norm,1Fam,SFoyer,5,7,1971,1972,Gable,CompShg,HdBoard,HdBoard,BrkFace,153.0,TA,TA,PConc,Gd,TA,Av,GLQ,535.0,Rec,159.0,88.0,782.0,GasA,Ex,Y,SBrkr,810,0,0,810,1.0,0.0,1,0,2,1,TA,4,Typ,0,,Detchd,1973.0,Unf,2.0,576.0,TA,TA,Y,0,0,0,0,0,0,,MnPrv,,0,6,2006,WD ,Normal,130000,160.49382716049382,mid,119.66141788952947,38,0,35,34,1592.0,2.0,35
2729,2730,905300080,20,RL,100.0,13350,Pave,,IR1,Lvl,AllPub,Inside,Gtl,Sawyer,Norm,Norm,1Fam,1Story,5,5,1974,1974,Hip,CompShg,HdBoard,Plywood,,0.0,TA,TA,CBlock,TA,TA,No,ALQ,762.0,Unf,0.0,102.0,864.0,GasA,TA,Y,SBrkr,894,0,0,894,1.0,0.0,1,0,3,1,TA,5,Typ,1,Fa,Attchd,1974.0,Unf,2.0,440.0,TA,TA,Y,241,0,0,0,0,0,,MnPrv,,0,6,2006,WD ,Normal,142500,159.39597315436242,mid,119.66141788952947,38,0,32,32,1758.0,2.0,25
2730,2731,905351045,150,RL,,1700,Pave,,Reg,HLS,AllPub,Inside,Gtl,ClearCr,Norm,Norm,Twnhs,1.5Fin,7,5,1980,1981,Gable,CompShg,VinylSd,VinylSd,,0.0,Gd,TA,PConc,Gd,TA,Mn,GLQ,397.0,Unf,0.0,33.0,430.0,GasA,TA,Y,SBrkr,880,680,140,1700,1.0,0.0,2,1,2,1,Gd,7,Typ,0,,Basment,1980.0,Fin,1.0,450.0,Gd,TA,Y,188,36,0,0,200,0,,,,0,4,2006,WD ,Normal,148400,87.29411764705883,high,130.7639366827254,5,1,26,25,2130.0,3.5,35
2731,2732,905351150,120,RL,,5271,Pave,,IR1,Low,AllPub,Inside,Mod,ClearCr,Norm,Norm,1Fam,1Story,7,5,1986,1986,Gable,CompShg,Wd Sdng,Wd Sdng,,0.0,TA,TA,PConc,Gd,TA,Gd,GLQ,1082.0,Unf,0.0,371.0,1453.0,GasA,Gd,Y,SBrkr,1453,0,0,1453,1.0,0.0,1,1,2,1,Gd,6,Typ,1,TA,Attchd,1986.0,RFn,2.0,445.0,TA,TA,Y,0,80,0,0,184,0,,,,0,12,2006,WD ,Abnorml,190000,130.7639366827254,high,130.7639366827254,5,0,20,20,2906.0,2.5,35
2732,2733,905402110,20,RL,75.0,9375,Pave,,Reg,Lvl,AllPub,Corner,Gtl,Edwards,Norm,Norm,1Fam,1Story,4,5,1954,1954,Gable,CompShg,MetalSd,MetalSd,,0.0,TA,Gd,CBlock,TA,TA,No,Rec,799.0,Unf,0.0,168.0,967.0,GasA,Ex,Y,SBrkr,1350,0,0,1350,0.0,0.0,1,1,3,1,TA,6,Typ,1,Gd,Attchd,1954.0,RFn,2.0,504.0,TA,TA,Y,237,0,0,0,0,0,,,,0,6,2006,WD ,Normal,146000,108.14814814814815,mid,103.42252014318862,36,0,52,52,2317.0,1.5,20
2733,2734,905403050,50,RL,62.0,6488,Pave,,Reg,Lvl,AllPub,Inside,Gtl,Edwards,Norm,Norm,1Fam,1.5Fin,5,5,1942,1950,Gable,CompShg,BrkFace,Wd Sdng,,0.0,TA,TA,BrkTil,TA,TA,No,LwQ,230.0,Unf,0.0,569.0,799.0,GasA,Ex,N,FuseA,799,351,0,1150,0.0,0.0,1,0,3,1,TA,6,Mod,2,TA,BuiltIn,1942.0,Unf,1.0,215.0,TA,TA,Y,264,0,0,0,0,0,,,,0,3,2006,WD ,Family,128000,111.30434782608695,mid,103.42252014318862,36,0,64,56,1949.0,1.0,25
2734,2735,905426100,20,RL,78.0,7800,Pave,,Reg,Bnk,AllPub,Inside,Mod,Edwards,Norm,Norm,1Fam,2Story,5,8,1948,2002,Gable,CompShg,MetalSd,MetalSd,,0.0,TA,Gd,CBlock,TA,Gd,No,GLQ,603.0,Unf,0.0,293.0,896.0,GasA,Ex,Y,SBrkr,1112,896,0,2008,1.0,0.0,3,0,3,1,Ex,8,Typ,0,,Attchd,1948.0,Unf,1.0,230.0,TA,TA,Y,103,0,0,0,0,0,,,,0,8,2006,WD ,Normal,225000,112.05179282868527,mid,103.42252014318862,36,0,58,4,2904.0,4.0,40
2735,2736,905426150,80,RL,,19690,Pave,,IR1,Lvl,AllPub,CulDSac,Gtl,Edwards,Norm,Norm,1Fam,SLvl,6,7,1966,1966,Flat,Tar&Grv,Plywood,Plywood,,0.0,Gd,Gd,CBlock,Gd,TA,Av,Unf,0.0,Unf,0.0,697.0,697.0,GasA,TA,Y,SBrkr,1575,626,0,2201,0.0,0.0,2,0,4,1,Gd,8,Typ,1,Gd,Attchd,1966.0,Unf,2.0,432.0,Gd,Gd,Y,586,236,0,0,0,738,Gd,GdPrv,,0,8,2006,WD ,Alloca,274970,124.92957746478874,mid,103.42252014318862,36,0,40,40,2898.0,2.0,42
2736,2737,905427010,70,RL,114.0,19950,Pave,,Reg,Lvl,AllPub,Corner,Gtl,Edwards,Norm,Norm,1Fam,2Story,6,7,1928,1950,Gable,CompShg,WdShing,Plywood,,0.0,TA,TA,PConc,TA,TA,No,Unf,0.0,Unf,0.0,672.0,672.0,GasA,Ex,Y,SBrkr,1337,672,0,2009,0.0,0.0,2,0,4,1,TA,8,Typ,2,Gd,2Types,1928.0,Unf,3.0,795.0,TA,TA,P,0,42,0,0,180,0,,,,0,12,2006,WD ,Normal,235000,116.973618715779,mid,103.42252014318862,36,0,78,56,2681.0,2.0,42
2737,2738,905427030,75,RL,60.0,19800,Pave,,Reg,Lvl,AllPub,Inside,Gtl,Edwards,Norm,Norm,1Fam,2.5Unf,6,8,1935,1990,Gable,CompShg,BrkFace,Wd Sdng,,0.0,TA,TA,BrkTil,TA,TA,No,Rec,425.0,Unf,0.0,1411.0,1836.0,GasA,Gd,Y,SBrkr,1836,1836,0,3672,0.0,0.0,3,1,5,1,Gd,7,Typ,2,Gd,Detchd,1993.0,Unf,2.0,836.0,TA,TA,Y,684,80,32,0,0,0,,,,0,12,2006,WD ,Normal,415000,113.01742919389979,mid,103.42252014318862,36,0,71,16,5508.0,3.5,48
2738,2739,905427140,80,RL,78.0,11679,Pave,,IR1,Lvl,AllPub,Inside,Gtl,Edwards,Norm,Norm,1Fam,SLvl,5,5,1962,1962,Gable,CompShg,Plywood,Plywood,Stone,96.0,TA,TA,CBlock,TA,TA,Gd,ALQ,612.0,Rec,1164.0,0.0,1776.0,GasA,Ex,Y,SBrkr,1560,0,0,1560,0.0,1.0,2,0,3,1,TA,6,Min2,1,Fa,Attchd,1962.0,Fin,2.0,528.0,TA,TA,Y,453,253,144,0,0,0,,MnPrv,,0,5,2006,WD ,Normal,182000,116.66666666666667,mid,103.42252014318862,36,0,44,44,3336.0,2.5,25
2739,2740,905451050,20,RL,80.0,12048,Pave,,Reg,Lvl,AllPub,Inside,Gtl,Edwards,Norm,Norm,1Fam,1Story,5,6,1952,2002,Gable,CompShg,Wd Sdng,Wd Sdng,BrkFace,232.0,TA,TA,Slab,,,,,0.0,,0.0,0.0,0.0,GasA,Gd,Y,SBrkr,1488,0,0,1488,0.0,0.0,1,0,3,1,TA,7,Typ,1,Ex,Attchd,2002.0,RFn,2.0,569.0,TA,TA,Y,0,189,36,0,348,0,,,,0,4,2006,WD ,Normal,135000,90.7258064516129,mid,103.42252014318862,36,1,54,4,1488.0,1.0,30
2740,2741,905451410,20,RL,70.0,10519,Pave,,Reg,Lvl,AllPub,Inside,Gtl,Edwards,Norm,Norm,1Fam,1Story,5,8,1955,1999,Hip,CompShg,MetalSd,MetalSd,Stone,164.0,TA,TA,CBlock,TA,TA,Mn,Unf,0.0,Unf,0.0,1057.0,1057.0,GasA,Gd,Y,SBrkr,1057,0,0,1057,0.0,1.0,1,0,3,1,Gd,6,Typ,0,,Attchd,1955.0,Unf,1.0,288.0,TA,TA,Y,0,0,0,0,0,0,,,,0,3,2006,WD ,Normal,137000,129.6121097445601,mid,103.42252014318862,36,0,51,7,2114.0,1.5,40
2741,2742,905452140,50,RL,75.0,9525,Pave,,Reg,Lvl,AllPub,Inside,Gtl,Edwards,Norm,Norm,1Fam,1.5Fin,6,4,1954,1972,Gable,CompShg,Wd Sdng,Wd Sdng,,0.0,TA,TA,CBlock,TA,Fa,No,Rec,444.0,Unf,0.0,550.0,994.0,GasA,Gd,Y,SBrkr,1216,639,0,1855,0.0,0.0,2,0,4,1,TA,7,Typ,0,,Attchd,1954.0,Unf,1.0,325.0,TA,TA,Y,182,0,0,0,0,0,,,,0,10,2006,WD ,Normal,136900,73.80053908355795,mid,103.42252014318862,36,1,52,34,2849.0,2.0,24
2742,2743,905452150,50,RL,75.0,9525,Pave,,Reg,Lvl,AllPub,Inside,Gtl,Edwards,Norm,Norm,1Fam,1.5Fin,6,5,1953,1953,Gable,CompShg,MetalSd,MetalSd,,0.0,TA,TA,CBlock,TA,TA,No,LwQ,468.0,Unf,0.0,532.0,1000.0,GasA,TA,Y,SBrkr,1068,541,0,1609,0.0,0.0,1,1,5,1,TA,7,Typ,0,,Attchd,1953.0,Unf,1.0,305.0,Fa,TA,Y,0,0,0,0,0,0,,,,0,7,2006,WD ,Normal,149900,93.16345556246115,mid,103.42252014318862,36,0,53,53,2609.0,1.5,30
2743,2744,905475150,20,RL,57.0,6420,Pave,,IR1,Lvl,AllPub,Inside,Gtl,Edwards,Norm,Norm,1Fam,1Story,5,7,1952,1952,Gable,CompShg,Wd Sdng,Wd Sdng,,0.0,TA,TA,PConc,Ex,Gd,Mn,LwQ,210.0,ALQ,551.0,219.0,980.0,GasA,Fa,Y,FuseA,1148,0,0,1148,0.0,1.0,1,0,2,1,TA,6,Typ,0,,Detchd,1952.0,Unf,1.0,308.0,TA,TA,Y,0,0,0,0,0,0,,,,0,9,2006,WD ,Normal,123500,107.57839721254355,mid,103.42252014318862,36,0,54,54,2128.0,1.5,35
2744,2745,905477010,20,RL,77.0,8335,Pave,,Reg,Lvl,AllPub,Corner,Gtl,Edwards,Norm,Norm,1Fam,1Story,5,5,1954,1954,Gable,CompShg,Wd Sdng,Wd Sdng,,0.0,TA,TA,Slab,,,,,0.0,,0.0,0.0,0.0,GasA,Gd,Y,SBrkr,1124,0,0,1124,0.0,0.0,1,0,3,1,TA,5,Min2,1,Gd,,,,0.0,0.0,,,N,0,36,190,0,0,0,,,,0,4,2006,WD ,Normal,93000,82.74021352313167,mid,103.42252014318862,36,1,52,52,1124.0,1.0,25
2745,2746,905480160,50,RL,50.0,7585,Pave,,Reg,Lvl,AllPub,Inside,Gtl,Edwards,Artery,Norm,1Fam,1.5Fin,5,3,1948,1950,Gable,CompShg,MetalSd,MetalSd,,0.0,TA,TA,CBlock,Fa,Fa,Mn,Unf,0.0,Unf,0.0,810.0,810.0,GasA,Fa,Y,FuseA,1002,454,0,1456,1.0,1.0,1,0,4,1,TA,7,Typ,1,TA,Detchd,1954.0,Unf,1.0,280.0,TA,TA,P,0,0,0,0,0,0,,,,0,8,2006,WD ,Normal,91500,62.84340659340659,mid,103.42252014318862,36,1,58,56,2266.0,2.5,15
2746,2747,906202040,20,RL,,11200,Pave,,Reg,Lvl,AllPub,Inside,Gtl,SawyerW,Norm,Norm,1Fam,1Story,6,5,1985,1985,Gable,CompShg,Wd Sdng,Wd Shng,BrkFace,85.0,Gd,TA,CBlock,Gd,TA,No,GLQ,1258.0,Unf,0.0,40.0,1298.0,GasA,TA,Y,SBrkr,1298,0,0,1298,1.0,0.0,2,0,3,1,Gd,5,Typ,1,TA,Attchd,1985.0,Unf,2.0,403.0,TA,TA,Y,165,26,0,0,0,0,,,,0,5,2006,WD ,Normal,180000,138.6748844375963,mid,123.03290414878397,15,0,21,21,2596.0,3.0,30
2747,2748,906204180,60,RL,88.0,12128,Pave,,IR1,Bnk,AllPub,Inside,Gtl,SawyerW,Norm,Norm,1Fam,2Story,6,4,1989,1989,Gable,CompShg,HdBoard,HdBoard,BrkFace,232.0,Gd,TA,CBlock,Gd,TA,No,ALQ,549.0,Unf,0.0,319.0,868.0,GasA,Ex,Y,SBrkr,1313,1246,0,2559,0.0,0.0,2,1,4,1,Ex,9,Typ,1,TA,Attchd,1989.0,RFn,2.0,506.0,TA,TA,Y,0,245,0,0,168,0,,MnPrv,,0,11,2006,WD ,Abnorml,209000,81.67252833137944,mid,123.03290414878397,15,1,17,17,3427.0,2.5,24
2748,2749,906223180,60,RL,80.0,9554,Pave,,IR1,Lvl,AllPub,Inside,Gtl,SawyerW,Norm,Norm,1Fam,2Story,8,5,1993,1994,Gable,CompShg,VinylSd,VinylSd,BrkFace,125.0,Gd,TA,PConc,Gd,TA,No,GLQ,380.0,Unf,0.0,397.0,777.0,GasA,Ex,Y,SBrkr,1065,846,0,1911,0.0,0.0,2,1,3,1,Gd,8,Typ,1,TA,Attchd,1993.0,RFn,2.0,471.0,TA,TA,Y,182,81,0,0,0,0,,,,0,9,2006,WD ,Normal,215000,112.50654107796964,high,114.88250652741515,5,0,13,12,2688.0,2.5,40
2749,2750,906225180,90,RL,73.0,9069,Pave,,Reg,Lvl,AllPub,Inside,Gtl,SawyerW,Norm,Norm,Duplex,SFoyer,6,8,1993,1993,Gable,CompShg,HdBoard,HdBoard,,0.0,Gd,Gd,PConc,Gd,TA,Av,LwQ,261.0,GLQ,1083.0,0.0,1344.0,GasA,Gd,Y,SBrkr,1440,0,0,1440,2.0,0.0,2,0,2,2,Gd,8,Typ,0,,Attchd,1993.0,Unf,4.0,920.0,TA,TA,Y,288,0,0,0,0,0,,,,0,4,2006,WD ,Normal,224500,155.90277777777777,mid,123.03290414878397,15,0,13,13,2784.0,4.0,48
2750,2751,906380110,60,RL,133.0,11003,Pave,,IR2,Lvl,AllPub,Inside,Gtl,CollgCr,Norm,Norm,1Fam,2Story,7,5,2005,2006,Gable,CompShg,VinylSd,VinylSd,,0.0,Gd,TA,PConc,Gd,TA,No,Unf,0.0,Unf,0.0,1308.0,1308.0,GasA,Ex,Y,SBrkr,1308,568,0,1876,0.0,0.0,2,1,3,1,Gd,7,Typ,0,,BuiltIn,2005.0,RFn,3.0,848.0,TA,TA,Y,0,40,0,0,0,0,,,,0,7,2006,New,Partial,229800,122.49466950959489,high,125.99318955732123,41,0,1,0,3184.0,2.5,35
2751,2752,906380150,20,RL,64.0,7488,Pave,,IR1,Lvl,AllPub,Inside,Gtl,CollgCr,Norm,Norm,1Fam,1Story,7,5,2005,2005,Gable,CompShg,VinylSd,VinylSd,,0.0,Gd,TA,PConc,Gd,TA,Av,GLQ,393.0,Unf,0.0,815.0,1208.0,GasA,Ex,Y,SBrkr,1208,0,0,1208,0.0,0.0,2,0,2,1,Gd,6,Typ,0,,Attchd,2005.0,RFn,2.0,632.0,TA,TA,Y,105,58,0,0,0,0,,,,0,2,2006,WD ,Abnorml,183600,151.98675496688742,high,125.99318955732123,41,0,1,1,2416.0,2.0,35
2752,2753,906380170,20,RL,64.0,7406,Pave,,Reg,Lvl,AllPub,Inside,Gtl,CollgCr,Norm,Norm,1Fam,1Story,7,5,2006,2006,Gable,CompShg,VinylSd,VinylSd,Stone,84.0,Gd,TA,PConc,Gd,TA,Av,GLQ,684.0,Unf,0.0,515.0,1199.0,GasA,Ex,Y,SBrkr,1220,0,0,1220,1.0,0.0,2,0,2,1,Gd,6,Typ,0,,Attchd,2006.0,RFn,2.0,632.0,TA,TA,Y,105,54,0,0,0,0,,,,0,7,2006,New,Partial,194000,159.01639344262296,high,125.99318955732123,41,0,0,0,2419.0,3.0,35
2753,2754,906380180,20,RL,64.0,6762,Pave,,Reg,Lvl,AllPub,Inside,Gtl,CollgCr,Norm,Norm,1Fam,1Story,7,5,2006,2006,Gable,CompShg,VinylSd,VinylSd,,0.0,Gd,TA,PConc,Gd,Gd,Av,Unf,0.0,Unf,0.0,1286.0,1286.0,GasA,Ex,Y,SBrkr,1294,0,0,1294,0.0,0.0,2,0,2,1,Gd,6,Typ,1,Gd,Attchd,2006.0,RFn,2.0,662.0,TA,TA,Y,168,55,0,0,0,0,,,,0,7,2006,New,Partial,193879,149.82921174652242,high,125.99318955732123,41,0,0,0,2580.0,2.0,35
2754,2755,906382030,20,RL,86.0,11210,Pave,,IR1,Lvl,AllPub,Inside,Gtl,CollgCr,Norm,Norm,1Fam,1Story,7,5,2005,2006,Gable,CompShg,VinylSd,VinylSd,BrkFace,240.0,Gd,TA,PConc,Gd,TA,Av,GLQ,20.0,Unf,0.0,1594.0,1614.0,GasA,Ex,Y,SBrkr,1614,0,0,1614,0.0,0.0,2,0,3,1,Gd,7,Typ,0,,Attchd,2005.0,RFn,3.0,865.0,TA,TA,Y,144,59,0,0,0,0,,,,0,7,2006,New,Partial,221500,137.23667905824038,high,125.99318955732123,41,0,1,0,3228.0,2.0,35
2755,2756,906382040,20,RL,73.0,8990,Pave,,IR1,Lvl,AllPub,Inside,Gtl,CollgCr,Norm,Norm,1Fam,1Story,7,5,2006,2006,Gable,CompShg,VinylSd,VinylSd,,0.0,Gd,TA,PConc,Gd,TA,Mn,Unf,0.0,Unf,0.0,1498.0,1498.0,GasA,Ex,Y,SBrkr,1498,0,0,1498,0.0,0.0,2,0,2,1,Gd,5,Typ,0,,Attchd,2006.0,RFn,2.0,675.0,TA,TA,Y,351,33,0,0,0,0,,,,0,4,2006,New,Partial,204900,136.78237650200268,high,125.99318955732123,41,0,0,0,2996.0,2.0,35
2756,2757,906382050,60,RL,73.0,8760,Pave,,Reg,Lvl,AllPub,Inside,Gtl,CollgCr,Norm,Norm,1Fam,2Story,7,5,2006,2006,Gable,CompShg,VinylSd,VinylSd,,0.0,Gd,TA,PConc,Gd,Gd,Mn,GLQ,464.0,Unf,0.0,927.0,1391.0,GasA,Ex,Y,SBrkr,1391,571,0,1962,0.0,0.0,2,1,3,1,Gd,7,Typ,0,,Attchd,2006.0,RFn,3.0,868.0,TA,TA,Y,0,90,0,0,0,0,,,,0,8,2006,New,Partial,239799,122.2217125382263,high,125.99318955732123,41,0,0,0,3353.0,2.5,35
2757,2758,906392090,20,RL,90.0,13377,Pave,,Reg,Lvl,AllPub,Corner,Gtl,CollgCr,Norm,Norm,1Fam,1Story,6,5,2006,2006,Hip,CompShg,VinylSd,VinylSd,,0.0,Gd,TA,PConc,Gd,TA,No,GLQ,1576.0,Unf,0.0,260.0,1836.0,GasA,Gd,Y,SBrkr,1846,0,0,1846,1.0,0.0,2,0,3,1,Gd,7,Typ,1,Gd,Attchd,2006.0,RFn,2.0,495.0,TA,TA,Y,0,32,0,0,0,0,,,,0,7,2006,New,Partial,233555,126.51950162513543,mid,135.72542901716068,19,0,0,0,3682.0,3.0,30
2758,2759,906392100,20,RL,78.0,11645,Pave,,Reg,Lvl,AllPub,Inside,Gtl,CollgCr,Norm,Norm,1Fam,1Story,7,5,2005,2005,Gable,CompShg,VinylSd,VinylSd,,0.0,Gd,TA,PConc,Gd,TA,Av,GLQ,1300.0,Unf,0.0,434.0,1734.0,GasA,Ex,Y,SBrkr,1734,0,0,1734,1.0,0.0,2,0,3,1,Gd,7,Typ,0,,Attchd,2005.0,Fin,2.0,660.0,TA,TA,Y,160,24,0,0,0,0,,,,0,1,2006,WD ,Normal,260000,149.94232987312571,high,125.99318955732123,41,0,1,1,3468.0,3.0,35
2759,2760,906392120,20,RL,78.0,11645,Pave,,Reg,Lvl,AllPub,Inside,Gtl,CollgCr,Norm,Norm,1Fam,1Story,8,5,2005,2006,Hip,CompShg,VinylSd,VinylSd,BrkFace,198.0,Gd,TA,PConc,Ex,TA,Gd,GLQ,1122.0,Unf,0.0,448.0,1570.0,GasA,Ex,Y,SBrkr,1590,0,0,1590,1.0,0.0,2,1,2,1,Ex,6,Typ,0,,Attchd,2005.0,Fin,3.0,754.0,TA,TA,Y,176,80,0,0,0,0,,,,0,8,2006,New,Partial,294900,185.47169811320754,high,125.99318955732123,41,0,1,0,3160.0,3.5,40
2760,2761,906394010,60,RL,91.0,10984,Pave,,IR1,Lvl,AllPub,Corner,Gtl,CollgCr,Norm,Norm,1Fam,2Story,7,5,2005,2006,Gable,CompShg,VinylSd,VinylSd,,0.0,Gd,TA,PConc,Gd,TA,Gd,Unf,0.0,Unf,0.0,945.0,945.0,GasA,Ex,Y,SBrkr,945,864,0,1809,0.0,0.0,2,1,3,1,Gd,8,Typ,0,,Attchd,2005.0,RFn,2.0,638.0,TA,TA,Y,144,54,0,0,0,0,,,,0,5,2006,New,Partial,209700,115.92039800995025,high,125.99318955732123,41,0,1,0,2754.0,2.5,35
2761,2762,906394040,20,RL,78.0,9316,Pave,,Reg,Lvl,AllPub,Inside,Gtl,CollgCr,Norm,Norm,1Fam,1Story,7,5,2005,2005,Gable,CompShg,VinylSd,VinylSd,BrkFace,140.0,Gd,TA,PConc,Gd,TA,Gd,GLQ,56.0,Unf,0.0,1558.0,1614.0,GasA,Ex,Y,SBrkr,1614,0,0,1614,0.0,0.0,2,0,3,1,Gd,7,Typ,1,Gd,Attchd,2005.0,Fin,2.0,576.0,TA,TA,Y,100,45,0,0,0,0,,,,0,3,2006,WD ,Normal,225000,139.40520446096653,high,125.99318955732123,41,0,1,1,3228.0,2.0,35
2762,2763,906394060,60,RL,78.0,9316,Pave,,IR1,Lvl,AllPub,Inside,Gtl,CollgCr,Norm,Norm,1Fam,2Story,7,5,2005,2005,Gable,CompShg,VinylSd,VinylSd,BrkFace,532.0,Gd,TA,PConc,Gd,TA,Av,Unf,0.0,Unf,0.0,784.0,784.0,GasA,Ex,Y,SBrkr,784,812,0,1596,0.0,0.0,2,1,3,1,Gd,6,Typ,0,,Attchd,2005.0,RFn,2.0,610.0,TA,TA,Y,144,45,0,0,0,0,,,,0,6,2006,WD ,Normal,181000,113.40852130325814,high,125.99318955732123,41,0,1,1,2380.0,2.5,35
2763,2764,906420020,60,RL,80.0,10041,Pave,,IR1,Lvl,AllPub,Inside,Gtl,SawyerW,Norm,Norm,1Fam,2Story,8,5,1992,1992,Gable,CompShg,HdBoard,HdBoard,,0.0,Gd,TA,PConc,Gd,TA,Mn,GLQ,789.0,Unf,0.0,119.0,908.0,GasA,Ex,Y,SBrkr,927,988,0,1915,1.0,0.0,2,1,3,1,Gd,8,Typ,1,TA,Attchd,1992.0,Fin,2.0,506.0,TA,TA,Y,120,150,0,0,0,0,,,,0,2,2006,WD ,Abnorml,220000,114.88250652741515,high,114.88250652741515,5,0,14,14,2823.0,3.5,40
2764,2765,906426090,20,RL,,36500,Pave,,IR1,Low,AllPub,Inside,Mod,ClearCr,Norm,Norm,1Fam,1Story,5,5,1964,1964,Gable,CompShg,Wd Sdng,Wd Sdng,BrkCmn,621.0,TA,Gd,CBlock,TA,TA,Av,Rec,812.0,Unf,0.0,812.0,1624.0,GasA,Fa,Y,SBrkr,1582,0,0,1582,0.0,1.0,2,0,4,1,TA,7,Typ,0,,Attchd,1964.0,Unf,2.0,390.0,TA,TA,N,168,198,0,0,0,0,,,,0,6,2006,WD ,Normal,190000,120.10113780025284,mid,120.10113780025284,5,0,42,42,3206.0,2.5,25
2765,2766,906475050,80,RL,,21453,Pave,,IR1,Low,AllPub,CulDSac,Sev,ClearCr,Norm,Norm,1Fam,SLvl,6,5,1969,1969,Flat,Metal,Plywood,Plywood,,0.0,TA,TA,CBlock,TA,TA,Gd,ALQ,938.0,Unf,0.0,0.0,938.0,GasA,Ex,Y,SBrkr,988,0,0,988,1.0,0.0,1,0,1,1,TA,4,Typ,2,TA,Attchd,1969.0,Unf,2.0,540.0,TA,TA,Y,0,130,0,130,0,0,,,,0,10,2006,WD ,Normal,180000,182.18623481781376,mid,120.10113780025284,5,0,37,37,1926.0,2.0,30
2766,2767,906475200,20,RL,62.0,70761,Pave,,IR1,Low,AllPub,Inside,Mod,ClearCr,Norm,Norm,1Fam,1Story,7,5,1975,1975,Gable,WdShngl,Plywood,Plywood,,0.0,TA,TA,CBlock,Gd,TA,Gd,ALQ,655.0,Unf,0.0,878.0,1533.0,GasA,TA,Y,SBrkr,1533,0,0,1533,1.0,0.0,2,0,2,1,Gd,5,Typ,2,TA,Attchd,1975.0,Unf,2.0,576.0,TA,TA,Y,200,54,0,0,0,0,,,,0,12,2006,WD ,Normal,280000,182.64840182648402,high,130.7639366827254,5,0,31,31,3066.0,3.0,35
2767,2768,906476140,20,RL,80.0,12000,Pave,,Reg,Lvl,AllPub,Inside,Gtl,ClearCr,Norm,Norm,1Fam,1Story,6,5,1968,1968,Gable,CompShg,Plywood,Plywood,,0.0,TA,Fa,CBlock,Gd,Fa,No,LwQ,853.0,Unf,0.0,535.0,1388.0,GasA,Gd,Y,SBrkr,1388,0,0,1388,1.0,0.0,2,0,3,1,TA,6,Typ,1,Po,Attchd,1968.0,RFn,2.0,522.0,TA,TA,Y,0,58,0,0,0,0,,,,0,7,2006,COD,Abnorml,158900,114.48126801152738,mid,120.10113780025284,5,0,38,38,2776.0,3.0,30
2768,2769,907125020,85,RL,57.0,8846,Pave,,IR1,Lvl,AllPub,CulDSac,Gtl,CollgCr,Norm,Norm,1Fam,SFoyer,5,5,1996,1996,Gable,CompShg,VinylSd,VinylSd,,0.0,Gd,TA,PConc,Gd,TA,Av,GLQ,298.0,Unf,0.0,572.0,870.0,GasA,Ex,Y,SBrkr,914,0,0,914,0.0,0.0,1,0,2,1,TA,5,Typ,0,,Detchd,1998.0,Unf,2.0,576.0,TA,TA,Y,0,0,0,0,0,0,,,,0,7,2006,WD ,Normal,148000,161.92560175054706,mid,135.72542901716068,19,0,10,10,1784.0,1.0,25
2769,2770,907125080,20,RL,95.0,13015,Pave,,Reg,Lvl,AllPub,Corner,Gtl,CollgCr,Norm,Norm,1Fam,1Story,5,6,1996,1996,Gable,CompShg,VinylSd,VinylSd,,0.0,TA,Gd,PConc,Gd,TA,No,Unf,0.0,Unf,0.0,1100.0,1100.0,GasA,Ex,Y,SBrkr,1100,0,0,1100,0.0,0.0,1,1,3,1,TA,5,Typ,0,,Attchd,1996.0,RFn,2.0,462.0,TA,TA,Y,0,0,0,0,0,0,,,,0,6,2006,WD ,Normal,145000,131.8181818181818,mid,135.72542901716068,19,0,10,10,2200.0,1.5,30
2770,2771,907130110,60,RL,65.0,12438,Pave,,IR1,Lvl,AllPub,Inside,Gtl,CollgCr,PosN,Norm,1Fam,2Story,6,5,1995,1995,Gable,CompShg,VinylSd,VinylSd,BrkFace,68.0,Gd,TA,PConc,Gd,TA,No,Unf,0.0,Unf,0.0,781.0,781.0,GasA,Ex,Y,SBrkr,795,704,0,1499,0.0,0.0,2,1,3,1,Gd,6,Typ,1,TA,Attchd,1995.0,RFn,2.0,473.0,TA,TA,Y,413,91,0,0,0,0,,,,0,8,2006,WD ,Normal,187000,124.7498332221481,mid,135.72542901716068,19,0,11,11,2280.0,2.5,30
2771,2772,907131070,20,RL,,8685,Pave,,IR1,Lvl,AllPub,CulDSac,Gtl,CollgCr,Norm,Norm,1Fam,1Story,7,5,1998,1998,Gable,CompShg,VinylSd,VinylSd,,0.0,TA,TA,PConc,Gd,TA,Mn,GLQ,846.0,Unf,0.0,579.0,1425.0,GasA,Ex,Y,SBrkr,1425,0,0,1425,1.0,0.0,2,0,3,1,TA,5,Typ,0,,Attchd,1998.0,RFn,2.0,591.0,TA,TA,Y,0,130,0,0,0,0,,,,0,5,2006,WD ,Normal,193000,135.43859649122808,high,125.99318955732123,41,0,8,8,2850.0,3.0,35
2772,2773,907135230,20,RL,43.0,13568,Pave,,IR2,Lvl,AllPub,CulDSac,Gtl,CollgCr,Norm,Norm,1Fam,1Story,5,5,1995,1995,Gable,CompShg,VinylSd,VinylSd,,0.0,TA,TA,PConc,Gd,TA,No,ALQ,716.0,Unf,0.0,274.0,990.0,GasA,Ex,Y,SBrkr,990,0,0,990,0.0,1.0,1,0,3,1,TA,5,Typ,0,,Attchd,1996.0,Unf,2.0,576.0,TA,TA,Y,224,0,0,0,0,0,,,,0,7,2006,WD ,Normal,156000,157.57575757575756,mid,135.72542901716068,19,0,11,11,1980.0,1.5,25
2773,2774,907175030,20,RL,70.0,9100,Pave,,Reg,Lvl,AllPub,Inside,Gtl,CollgCr,Norm,Norm,1Fam,1Story,7,5,2000,2000,Gable,CompShg,VinylSd,VinylSd,BrkFace,244.0,Gd,TA,PConc,Gd,TA,Av,GLQ,1400.0,Unf,0.0,125.0,1525.0,GasA,Ex,Y,SBrkr,1525,0,0,1525,1.0,0.0,2,0,3,1,Gd,6,Typ,0,,Attchd,2000.0,RFn,2.0,541.0,TA,TA,Y,219,36,0,0,0,0,,,,0,9,2006,WD ,Normal,235000,154.0983606557377,high,125.99318955732123,41,0,6,6,3050.0,3.0,35
2774,2775,907175060,20,RL,79.0,9236,Pave,,IR1,Lvl,AllPub,Inside,Gtl,CollgCr,Norm,Norm,1Fam,1Story,6,5,1997,1997,Gable,CompShg,VinylSd,VinylSd,,0.0,TA,Gd,PConc,Gd,TA,Gd,GLQ,1200.0,Unf,0.0,279.0,1479.0,GasA,Ex,Y,SBrkr,1494,0,0,1494,1.0,0.0,2,0,3,1,Gd,6,Typ,0,,Attchd,1997.0,RFn,2.0,576.0,TA,TA,Y,168,27,0,0,0,0,,,,0,7,2006,WD ,Normal,217000,145.24765729585008,mid,135.72542901716068,19,0,9,9,2973.0,3.0,30
2775,2776,907180120,20,RL,78.0,10264,Pave,,IR1,Lvl,AllPub,Inside,Gtl,CollgCr,Norm,Norm,1Fam,1Story,7,5,1999,1999,Gable,CompShg,VinylSd,VinylSd,BrkFace,183.0,Gd,TA,PConc,Gd,TA,Av,ALQ,1162.0,Unf,0.0,426.0,1588.0,GasA,Ex,Y,SBrkr,1588,0,0,1588,0.0,0.0,2,0,3,1,Gd,6,Typ,0,,Attchd,1999.0,RFn,2.0,472.0,TA,TA,Y,158,29,0,0,0,0,,,,0,8,2006,WD ,Normal,214000,134.76070528967256,high,125.99318955732123,41,0,7,7,3176.0,2.0,35
2776,2777,907181090,60,RL,68.0,9272,Pave,,IR1,Lvl,AllPub,Inside,Gtl,CollgCr,Norm,Norm,1Fam,2Story,7,5,1999,1999,Gable,CompShg,VinylSd,VinylSd,,0.0,Gd,TA,PConc,Gd,TA,No,GLQ,500.0,Unf,0.0,342.0,842.0,GasA,Ex,Y,SBrkr,856,893,0,1749,0.0,0.0,2,1,3,1,Gd,7,Typ,0,,Attchd,1999.0,RFn,2.0,515.0,TA,TA,Y,140,85,0,0,0,0,,,,0,6,2006,WD ,Normal,196000,112.06403659233848,high,125.99318955732123,41,1,7,7,2591.0,2.5,35
2777,2778,907187010,60,RL,72.0,13426,Pave,,IR1,Lvl,AllPub,Corner,Gtl,CollgCr,Norm,Norm,1Fam,2Story,7,5,1999,2000,Gable,CompShg,VinylSd,VinylSd,,0.0,Gd,TA,PConc,Gd,TA,Mn,GLQ,894.0,Unf,0.0,57.0,951.0,GasA,Ex,Y,SBrkr,951,828,0,1779,1.0,0.0,2,1,3,1,Gd,7,Typ,1,TA,Attchd,1999.0,Fin,2.0,586.0,TA,TA,Y,208,107,0,0,0,0,,,,0,9,2006,WD ,Normal,217000,121.97863968521641,high,125.99318955732123,41,0,7,6,2730.0,3.5,35
2778,2779,907192010,60,RL,95.0,13450,Pave,,IR1,Lvl,AllPub,Corner,Gtl,CollgCr,Norm,Norm,1Fam,2Story,7,5,2002,2002,Gable,CompShg,VinylSd,VinylSd,,0.0,Gd,TA,PConc,Gd,TA,No,GLQ,700.0,Unf,0.0,216.0,916.0,GasA,Ex,Y,SBrkr,920,941,0,1861,1.0,0.0,2,1,3,1,Gd,8,Typ,0,,BuiltIn,2002.0,RFn,2.0,492.0,TA,TA,Y,146,91,0,0,0,0,,,,0,6,2006,WD ,Normal,200000,107.46910263299301,high,125.99318955732123,41,1,4,4,2777.0,3.5,35
2779,2780,907194130,60,RL,65.0,14006,Pave,,IR1,Lvl,AllPub,Inside,Gtl,CollgCr,Norm,Norm,1Fam,2Story,7,5,2002,2002,Gable,CompShg,VinylSd,VinylSd,BrkFace,144.0,Gd,TA,PConc,Gd,TA,,Unf,0.0,Unf,0.0,936.0,936.0,GasA,Ex,Y,SBrkr,936,840,0,1776,0.0,0.0,2,1,3,1,Gd,7,Typ,1,TA,Attchd,2002.0,RFn,2.0,474.0,TA,TA,Y,144,96,0,0,0,0,,,,0,2,2006,WD ,Normal,192500,108.38963963963964,high,125.99318955732123,41,1,4,4,2712.0,2.5,35
2780,2781,907196020,20,RL,118.0,13704,Pave,,IR1,Lvl,AllPub,Corner,Gtl,CollgCr,Norm,Norm,1Fam,1Story,7,5,2001,2002,Gable,CompShg,VinylSd,VinylSd,BrkFace,150.0,Gd,TA,PConc,Gd,TA,No,Unf,0.0,Unf,0.0,1541.0,1541.0,GasA,Ex,Y,SBrkr,1541,0,0,1541,0.0,0.0,2,0,3,1,Gd,6,Typ,1,TA,Attchd,2001.0,RFn,3.0,843.0,TA,TA,Y,468,81,0,0,0,0,,,,0,1,2006,WD ,Normal,205000,133.03049967553537,high,125.99318955732123,41,0,5,4,3082.0,2.0,35
2781,2782,907200170,80,RL,55.0,10780,Pave,,IR1,Lvl,AllPub,Inside,Gtl,CollgCr,Norm,Norm,1Fam,SLvl,5,5,1976,1976,Gable,CompShg,MetalSd,MetalSd,,0.0,TA,TA,CBlock,TA,TA,Av,ALQ,483.0,Unf,0.0,428.0,911.0,GasA,Gd,Y,SBrkr,954,0,0,954,0.0,0.0,1,0,3,1,TA,6,Typ,0,,Detchd,1976.0,Unf,2.0,576.0,TA,TA,Y,0,0,0,0,0,0,,,,0,7,2006,WD ,Normal,132500,138.88888888888889,mid,135.72542901716068,19,0,30,30,1865.0,1.0,25
2782,2783,907201160,60,RL,50.0,8340,Pave,,IR1,Lvl,AllPub,Inside,Gtl,CollgCr,Norm,Norm,1Fam,2Story,6,6,1977,1977,Gable,CompShg,HdBoard,Plywood,BrkFace,62.0,TA,TA,CBlock,Gd,TA,Av,GLQ,509.0,Unf,0.0,166.0,675.0,GasA,TA,Y,SBrkr,686,702,0,1388,0.0,0.0,1,1,3,1,TA,6,Typ,0,,Attchd,1977.0,Unf,1.0,317.0,TA,TA,Y,406,36,0,0,0,0,,,,0,12,2006,WD ,Normal,157500,113.47262247838617,mid,135.72542901716068,19,1,29,29,2063.0,1.5,36
2783,2784,907201230,80,RL,42.0,10385,Pave,,IR1,Lvl,AllPub,CulDSac,Gtl,CollgCr,Norm,Norm,1Fam,SLvl,6,6,1978,1978,Gable,CompShg,HdBoard,HdBoard,BrkFace,123.0,TA,TA,CBlock,TA,Gd,Av,ALQ,595.0,LwQ,400.0,0.0,995.0,GasA,TA,Y,SBrkr,1282,0,0,1282,0.0,1.0,2,0,3,1,TA,6,Typ,0,,Detchd,1989.0,Unf,3.0,672.0,Fa,TA,Y,386,0,0,0,0,0,,,,0,4,2006,WD ,Normal,174000,135.72542901716068,mid,135.72542901716068,19,0,28,28,2277.0,2.5,36
2784,2785,907202140,20,RL,69.0,9920,Pave,,IR1,Lvl,AllPub,Inside,Gtl,CollgCr,Norm,Norm,1Fam,1Story,5,6,1969,1969,Gable,CompShg,HdBoard,Plywood,,0.0,TA,TA,CBlock,Gd,TA,Gd,ALQ,523.0,Unf,0.0,448.0,971.0,GasA,TA,Y,SBrkr,971,0,0,971,0.0,0.0,1,1,3,1,TA,5,Typ,1,Po,Attchd,1969.0,Unf,1.0,300.0,TA,TA,Y,0,0,0,0,0,0,,,,0,5,2006,WD ,Normal,128500,132.33779608650875,mid,135.72542901716068,19,0,37,37,1942.0,1.5,30
2785,2786,907203010,20,RL,120.0,9560,Pave,,IR1,Lvl,AllPub,Corner,Gtl,CollgCr,Norm,Norm,1Fam,1Story,5,7,1972,1972,Hip,CompShg,MetalSd,MetalSd,,0.0,TA,Gd,CBlock,TA,TA,Mn,Rec,360.0,Unf,0.0,504.0,864.0,GasA,Ex,Y,SBrkr,864,0,0,864,0.0,0.0,1,0,3,1,TA,5,Typ,0,,Attchd,1972.0,RFn,1.0,288.0,TA,TA,Y,0,0,0,0,0,0,,,,0,6,2006,WD ,Normal,128500,148.72685185185185,mid,135.72542901716068,19,0,34,34,1728.0,1.0,35
2786,2787,907203040,20,RL,70.0,9800,Pave,,Reg,Lvl,AllPub,Corner,Gtl,CollgCr,Norm,Norm,1Fam,1Story,5,7,1972,1972,Gable,CompShg,VinylSd,VinylSd,,0.0,TA,TA,PConc,TA,TA,No,ALQ,894.0,Unf,0.0,0.0,894.0,GasA,TA,Y,SBrkr,894,0,0,894,1.0,0.0,1,0,3,1,TA,5,Typ,0,,Attchd,1975.0,Unf,2.0,552.0,TA,TA,Y,256,0,0,0,0,0,,GdWo,,0,7,2006,WD ,Abnorml,149900,167.67337807606265,mid,135.72542901716068,19,0,34,34,1788.0,2.0,35
2787,2788,907227090,20,RL,60.0,7200,Pave,,Reg,Low,AllPub,Inside,Gtl,CollgCr,Norm,Norm,1Fam,1Story,5,8,1972,1972,Gable,CompShg,VinylSd,VinylSd,,0.0,TA,TA,CBlock,TA,TA,No,BLQ,437.0,Unf,0.0,427.0,864.0,GasA,Ex,Y,SBrkr,864,0,0,864,0.0,0.0,1,0,3,1,TA,5,Typ,0,,Detchd,1977.0,Unf,1.0,297.0,TA,TA,Y,0,0,0,0,0,0,,MnPrv,,0,3,2006,WD ,Normal,119900,138.77314814814815,mid,135.72542901716068,19,0,34,34,1728.0,1.0,40
2788,2789,907230240,160,RH,,3612,Pave,,IR1,Lvl,AllPub,Inside,Gtl,Landmrk,Norm,Norm,Twnhs,2Story,6,5,1993,1994,Gable,CompShg,VinylSd,VinylSd,,0.0,TA,TA,PConc,Gd,TA,No,GLQ,338.0,Unf,0.0,292.0,630.0,GasA,Ex,Y,SBrkr,630,690,0,1320,0.0,0.0,2,1,3,1,TA,5,Typ,0,,Detchd,1993.0,Unf,2.0,484.0,TA,TA,Y,0,48,0,0,0,0,,MnPrv,,0,6,2006,WD ,Normal,137000,103.78787878787878,mid,103.78787878787878,1,0,13,12,1950.0,2.5,30
2789,2790,907251100,60,RL,90.0,11367,Pave,,Reg,Lvl,AllPub,Corner,Gtl,CollgCr,Norm,Norm,1Fam,2Story,8,5,2002,2002,Gable,CompShg,VinylSd,VinylSd,BrkFace,210.0,Gd,TA,PConc,Gd,TA,Mn,GLQ,932.0,Unf,0.0,133.0,1065.0,GasA,Ex,Y,SBrkr,1091,898,0,1989,1.0,0.0,2,1,3,1,Gd,7,Typ,1,Gd,Attchd,2002.0,Fin,2.0,586.0,TA,TA,Y,199,60,0,0,0,0,,,,0,11,2006,WD ,Normal,255000,128.2051282051282,high,125.99318955732123,41,0,4,4,3054.0,3.5,40
2790,2791,907252050,60,RL,,9930,Pave,,IR1,Lvl,AllPub,Inside,Gtl,CollgCr,Norm,Norm,1Fam,2Story,7,5,2002,2002,Gable,CompShg,VinylSd,VinylSd,BrkFace,199.0,Gd,TA,PConc,Gd,TA,No,GLQ,456.0,Unf,0.0,370.0,826.0,GasA,Ex,Y,SBrkr,878,884,0,1762,0.0,0.0,2,1,3,1,Gd,6,Typ,0,,Attchd,2002.0,Fin,2.0,591.0,TA,TA,Y,320,54,0,0,0,0,,,,0,7,2006,WD ,Normal,222000,125.99318955732123,high,125.99318955732123,41,0,4,4,2588.0,2.5,35
2791,2792,907254050,60,RL,45.0,9468,Pave,,IR2,Lvl,AllPub,CulDSac,Gtl,CollgCr,Norm,Norm,1Fam,2Story,6,5,1999,1999,Gable,CompShg,VinylSd,VinylSd,BrkFace,148.0,TA,TA,PConc,Gd,TA,Mn,GLQ,639.0,Unf,0.0,201.0,840.0,GasA,Ex,Y,SBrkr,840,915,0,1755,1.0,0.0,2,1,3,1,TA,7,Typ,1,TA,Attchd,1999.0,RFn,2.0,530.0,TA,TA,Y,176,73,0,0,0,0,,,,0,8,2006,WD ,Normal,214000,121.93732193732194,mid,135.72542901716068,19,1,7,7,2595.0,3.5,30
2792,2793,907255010,20,RL,,11088,Pave,,Reg,Lvl,AllPub,Corner,Gtl,CollgCr,Norm,Norm,1Fam,1Story,8,5,2002,2002,Hip,CompShg,Stucco,Stucco,,0.0,Gd,TA,PConc,Gd,TA,No,GLQ,872.0,Unf,0.0,476.0,1348.0,GasA,Ex,Y,SBrkr,1358,0,0,1358,1.0,0.0,1,1,1,1,Gd,5,Typ,1,TA,Attchd,2002.0,Unf,2.0,418.0,TA,TA,Y,68,166,0,0,0,0,,,,0,6,2006,WD ,Normal,220000,162.00294550810014,high,125.99318955732123,41,0,4,4,2706.0,2.5,40
2793,2794,907255050,20,RL,,14781,Pave,,IR2,Lvl,AllPub,CulDSac,Gtl,CollgCr,Norm,Norm,1Fam,1Story,8,5,2001,2002,Hip,CompShg,VinylSd,VinylSd,BrkFace,178.0,Gd,TA,PConc,Gd,TA,Gd,Unf,0.0,Unf,0.0,1753.0,1753.0,GasA,Ex,Y,SBrkr,1787,0,0,1787,0.0,0.0,2,0,3,1,Gd,7,Typ,1,TA,Attchd,2001.0,RFn,3.0,748.0,TA,TA,Y,198,150,0,0,0,0,,,,0,8,2006,WD ,Normal,275000,153.88919977616118,high,125.99318955732123,41,0,5,4,3540.0,2.0,40
2794,2795,907262080,60,RL,70.0,8726,Pave,,Reg,Lvl,AllPub,Inside,Gtl,CollgCr,Norm,Norm,1Fam,2Story,7,5,2002,2002,Gable,CompShg,VinylSd,VinylSd,,0.0,Gd,TA,PConc,Gd,TA,No,Unf,0.0,Unf,0.0,872.0,872.0,GasA,Ex,Y,SBrkr,872,1037,0,1909,0.0,0.0,2,1,4,1,Gd,8,Typ,0,,BuiltIn,2002.0,RFn,2.0,529.0,TA,TA,Y,0,108,0,0,0,0,,,,0,9,2006,WD ,Normal,197000,103.19539025667889,high,125.99318955732123,41,1,4,4,2781.0,2.5,35
2795,2796,907265030,20,RL,,8125,Pave,,Reg,Lvl,AllPub,Inside,Gtl,CollgCr,Norm,Norm,1Fam,1Story,7,5,2002,2002,Gable,CompShg,VinylSd,VinylSd,Stone,295.0,Gd,TA,PConc,Gd,TA,No,GLQ,986.0,Unf,0.0,668.0,1654.0,GasA,Ex,Y,SBrkr,1654,0,0,1654,1.0,0.0,2,0,3,1,Gd,6,Typ,0,,Attchd,2002.0,Unf,3.0,900.0,TA,TA,Y,0,136,0,0,0,0,,,,0,2,2006,WD ,Normal,230000,139.05683192261185,high,125.99318955732123,41,0,4,4,3308.0,3.0,35
2796,2797,907270050,60,RL,67.0,10566,Pave,,IR1,Lvl,AllPub,Inside,Gtl,CollgCr,Norm,Norm,1Fam,2Story,8,5,1999,1999,Gable,CompShg,VinylSd,VinylSd,BrkFace,261.0,Gd,TA,PConc,Gd,TA,Av,GLQ,920.0,Unf,0.0,170.0,1090.0,GasA,Ex,Y,SBrkr,1090,1124,0,2214,1.0,0.0,2,1,3,1,Gd,8,Typ,1,TA,Attchd,1999.0,Fin,3.0,646.0,TA,TA,Y,197,80,0,0,0,0,,,,0,7,2006,WD ,Normal,268500,121.27371273712737,high,125.99318955732123,41,0,7,7,3304.0,3.5,40
2797,2798,907275030,60,RL,,21533,Pave,,IR2,Lvl,AllPub,FR2,Gtl,CollgCr,Feedr,Norm,1Fam,2Story,7,5,1996,1997,Gable,CompShg,VinylSd,VinylSd,,0.0,Gd,TA,PConc,Gd,TA,No,Unf,0.0,Unf,0.0,1065.0,1065.0,GasA,Ex,Y,SBrkr,1065,984,0,2049,0.0,0.0,2,1,4,1,Gd,9,Typ,1,TA,Attchd,1997.0,Unf,2.0,467.0,TA,TA,Y,120,48,0,0,0,0,,,,0,8,2006,WD ,Normal,210900,102.92825768667643,high,125.99318955732123,41,1,10,9,3114.0,2.5,35
2798,2799,907285010,60,RL,90.0,11250,Pave,,IR1,Lvl,AllPub,Corner,Gtl,CollgCr,Norm,Norm,1Fam,2Story,7,5,1998,1998,Gable,CompShg,VinylSd,VinylSd,BrkFace,227.0,TA,TA,PConc,Gd,TA,Mn,ALQ,796.0,Unf,0.0,258.0,1054.0,GasA,Ex,Y,SBrkr,1070,869,0,1939,0.0,1.0,2,1,3,1,Gd,8,Typ,1,TA,Attchd,1998.0,RFn,3.0,555.0,TA,TA,Y,128,84,0,0,0,0,,,,0,5,2006,WD ,Normal,227000,117.07065497679216,high,125.99318955732123,41,0,8,8,2993.0,3.0,35
2799,2800,907285100,60,RL,90.0,11250,Pave,,Reg,Lvl,AllPub,Corner,Gtl,CollgCr,Norm,Norm,1Fam,2Story,7,5,1995,1996,Gable,CompShg,VinylSd,VinylSd,,0.0,Gd,Gd,PConc,Gd,Gd,Av,GLQ,685.0,Unf,0.0,245.0,930.0,GasA,Ex,Y,SBrkr,950,1045,0,1995,1.0,0.0,2,1,4,1,Gd,8,Typ,1,TA,Attchd,1995.0,RFn,2.0,610.0,TA,TA,Y,275,170,0,0,0,0,,,,0,7,2006,WD ,Normal,237000,118.796992481203,high,125.99318955732123,41,0,11,10,2925.0,3.5,35
2800,2801,907290020,60,RL,75.0,9750,Pave,,Reg,Lvl,AllPub,Corner,Gtl,CollgCr,Norm,Norm,1Fam,2Story,7,6,1998,1998,Gable,CompShg,VinylSd,VinylSd,,0.0,TA,TA,PConc,Gd,TA,Av,GLQ,975.0,Unf,0.0,133.0,1108.0,GasA,Ex,Y,SBrkr,1108,989,0,2097,1.0,0.0,2,1,3,1,Gd,8,Typ,1,TA,Detchd,1998.0,RFn,2.0,583.0,TA,TA,Y,253,170,0,0,0,0,,,,0,6,2006,WD ,Normal,274300,130.8059132093467,high,125.99318955732123,41,0,8,8,3205.0,3.5,42
2801,2802,907290080,20,RL,70.0,9100,Pave,,Reg,Lvl,AllPub,Inside,Gtl,CollgCr,Norm,Norm,1Fam,1Story,7,5,2004,2005,Hip,CompShg,VinylSd,VinylSd,,0.0,Gd,TA,PConc,Gd,TA,No,GLQ,24.0,Unf,0.0,1836.0,1860.0,GasA,Ex,Y,SBrkr,1836,0,0,1836,0.0,0.0,2,0,3,1,Gd,8,Typ,1,Gd,Attchd,2004.0,Fin,2.0,484.0,TA,TA,Y,120,33,0,0,0,0,,,,0,10,2006,WD ,Normal,216837,118.1029411764706,high,125.99318955732123,41,0,2,1,3696.0,2.0,35
2802,2803,907290160,120,RM,37.0,4435,Pave,,Reg,Lvl,AllPub,Inside,Gtl,CollgCr,Norm,Norm,TwnhsE,1Story,6,5,2003,2003,Gable,CompShg,VinylSd,VinylSd,BrkFace,170.0,Gd,TA,PConc,Gd,TA,Av,GLQ,717.0,Unf,0.0,131.0,848.0,GasA,Ex,Y,SBrkr,848,0,0,848,1.0,0.0,1,0,1,1,Gd,4,Typ,0,,Attchd,2003.0,Fin,2.0,420.0,TA,TA,Y,140,0,0,0,0,0,,,,0,4,2006,WD ,Normal,133000,156.83962264150944,mid,135.72542901716068,19,0,3,3,1696.0,2.0,30
2803,2804,907290230,120,RM,37.0,4435,Pave,,Reg,Lvl,AllPub,Inside,Gtl,CollgCr,Norm,Norm,TwnhsE,1Story,6,5,2004,2004,Gable,CompShg,VinylSd,VinylSd,BrkFace,169.0,Gd,TA,PConc,Gd,TA,Mn,GLQ,662.0,Unf,0.0,186.0,848.0,GasA,Ex,Y,SBrkr,848,0,0,848,1.0,0.0,1,0,1,1,Gd,3,Typ,1,Gd,Attchd,2004.0,RFn,2.0,420.0,TA,TA,Y,140,0,0,0,0,0,,,,0,5,2006,WD ,Normal,155900,183.8443396226415,mid,135.72542901716068,19,0,2,2,1696.0,2.0,30
2804,2805,907290260,60,RL,120.0,15611,Pave,,Reg,Lvl,AllPub,Inside,Gtl,CollgCr,Norm,Norm,1Fam,2Story,8,5,2006,2006,Gable,CompShg,VinylSd,VinylSd,,0.0,Gd,TA,PConc,Gd,TA,Av,Unf,0.0,Unf,0.0,1079.0,1079.0,GasA,Ex,Y,SBrkr,1079,840,0,1919,0.0,0.0,2,1,3,1,Gd,8,Typ,1,Gd,Attchd,2006.0,RFn,2.0,685.0,Gd,TA,Y,0,51,0,0,0,0,,,,0,7,2006,New,Partial,233230,121.5372589890568,high,125.99318955732123,41,0,0,0,2998.0,2.5,40
2805,2806,907401050,20,RL,70.0,8810,Pave,,Reg,Lvl,AllPub,Inside,Gtl,CollgCr,Norm,Norm,1Fam,1Story,7,5,2003,2003,Gable,CompShg,VinylSd,VinylSd,,0.0,Gd,TA,PConc,Gd,TA,No,GLQ,1000.0,Unf,0.0,390.0,1390.0,GasA,Ex,Y,SBrkr,1390,0,0,1390,1.0,0.0,2,0,3,1,Gd,7,Typ,0,,Attchd,2003.0,RFn,2.0,545.0,TA,TA,Y,0,68,0,0,0,0,,,,0,3,2006,WD ,Normal,207000,148.9208633093525,high,125.99318955732123,41,0,3,3,2780.0,3.0,35
2806,2807,907401080,60,RL,41.0,12393,Pave,,IR2,Lvl,AllPub,FR2,Gtl,CollgCr,Norm,Norm,1Fam,2Story,7,5,2004,2005,Gable,CompShg,VinylSd,VinylSd,,0.0,Gd,TA,PConc,Gd,TA,No,Unf,0.0,Unf,0.0,847.0,847.0,GasA,Ex,Y,SBrkr,847,1101,0,1948,0.0,0.0,2,1,4,1,Gd,8,Typ,1,Gd,BuiltIn,2004.0,Fin,2.0,434.0,TA,TA,Y,100,48,0,0,0,0,,,,0,9,2006,WD ,Normal,195000,100.10266940451746,high,125.99318955732123,41,1,2,1,2795.0,2.5,35
2807,2808,907405030,20,RL,70.0,9135,Pave,,Reg,Lvl,AllPub,Inside,Gtl,CollgCr,Norm,Norm,1Fam,1Story,6,5,2003,2003,Gable,CompShg,VinylSd,VinylSd,BrkFace,120.0,Gd,TA,PConc,Gd,TA,Av,GLQ,340.0,Unf,0.0,1342.0,1682.0,GasA,Ex,Y,SBrkr,1700,0,0,1700,1.0,0.0,2,0,3,1,Gd,7,Typ,0,,Attchd,2003.0,RFn,2.0,544.0,TA,TA,Y,192,23,0,0,0,0,,,,0,5,2006,WD ,Normal,200000,117.6470588235294,mid,135.72542901716068,19,1,3,3,3382.0,3.0,30
2808,2809,907410040,60,RL,74.0,8581,Pave,,IR1,Lvl,AllPub,Inside,Gtl,CollgCr,Norm,Norm,1Fam,2Story,7,5,2006,2006,Gable,CompShg,VinylSd,VinylSd,,0.0,Gd,TA,PConc,Gd,Gd,Mn,Unf,0.0,Unf,0.0,851.0,851.0,GasA,Ex,Y,SBrkr,851,886,0,1737,0.0,0.0,2,1,3,1,Gd,7,Typ,0,,Attchd,2006.0,RFn,2.0,578.0,TA,TA,Y,0,105,0,0,0,0,,,,0,8,2006,New,Partial,203160,116.96027633851467,high,125.99318955732123,41,0,0,0,2588.0,2.5,35
2809,2810,907410100,60,RL,70.0,8400,Pave,,Reg,Lvl,AllPub,Inside,Gtl,CollgCr,Norm,Norm,1Fam,2Story,7,5,2005,2005,Gable,CompShg,VinylSd,VinylSd,,0.0,Gd,TA,PConc,Gd,TA,Av,Unf,0.0,Unf,0.0,784.0,784.0,GasA,Ex,Y,SBrkr,784,827,0,1611,0.0,0.0,2,1,3,1,Gd,6,Typ,0,,Attchd,2005.0,RFn,2.0,572.0,TA,TA,Y,144,36,0,0,0,0,,,,0,3,2006,WD ,Normal,195800,121.53941651148355,high,125.99318955732123,41,0,1,1,2395.0,2.5,35
2810,2811,907410110,20,RL,84.0,10084,Pave,,Reg,Lvl,AllPub,Inside,Gtl,CollgCr,Norm,Norm,1Fam,1Story,7,5,2005,2006,Gable,CompShg,VinylSd,VinylSd,BrkFace,196.0,Gd,TA,PConc,Gd,TA,Av,GLQ,24.0,Unf,0.0,1528.0,1552.0,GasA,Ex,Y,SBrkr,1552,0,0,1552,0.0,0.0,2,0,3,1,Gd,7,Typ,0,,Attchd,2005.0,RFn,3.0,782.0,TA,TA,Y,144,20,0,0,0,0,,,,0,7,2006,New,Partial,212900,137.1778350515464,high,125.99318955732123,41,0,1,0,3104.0,2.0,35
2811,2812,907412010,60,RL,89.0,11645,Pave,,IR1,Lvl,AllPub,Corner,Gtl,CollgCr,Norm,Norm,1Fam,2Story,7,5,2004,2004,Gable,CompShg,VinylSd,VinylSd,,0.0,Gd,TA,PConc,Gd,TA,No,Unf,0.0,Unf,0.0,860.0,860.0,GasA,Ex,Y,SBrkr,860,860,0,1720,0.0,0.0,2,1,3,1,Gd,7,Typ,0,,Attchd,2004.0,RFn,2.0,565.0,TA,TA,Y,0,70,0,0,0,0,,,,0,8,2006,WD ,Normal,196500,114.24418604651163,high,125.99318955732123,41,0,2,2,2580.0,2.5,35
2812,2813,907414040,20,RL,65.0,8772,Pave,,Reg,Lvl,AllPub,FR2,Gtl,CollgCr,Norm,Norm,1Fam,1Story,7,5,2005,2006,Gable,CompShg,VinylSd,VinylSd,,0.0,Gd,TA,PConc,Gd,TA,Mn,GLQ,996.0,Unf,0.0,340.0,1336.0,GasA,Ex,Y,SBrkr,1336,0,0,1336,1.0,0.0,2,0,3,1,Gd,6,Typ,0,,Attchd,2005.0,Unf,2.0,502.0,TA,TA,Y,136,43,0,0,0,0,,,,0,9,2006,New,Partial,198000,148.20359281437126,high,125.99318955732123,41,0,1,0,2672.0,3.0,35
2813,2814,907418020,60,RL,68.0,8846,Pave,,Reg,Lvl,AllPub,Inside,Gtl,CollgCr,Norm,Norm,1Fam,2Story,6,5,2005,2006,Gable,CompShg,VinylSd,VinylSd,,0.0,TA,TA,PConc,Gd,TA,No,Unf,0.0,Unf,0.0,750.0,750.0,GasA,Ex,Y,SBrkr,750,750,0,1500,0.0,0.0,2,1,3,1,Gd,6,Typ,0,,Attchd,2005.0,RFn,2.0,564.0,TA,TA,Y,0,35,0,0,0,0,,,,0,8,2006,New,Partial,173900,115.93333333333334,mid,135.72542901716068,19,1,1,0,2250.0,2.5,30
2814,2815,907420070,60,RL,65.0,8461,Pave,,Reg,Lvl,AllPub,Inside,Gtl,CollgCr,Norm,Norm,1Fam,2Story,6,5,2005,2006,Gable,CompShg,VinylSd,VinylSd,,0.0,Gd,TA,PConc,Gd,TA,No,Unf,0.0,Unf,0.0,728.0,728.0,GasA,Ex,Y,SBrkr,728,728,0,1456,0.0,0.0,2,1,3,1,Gd,8,Typ,1,Gd,Attchd,2005.0,Fin,2.0,390.0,TA,TA,Y,0,24,0,0,0,0,,,,0,7,2006,New,Partial,163990,112.63049450549451,mid,135.72542901716068,19,1,1,0,2184.0,2.5,30
2815,2816,907420090,20,RL,65.0,8767,Pave,,IR1,Lvl,AllPub,Inside,Gtl,CollgCr,Norm,Norm,1Fam,1Story,7,5,2005,2005,Gable,CompShg,VinylSd,VinylSd,,0.0,Gd,TA,PConc,Gd,TA,Av,GLQ,24.0,Unf,0.0,1286.0,1310.0,GasA,Ex,Y,SBrkr,1310,0,0,1310,0.0,0.0,2,0,3,1,Gd,6,Typ,1,Gd,Attchd,2005.0,Fin,2.0,400.0,TA,TA,Y,0,0,0,0,0,0,,,,0,7,2006,New,Partial,164990,125.94656488549619,high,125.99318955732123,41,0,1,1,2620.0,2.0,35
2816,2817,908102020,70,RL,67.0,8777,Pave,,Reg,Bnk,AllPub,Inside,Gtl,Edwards,Feedr,Norm,1Fam,2Story,4,6,1910,2000,Gable,CompShg,Plywood,Plywood,,0.0,TA,Gd,CBlock,Gd,TA,No,Rec,173.0,BLQ,337.0,166.0,676.0,GasA,Gd,Y,SBrkr,760,676,0,1436,1.0,0.0,2,0,3,1,TA,6,Min1,0,,Attchd,1950.0,Unf,2.0,528.0,TA,TA,Y,147,0,0,0,0,0,,,Shed,420,10,2006,WD ,Normal,98000,68.24512534818942,mid,103.42252014318862,36,1,96,6,2112.0,3.0,24
2817,2818,908102320,20,RL,134.0,17755,Pave,,Reg,Lvl,AllPub,Inside,Gtl,Edwards,Norm,Norm,1Fam,1Story,5,4,1959,1959,Gable,CompShg,HdBoard,Plywood,BrkFace,132.0,TA,TA,CBlock,TA,TA,No,BLQ,176.0,Unf,0.0,1290.0,1466.0,GasA,TA,Y,SBrkr,1466,0,0,1466,0.0,0.0,1,1,3,1,Fa,6,Typ,2,Gd,Attchd,1959.0,Fin,2.0,528.0,TA,TA,Y,0,140,0,0,100,0,,,,0,11,2006,WD ,Normal,149900,102.25102319236017,mid,103.42252014318862,36,0,47,47,2932.0,1.5,20
2818,2819,908102330,20,RL,67.0,8877,Pave,,Reg,Lvl,AllPub,Inside,Gtl,Edwards,Norm,Norm,1Fam,1Story,4,5,1951,1951,Gable,CompShg,Wd Sdng,Wd Sdng,,0.0,TA,TA,CBlock,Fa,Fa,No,LwQ,836.0,Unf,0.0,0.0,836.0,GasA,TA,Y,FuseF,1220,0,0,1220,0.0,0.0,1,0,2,1,TA,6,Typ,0,,Detchd,1951.0,Unf,2.0,396.0,TA,TA,Y,0,0,0,0,0,0,,,,0,4,2006,COD,Normal,102000,83.60655737704919,mid,103.42252014318862,36,1,55,55,2056.0,1.0,20
2819,2820,908103310,90,RL,38.0,7840,Pave,,IR1,Lvl,AllPub,CulDSac,Gtl,Edwards,Norm,Norm,Duplex,SFoyer,6,5,1975,1975,Flat,Tar&Grv,Plywood,Wd Shng,BrkFace,355.0,TA,TA,CBlock,Gd,TA,Gd,GLQ,976.0,Unf,0.0,0.0,976.0,GasA,TA,Y,SBrkr,1012,0,0,1012,0.0,2.0,2,0,4,0,TA,4,Typ,0,,,,,0.0,0.0,,,Y,0,0,0,0,0,0,,,,0,10,2006,WD ,AdjLand,127500,125.98814229249012,mid,103.42252014318862,36,0,31,31,1988.0,3.0,30
2820,2821,908103320,90,RL,35.0,9400,Pave,,IR1,Lvl,AllPub,CulDSac,Gtl,Edwards,Norm,Norm,Duplex,SFoyer,6,5,1975,1975,Flat,Tar&Grv,WdShing,Plywood,BrkFace,250.0,TA,TA,CBlock,Gd,Gd,Gd,GLQ,945.0,Unf,0.0,0.0,945.0,GasA,TA,Y,SBrkr,980,0,0,980,0.0,2.0,2,0,4,0,TA,4,Typ,0,,,,,0.0,0.0,,,Y,0,0,0,0,0,0,,,,0,10,2006,WD ,AdjLand,127500,130.10204081632654,mid,103.42252014318862,36,0,31,31,1925.0,3.0,30
2821,2822,908127050,20,RL,73.0,16133,Pave,,Reg,HLS,AllPub,Inside,Gtl,Edwards,Norm,Norm,1Fam,1Story,5,4,1969,1969,Gable,CompShg,HdBoard,Plywood,,0.0,TA,TA,CBlock,Gd,TA,Mn,ALQ,847.0,Unf,0.0,329.0,1176.0,GasA,TA,Y,SBrkr,1176,0,0,1176,1.0,0.0,1,0,2,1,TA,5,Typ,0,,Attchd,1969.0,Unf,1.0,360.0,TA,TA,Y,0,92,0,0,112,0,,,,0,12,2006,WD ,Abnorml,119900,101.95578231292517,mid,103.42252014318862,36,0,37,37,2352.0,2.0,20
2822,2823,908128100,60,RL,62.0,7162,Pave,,Reg,Lvl,AllPub,Inside,Gtl,Edwards,Norm,Norm,1Fam,2Story,7,5,2003,2004,Hip,CompShg,HdBoard,Stucco,BrkFace,190.0,Gd,TA,PConc,Gd,TA,No,Unf,0.0,Unf,0.0,796.0,796.0,GasA,Ex,Y,SBrkr,806,918,0,1724,0.0,0.0,2,1,3,1,Gd,8,Typ,1,Gd,BuiltIn,2003.0,Fin,2.0,616.0,TA,TA,Y,168,57,0,0,0,0,,,,0,5,2006,WD ,Normal,196500,113.97911832946636,high,79.4324166179052,6,0,3,2,2520.0,2.5,35
2823,2824,908130020,20,RL,75.0,8050,Pave,,Reg,Lvl,AllPub,Inside,Gtl,Edwards,Norm,Norm,1Fam,1Story,6,5,2002,2002,Gable,CompShg,VinylSd,VinylSd,,,TA,TA,PConc,Gd,TA,Av,GLQ,475.0,ALQ,297.0,142.0,914.0,GasA,Ex,Y,SBrkr,914,0,0,914,1.0,0.0,1,0,2,1,Gd,4,Typ,0,,,,,0.0,0.0,,,N,32,0,0,0,0,0,,,,0,4,2006,WD ,Normal,117250,128.28227571115974,mid,103.42252014318862,36,0,4,4,1828.0,2.0,30
2824,2825,908178050,60,RL,90.0,11060,Pave,,IR1,Lvl,AllPub,Corner,Gtl,Edwards,Norm,Norm,1Fam,2Story,7,5,2003,2005,Gable,CompShg,VinylSd,VinylSd,,0.0,Gd,TA,PConc,Ex,TA,No,Unf,0.0,Unf,0.0,1150.0,1150.0,GasA,Ex,Y,SBrkr,1164,1150,0,2314,0.0,0.0,2,1,3,1,Gd,9,Typ,1,Ex,BuiltIn,2003.0,Fin,2.0,502.0,TA,TA,Y,0,274,0,0,0,0,,,,0,2,2006,ConLD,Normal,229000,98.9628349178911,high,79.4324166179052,6,0,3,1,3464.0,2.5,35
2825,2826,908186060,180,RM,35.0,3675,Pave,,Reg,Lvl,AllPub,Inside,Gtl,Edwards,Norm,Norm,TwnhsE,SLvl,5,5,2005,2005,Gable,CompShg,VinylSd,VinylSd,BrkFace,80.0,TA,TA,PConc,Gd,TA,Gd,GLQ,547.0,Unf,0.0,0.0,547.0,GasA,Gd,Y,SBrkr,1072,0,0,1072,1.0,0.0,1,0,2,1,TA,5,Typ,0,,Basment,2005.0,Fin,2.0,525.0,TA,TA,Y,0,28,0,0,0,0,,,,0,5,2006,WD ,Normal,145000,135.26119402985074,mid,103.42252014318862,36,0,1,1,1619.0,2.0,25
2826,2827,908186070,180,RM,35.0,3675,Pave,,Reg,Lvl,AllPub,Inside,Gtl,Edwards,Norm,Norm,TwnhsE,SFoyer,6,5,2005,2006,Gable,CompShg,VinylSd,VinylSd,BrkFace,82.0,TA,TA,PConc,Gd,TA,Gd,GLQ,547.0,Unf,0.0,0.0,547.0,GasA,Gd,Y,SBrkr,1072,0,0,1072,1.0,0.0,2,0,2,1,TA,5,Typ,0,,Basment,2005.0,Fin,2.0,525.0,TA,TA,Y,0,44,0,0,0,0,,,,0,6,2006,New,Partial,140000,130.59701492537314,mid,103.42252014318862,36,0,1,0,1619.0,3.0,30
2827,2828,908186090,180,RM,35.0,3675,Pave,,Reg,Lvl,AllPub,Inside,Gtl,Edwards,Norm,Norm,TwnhsE,SFoyer,6,5,2005,2006,Gable,CompShg,VinylSd,VinylSd,BrkFace,82.0,TA,TA,PConc,Gd,TA,Gd,GLQ,547.0,Unf,0.0,0.0,547.0,GasA,Gd,Y,SBrkr,1072,0,0,1072,1.0,0.0,1,0,2,1,TA,5,Typ,0,,Basment,2005.0,Fin,2.0,525.0,TA,TA,Y,0,44,0,0,0,0,,,,0,10,2006,New,Partial,142500,132.92910447761193,mid,103.42252014318862,36,0,1,0,1619.0,2.0,30
2828,2829,908188110,160,RM,24.0,2522,Pave,,Reg,Lvl,AllPub,Inside,Gtl,Edwards,Norm,Norm,Twnhs,2Story,7,5,2004,2004,Gable,CompShg,VinylSd,VinylSd,Stone,50.0,Gd,TA,PConc,Gd,TA,No,Unf,0.0,Unf,0.0,970.0,970.0,GasA,Ex,Y,SBrkr,970,739,0,1709,0.0,0.0,2,0,3,1,Gd,7,Maj1,0,,Detchd,2004.0,Unf,2.0,380.0,TA,TA,Y,0,40,0,0,0,0,,,,0,5,2006,WD ,Normal,134000,78.40842598010532,high,79.4324166179052,6,0,2,2,2679.0,2.0,35
2829,2830,908188120,160,RM,24.0,2522,Pave,,Reg,Lvl,AllPub,Inside,Gtl,Edwards,Norm,Norm,Twnhs,2Story,7,5,2004,2004,Gable,CompShg,VinylSd,VinylSd,Stone,50.0,Gd,TA,PConc,Gd,TA,No,Unf,0.0,Unf,0.0,970.0,970.0,GasA,Ex,Y,SBrkr,970,739,0,1709,0.0,0.0,2,0,3,1,Gd,7,Maj1,0,,Detchd,2004.0,Unf,2.0,380.0,TA,TA,Y,0,40,0,0,0,0,,,,0,5,2006,WD ,Normal,130000,76.06787595084845,high,79.4324166179052,6,0,2,2,2679.0,2.0,35
2830,2831,908188130,160,RM,24.0,2522,Pave,,Reg,Lvl,AllPub,Inside,Gtl,Edwards,Norm,Norm,Twnhs,2Story,6,5,2004,2006,Gable,CompShg,VinylSd,VinylSd,Stone,50.0,Gd,TA,PConc,Gd,TA,No,Unf,0.0,Unf,0.0,970.0,970.0,GasA,Ex,Y,SBrkr,970,739,0,1709,0.0,0.0,2,0,3,1,Gd,7,Maj1,0,,Detchd,2004.0,Unf,2.0,380.0,TA,TA,Y,0,40,0,0,0,0,,,,0,4,2006,WD ,Normal,130000,76.06787595084845,mid,103.42252014318862,36,1,2,0,2679.0,2.0,30
2831,2832,908188140,160,RM,24.0,2522,Pave,,Reg,Lvl,AllPub,Inside,Gtl,Edwards,Norm,Norm,Twnhs,2Story,7,5,2004,2004,Gable,CompShg,VinylSd,VinylSd,Stone,50.0,Gd,TA,PConc,Gd,TA,No,Unf,0.0,Unf,0.0,970.0,970.0,GasA,Ex,Y,SBrkr,970,739,0,1709,0.0,0.0,2,0,3,1,Gd,7,Maj1,0,,Detchd,2004.0,Unf,2.0,380.0,TA,TA,Y,0,40,0,0,0,0,,,,0,4,2006,WD ,Normal,137500,80.45640725570509,high,79.4324166179052,6,0,2,2,2679.0,2.0,35
2832,2833,908188150,160,RM,32.0,3363,Pave,,Reg,Lvl,AllPub,Inside,Gtl,Edwards,Norm,Norm,TwnhsE,2Story,7,5,2004,2004,Gable,CompShg,VinylSd,VinylSd,Stone,117.0,Gd,TA,PConc,Gd,TA,No,Unf,0.0,Unf,0.0,976.0,976.0,GasA,Ex,Y,SBrkr,976,732,0,1708,0.0,0.0,2,0,3,1,Gd,7,Maj1,0,,Detchd,2004.0,Unf,2.0,380.0,TA,TA,Y,0,40,0,0,0,0,,,,0,4,2006,WD ,Normal,130000,76.11241217798595,high,79.4324166179052,6,0,2,2,2684.0,2.0,35
2833,2834,908225180,50,RL,56.0,6956,Pave,,Reg,Lvl,AllPub,Inside,Gtl,Edwards,Norm,Norm,1Fam,1.5Fin,4,7,1948,1950,Gable,CompShg,VinylSd,VinylSd,,0.0,TA,Gd,CBlock,Fa,TA,Mn,Unf,0.0,Unf,0.0,624.0,624.0,GasA,Ex,Y,SBrkr,624,312,0,936,0.0,0.0,1,0,3,1,TA,5,Typ,0,,Attchd,1948.0,Unf,1.0,265.0,TA,Po,Y,0,0,0,0,0,0,,,,0,4,2006,WD ,Normal,97900,104.59401709401709,mid,103.42252014318862,36,0,58,56,1560.0,1.0,28
2834,2835,908227010,50,RL,72.0,7822,Pave,,Reg,Bnk,AllPub,Corner,Gtl,Edwards,Artery,Norm,1Fam,1.5Fin,6,3,1915,1950,Gable,CompShg,AsbShng,AsbShng,,0.0,TA,Fa,BrkTil,Fa,Fa,No,Unf,0.0,Unf,0.0,832.0,832.0,GasA,TA,Y,FuseF,846,492,0,1338,0.0,0.0,2,0,3,1,TA,7,Typ,0,,Detchd,1974.0,Unf,2.0,528.0,TA,TA,N,0,0,208,0,0,0,,GdPrv,,0,5,2006,WD ,AdjLand,92000,68.75934230194319,mid,103.42252014318862,36,1,91,56,2170.0,2.0,18
2835,2836,908227030,50,RL,62.0,8707,Pave,,Reg,Lvl,AllPub,FR2,Gtl,Edwards,Feedr,Norm,1Fam,1.5Fin,4,5,1924,1950,Gable,CompShg,Wd Sdng,Wd Sdng,,0.0,TA,TA,BrkTil,TA,TA,No,Unf,0.0,Unf,0.0,1093.0,1093.0,GasA,TA,N,FuseF,1093,576,0,1669,0.0,0.0,1,1,4,1,TA,9,Min2,0,,Attchd,1924.0,Unf,1.0,288.0,Fa,TA,Y,0,0,56,0,0,0,,,,0,5,2006,WD ,AdjLand,107000,64.11024565608149,mid,103.42252014318862,36,1,82,56,2762.0,1.5,20
2836,2837,908227040,50,RL,58.0,8410,Pave,,Reg,Lvl,AllPub,FR2,Gtl,Edwards,Feedr,Norm,1Fam,1.5Fin,5,3,1910,1996,Gambrel,CompShg,Wd Sdng,VinylSd,,0.0,TA,Fa,PConc,TA,TA,No,Unf,0.0,Unf,0.0,658.0,658.0,GasA,TA,Y,SBrkr,658,526,0,1184,0.0,0.0,1,0,5,1,TA,8,Typ,0,,,,,0.0,0.0,,,N,0,151,0,0,0,0,,,,0,5,2006,WD ,AdjLand,81000,68.41216216216216,mid,103.42252014318862,36,1,96,10,1842.0,1.0,15
2837,2838,908228040,50,RL,60.0,9738,Pave,,Reg,Lvl,AllPub,Inside,Gtl,Edwards,Norm,Norm,1Fam,1.5Fin,5,7,1924,1950,Gable,CompShg,AsbShng,AsbShng,,0.0,TA,Gd,BrkTil,TA,TA,No,BLQ,392.0,Unf,0.0,392.0,784.0,GasA,Gd,Y,SBrkr,949,272,0,1221,1.0,0.0,1,0,4,1,TA,7,Typ,0,,Attchd,1965.0,Unf,1.0,392.0,TA,TA,Y,0,0,236,0,0,0,,,,0,3,2006,WD ,Normal,104900,85.91318591318591,mid,103.42252014318862,36,1,82,56,2005.0,2.0,35
2838,2839,908275220,20,RL,60.0,8172,Pave,,Reg,Lvl,AllPub,Inside,Gtl,Edwards,Norm,Norm,1Fam,1Story,5,7,1955,1990,Hip,CompShg,WdShing,Plywood,,0.0,TA,TA,CBlock,TA,TA,No,Rec,167.0,Unf,0.0,697.0,864.0,GasA,TA,Y,SBrkr,864,0,0,864,1.0,0.0,1,0,2,1,TA,5,Typ,0,,Detchd,1957.0,Unf,2.0,572.0,TA,TA,N,0,0,0,0,0,0,,,,0,4,2006,WD ,Normal,115000,133.10185185185185,mid,103.42252014318862,36,0,51,16,1728.0,2.0,35
2839,2840,908275290,20,RL,60.0,16012,Pave,,IR1,Lvl,AllPub,Inside,Gtl,Edwards,Norm,Norm,1Fam,1Story,4,4,1954,1968,Hip,CompShg,Wd Sdng,Wd Sdng,BrkFace,60.0,TA,TA,CBlock,TA,TA,No,Rec,691.0,Unf,0.0,263.0,954.0,GasA,Ex,Y,SBrkr,1482,0,0,1482,0.0,1.0,2,0,3,1,TA,6,Min1,1,Gd,2Types,1956.0,Unf,2.0,609.0,TA,TA,Y,0,30,0,0,0,0,,MnPrv,,0,10,2006,WD ,Abnorml,125000,84.34547908232119,mid,103.42252014318862,36,1,52,38,2436.0,2.5,16
2840,2841,909101050,50,RL,45.0,8248,Pave,Grvl,Reg,Lvl,AllPub,Inside,Gtl,Edwards,Norm,Norm,1Fam,1.5Fin,5,7,1918,1950,Gable,CompShg,Stucco,Stucco,,0.0,TA,TA,BrkTil,TA,TA,No,Unf,0.0,Unf,0.0,686.0,686.0,GasW,Gd,Y,SBrkr,686,564,0,1250,0.0,1.0,1,1,3,1,Fa,7,Typ,0,,Detchd,1955.0,Unf,1.0,280.0,TA,TA,P,207,0,96,0,0,0,,,,0,7,2006,WD ,Normal,116000,92.8,mid,103.42252014318862,36,1,88,56,1936.0,2.0,35
2841,2842,909101080,50,RL,45.0,8248,Pave,Grvl,Reg,Lvl,AllPub,Inside,Gtl,Edwards,Norm,Norm,1Fam,1.5Fin,4,4,1922,1950,Gable,CompShg,Wd Sdng,Wd Sdng,,0.0,TA,TA,BrkTil,TA,TA,No,Unf,0.0,Unf,0.0,864.0,864.0,GasA,TA,N,SBrkr,964,0,450,1414,0.0,0.0,1,0,3,1,TA,8,Typ,1,Gd,,,,0.0,0.0,,,N,0,0,112,0,0,0,,,,0,9,2006,COD,Abnorml,83000,58.698727015558696,mid,103.42252014318862,36,1,84,56,2278.0,1.0,16
2842,2843,909101190,75,RL,60.0,6204,Pave,,Reg,Bnk,AllPub,Inside,Gtl,SWISU,Norm,Norm,1Fam,2.5Fin,4,5,1912,1950,Gable,CompShg,Wd Sdng,Wd Sdng,,0.0,Gd,TA,PConc,TA,Fa,No,Unf,0.0,Unf,0.0,795.0,795.0,GasA,TA,N,SBrkr,954,795,481,2230,1.0,0.0,1,0,5,1,TA,10,Typ,0,,Detchd,1997.0,Unf,1.0,440.0,TA,Gd,Y,0,188,0,0,0,0,,,,0,3,2006,WD ,Normal,118500,53.139013452914796,mid,88.05220213877587,10,1,94,56,3025.0,2.0,20
2843,2844,909101330,30,RL,60.0,8088,Pave,Grvl,Reg,Lvl,AllPub,Inside,Gtl,Edwards,Feedr,Norm,1Fam,1Story,2,3,1922,1955,Gable,CompShg,MetalSd,MetalSd,,0.0,TA,TA,BrkTil,TA,TA,No,Unf,0.0,Unf,0.0,498.0,498.0,GasA,TA,N,FuseF,498,0,0,498,0.0,0.0,1,0,1,1,TA,3,Typ,0,,Detchd,1922.0,Unf,1.0,216.0,Fa,Fa,N,0,0,100,0,0,0,,,,0,2,2006,ConLD,Normal,35000,70.28112449799197,low,70.28112449799197,1,0,84,51,996.0,1.0,6
2844,2845,909103020,50,RL,76.0,11388,Pave,,Reg,Low,AllPub,Inside,Mod,Edwards,Norm,Norm,1Fam,1.5Fin,4,7,1910,1993,Gable,CompShg,VinylSd,Wd Sdng,,0.0,TA,TA,BrkTil,TA,TA,No,Unf,0.0,Unf,0.0,616.0,616.0,GasA,TA,N,SBrkr,1055,218,0,1273,0.0,0.0,1,0,3,1,Gd,5,Min2,0,,Detchd,1910.0,Unf,1.0,275.0,TA,Fa,N,212,0,0,0,0,0,,,,0,9,2006,WD ,Normal,121000,95.0510604870385,mid,103.42252014318862,36,0,96,13,1889.0,1.0,28
2845,2846,909131125,190,RH,,7082,Pave,,Reg,Lvl,AllPub,Inside,Gtl,SWISU,Norm,Norm,2fmCon,2Story,5,8,1916,1995,Gable,CompShg,VinylSd,VinylSd,,0.0,TA,TA,PConc,TA,TA,Mn,Unf,0.0,Unf,0.0,686.0,686.0,GasA,Gd,Y,SBrkr,948,980,0,1928,0.0,0.0,2,0,5,2,TA,10,Typ,0,,,,,0.0,0.0,,,N,0,0,228,0,0,0,,,,0,7,2006,WD ,Normal,160000,82.98755186721992,mid,88.05220213877587,10,0,90,11,2614.0,2.0,40
2846,2847,909175030,50,RL,60.0,8400,Pave,,Reg,Bnk,AllPub,Inside,Gtl,SWISU,Norm,Norm,1Fam,1.5Fin,6,5,1940,2000,Gable,CompShg,Wd Sdng,MetalSd,,0.0,TA,TA,CBlock,TA,TA,No,LwQ,388.0,Unf,0.0,552.0,940.0,GasA,Ex,Y,SBrkr,1192,403,0,1595,0.0,0.0,1,0,2,1,TA,6,Typ,2,Gd,Attchd,1940.0,Unf,1.0,240.0,TA,TA,Y,0,0,108,0,0,0,,,,0,6,2006,WD ,Normal,140000,87.7742946708464,mid,88.05220213877587,10,0,66,6,2535.0,1.0,30
2847,2848,909176180,50,RL,60.0,10890,Pave,,Reg,Lvl,AllPub,Inside,Gtl,SWISU,Norm,Norm,1Fam,1.5Fin,5,5,1938,1950,Gable,CompShg,MetalSd,MetalSd,,0.0,TA,TA,BrkTil,Fa,TA,No,LwQ,930.0,Unf,0.0,128.0,1058.0,GasA,TA,Y,SBrkr,1058,493,0,1551,1.0,0.0,2,0,3,1,Fa,6,Typ,0,,Detchd,1938.0,Unf,1.0,240.0,Fa,TA,Y,0,0,0,0,0,0,,MnPrv,,0,7,2006,WD ,Normal,137000,88.33010960670535,mid,88.05220213877587,10,0,68,56,2609.0,3.0,25
2848,2849,909201180,190,RH,58.0,6430,Pave,,Reg,Bnk,AllPub,Corner,Gtl,SWISU,Feedr,Norm,2fmCon,1.5Fin,6,6,1945,1950,Gable,CompShg,Wd Sdng,Wd Sdng,,0.0,TA,TA,CBlock,TA,TA,Av,BLQ,780.0,Unf,0.0,0.0,780.0,GasA,TA,N,FuseF,816,524,0,1340,1.0,0.0,1,0,3,1,TA,6,Typ,0,,Attchd,1945.0,Unf,1.0,440.0,TA,TA,Y,0,0,0,0,0,0,,,,0,7,2006,WD ,Abnorml,128000,95.5223880597015,mid,88.05220213877587,10,0,61,56,2120.0,2.0,36
2849,2850,909250070,70,RL,43.0,7000,Pave,,Reg,Lvl,AllPub,Inside,Gtl,SWISU,Feedr,Norm,1Fam,2Story,7,8,1926,1997,Gable,CompShg,Wd Sdng,Stucco,,0.0,TA,TA,BrkTil,TA,TA,No,ALQ,424.0,Unf,0.0,200.0,624.0,GasA,Ex,Y,SBrkr,743,736,0,1479,1.0,0.0,1,0,3,1,Gd,6,Typ,2,Gd,Detchd,1926.0,Unf,1.0,312.0,TA,TA,Y,530,0,56,0,0,0,,MnPrv,,0,5,2006,WD ,Normal,160000,108.18120351588911,high,127.2499680207591,2,1,80,9,2103.0,2.0,56
2850,2851,909250120,70,RL,96.0,13132,Pave,,Reg,Lvl,AllPub,Inside,Gtl,Crawfor,Norm,Norm,1Fam,2Story,5,5,1914,1950,Gable,CompShg,Wd Sdng,Wd Sdng,,0.0,TA,TA,BrkTil,Gd,TA,Mn,Unf,0.0,Unf,0.0,747.0,747.0,GasA,Gd,Y,FuseF,892,892,0,1784,0.0,0.0,1,1,4,1,TA,9,Typ,0,,Detchd,1914.0,Unf,1.0,180.0,Fa,Fa,N,203,40,0,0,0,0,,,,0,7,2006,WD ,Normal,138887,77.85145739910314,mid,116.60188784008884,11,1,92,56,2531.0,1.5,25
2851,2852,909250200,70,RL,69.0,4899,Pave,,Reg,HLS,AllPub,Corner,Gtl,SWISU,Norm,Norm,1Fam,2Story,6,8,1920,1950,Gable,CompShg,MetalSd,MetalSd,,0.0,TA,TA,PConc,TA,TA,No,BLQ,305.0,Unf,0.0,450.0,755.0,GasA,Ex,Y,SBrkr,755,755,0,1510,0.0,0.0,1,0,3,1,TA,6,Typ,0,,Detchd,1920.0,Unf,1.0,216.0,TA,TA,Y,0,0,164,0,0,0,,,,0,6,2006,WD ,Normal,149000,98.67549668874172,mid,88.05220213877587,10,0,86,56,2265.0,1.0,48
2852,2853,909250210,50,RL,60.0,6000,Pave,,Reg,Lvl,AllPub,Inside,Gtl,SWISU,Norm,Norm,1Fam,1.5Fin,5,5,1926,1950,Gable,CompShg,Wd Sdng,Wd Sdng,,0.0,TA,Fa,BrkTil,TA,TA,No,Unf,0.0,Unf,0.0,1008.0,1008.0,GasA,Ex,Y,SBrkr,1008,0,514,1522,0.0,0.0,2,0,4,1,TA,7,Typ,0,,,,,0.0,0.0,,,P,0,0,138,0,0,0,,,,0,6,2006,WD ,Normal,102000,67.01708278580814,mid,88.05220213877587,10,1,80,56,2530.0,2.0,25
2853,2854,909253080,70,RL,54.0,9399,Pave,,Reg,Bnk,AllPub,Inside,Gtl,Crawfor,Norm,Norm,1Fam,2.5Unf,7,8,1919,1950,Gable,CompShg,MetalSd,Stucco,,0.0,TA,TA,BrkTil,TA,TA,Mn,Unf,0.0,Unf,0.0,818.0,818.0,GasA,TA,Y,SBrkr,818,818,0,1636,0.0,0.0,1,1,4,1,Gd,7,Typ,1,Gd,Detchd,1919.0,Unf,1.0,288.0,Fa,TA,N,0,0,212,0,0,0,,,,0,9,2006,WD ,Abnorml,167000,102.07823960880195,high,123.99005593536359,9,1,87,56,2454.0,1.5,56
2854,2855,909254070,70,RL,54.0,7588,Pave,,Reg,Lvl,AllPub,Inside,Gtl,Crawfor,Norm,Norm,1Fam,2Story,7,6,1920,1950,Gable,CompShg,Stucco,Stucco,,0.0,TA,TA,BrkTil,Fa,TA,No,LwQ,352.0,Unf,0.0,441.0,793.0,GasA,Gd,Y,SBrkr,901,901,0,1802,0.0,0.0,1,1,4,1,TA,9,Typ,1,Gd,Detchd,1920.0,Unf,1.0,216.0,Fa,TA,Y,0,0,40,0,0,0,,,,0,7,2006,WD ,Normal,200100,111.04328523862375,high,123.99005593536359,9,1,86,56,2595.0,1.5,42
2855,2856,909256010,50,RL,84.0,10164,Pave,,Reg,Bnk,AllPub,Inside,Gtl,SWISU,Norm,Norm,1Fam,1.5Fin,5,5,1939,1950,Gable,CompShg,VinylSd,VinylSd,,0.0,TA,TA,CBlock,TA,Fa,Av,LwQ,646.0,Unf,0.0,346.0,992.0,GasA,Fa,Y,SBrkr,992,473,0,1465,0.0,0.0,2,0,3,1,TA,6,Typ,2,TA,Detchd,1939.0,Unf,1.0,240.0,TA,TA,Y,0,126,0,0,0,0,,,,0,7,2006,WD ,Normal,131000,89.419795221843,mid,88.05220213877587,10,0,67,56,2457.0,2.0,25
2856,2857,909256020,50,RL,51.0,6191,Pave,,Reg,Lvl,AllPub,Corner,Gtl,SWISU,Norm,Norm,1Fam,1.5Fin,5,4,1941,1950,Gable,CompShg,Wd Sdng,Wd Sdng,,0.0,TA,TA,CBlock,Fa,Fa,No,LwQ,384.0,Unf,0.0,440.0,824.0,GasA,TA,N,SBrkr,824,464,0,1288,0.0,0.0,1,0,4,1,TA,6,Typ,0,,Detchd,1941.0,Unf,1.0,240.0,TA,TA,Y,0,0,0,0,0,0,,,,0,11,2006,WD ,Normal,112000,86.95652173913044,mid,88.05220213877587,10,0,65,56,2112.0,1.0,20
2857,2858,909275230,70,RL,60.0,9550,Pave,,IR1,Lvl,AllPub,Corner,Gtl,Crawfor,Norm,Norm,1Fam,2Story,7,5,1915,1970,Gable,CompShg,Wd Sdng,Wd Shng,,0.0,TA,TA,BrkTil,TA,Gd,No,ALQ,216.0,Unf,0.0,540.0,756.0,GasA,Gd,Y,SBrkr,961,756,0,1717,1.0,0.0,1,0,3,1,Gd,7,Typ,1,Gd,Detchd,1998.0,Unf,3.0,642.0,TA,TA,Y,0,35,272,0,0,0,,,,0,2,2006,WD ,Abnorml,140000,81.537565521258,high,123.99005593536359,9,1,91,36,2473.0,2.0,35
2858,2859,909275250,50,RL,66.0,21780,Pave,,Reg,Lvl,AllPub,Inside,Gtl,Crawfor,Norm,Norm,1Fam,2Story,6,5,1920,1950,Gable,CompShg,Wd Sdng,Wd Shng,,0.0,TA,TA,PConc,TA,Fa,No,Unf,0.0,Unf,0.0,817.0,817.0,GasA,Gd,Y,FuseF,940,610,0,1550,0.0,0.0,1,1,3,1,TA,7,Min2,1,TA,Detchd,1937.0,Unf,1.0,318.0,TA,TA,P,0,0,429,0,0,0,,MnPrv,,0,9,2006,WD ,Normal,195000,125.80645161290323,mid,116.60188784008884,11,0,86,56,2367.0,1.5,30
2859,2860,909276010,70,RL,,11435,Pave,,IR1,HLS,AllPub,Corner,Mod,Crawfor,Norm,Norm,1Fam,2Story,8,7,1929,1950,Gable,CompShg,BrkFace,Stucco,,0.0,TA,TA,PConc,Gd,TA,No,Unf,0.0,Unf,0.0,792.0,792.0,GasA,Fa,Y,SBrkr,792,725,0,1517,0.0,0.0,1,0,3,1,Gd,7,Typ,2,Gd,Detchd,1931.0,Unf,2.0,400.0,TA,TA,Y,0,0,0,0,0,0,,,,0,6,2006,WD ,Normal,230000,151.61502966381016,high,123.99005593536359,9,0,77,56,2309.0,1.0,56
2860,2861,909276070,50,RL,80.0,12400,Pave,,Reg,HLS,AllPub,Inside,Mod,Crawfor,Norm,Norm,1Fam,1.5Fin,5,6,1940,1950,Gable,CompShg,Wd Sdng,Wd Sdng,,0.0,TA,TA,CBlock,Gd,TA,Mn,BLQ,602.0,Unf,0.0,299.0,901.0,GasA,TA,Y,SBrkr,1125,592,0,1717,0.0,0.0,1,1,2,1,TA,7,Typ,1,Gd,Attchd,1940.0,Unf,1.0,410.0,TA,TA,Y,0,0,0,0,113,0,,,,0,2,2006,WD ,Normal,194000,112.98776936517181,mid,116.60188784008884,11,0,66,56,2618.0,1.5,30
2861,2862,909279040,30,RL,80.0,11600,Pave,,Reg,Lvl,AllPub,Inside,Gtl,Crawfor,Norm,Norm,1Fam,1Story,4,5,1922,1950,Gable,CompShg,MetalSd,MetalSd,,0.0,TA,TA,BrkTil,Fa,TA,No,Unf,0.0,Unf,0.0,700.0,700.0,GasA,Ex,Y,SBrkr,1180,0,0,1180,0.0,0.0,1,0,2,1,Fa,5,Typ,1,Gd,Detchd,1922.0,Unf,1.0,252.0,TA,Fa,Y,0,0,67,0,0,0,,,,0,7,2006,WD ,Normal,137500,116.52542372881356,mid,116.60188784008884,11,0,84,56,1880.0,1.0,20
2862,2863,909280030,50,RL,86.0,11500,Pave,,IR1,Lvl,AllPub,Inside,Gtl,Crawfor,Norm,Norm,1Fam,1.5Fin,7,7,1936,1987,Gable,CompShg,BrkFace,BrkFace,,0.0,Gd,TA,CBlock,Gd,TA,No,Rec,223.0,Unf,0.0,794.0,1017.0,GasA,Gd,Y,SBrkr,1020,1037,0,2057,0.0,0.0,1,1,3,1,Gd,6,Typ,1,Gd,Attchd,1936.0,Fin,1.0,180.0,Fa,TA,Y,0,0,0,0,322,0,,,,0,6,2006,WD ,Normal,250000,121.53621779290228,high,123.99005593536359,9,0,70,19,3074.0,1.5,49
2863,2864,909280070,50,RL,81.0,8170,Pave,,IR1,Lvl,AllPub,Inside,Gtl,Crawfor,Norm,Norm,1Fam,1.5Fin,7,7,1929,1950,Gable,CompShg,Stucco,Wd Sdng,BrkFace,270.0,Gd,Gd,BrkTil,TA,TA,No,ALQ,526.0,Unf,0.0,496.0,1022.0,GasA,Ex,Y,FuseA,1122,549,0,1671,0.0,0.0,2,0,4,1,TA,7,Typ,1,Gd,Detchd,1963.0,Unf,2.0,451.0,TA,TA,Y,0,0,0,0,0,0,,,,0,2,2006,WD ,Normal,218000,130.46080191502094,high,123.99005593536359,9,0,77,56,2693.0,2.0,49
2864,2865,909281010,70,RL,80.0,16560,Pave,,IR1,Lvl,AllPub,Inside,Gtl,Crawfor,Norm,Norm,1Fam,2Story,6,8,1932,1950,Gable,CompShg,Wd Sdng,Wd Sdng,,0.0,TA,TA,BrkTil,Gd,TA,No,Rec,503.0,Unf,0.0,449.0,952.0,GasA,TA,Y,SBrkr,1170,1175,0,2345,0.0,0.0,2,1,4,1,TA,9,Typ,1,Gd,Detchd,1932.0,Unf,2.0,360.0,TA,TA,Y,0,0,0,0,0,0,,,,0,7,2006,WD ,Normal,239000,101.91897654584221,mid,116.60188784008884,11,1,74,56,3297.0,2.5,48
2865,2866,909282060,70,RL,70.0,12320,Pave,,IR1,HLS,AllPub,Inside,Gtl,Crawfor,Norm,Norm,1Fam,2Story,7,7,1932,1990,Gable,CompShg,Wd Sdng,Wd Sdng,,0.0,TA,TA,BrkTil,TA,TA,No,Unf,0.0,Unf,0.0,637.0,637.0,GasA,Ex,Y,SBrkr,959,650,0,1609,0.0,0.0,1,1,3,1,Gd,8,Typ,2,Gd,2Types,1963.0,Unf,3.0,579.0,TA,TA,Y,0,0,0,0,104,0,,GdWo,,0,5,2006,WD ,Normal,199500,123.99005593536359,high,123.99005593536359,9,0,74,16,2246.0,1.5,49
2866,2867,909282110,70,RL,70.0,14210,Pave,,IR1,Lvl,AllPub,Inside,Gtl,Crawfor,Norm,Norm,1Fam,2Story,6,7,1930,1959,Gable,CompShg,Wd Sdng,Wd Sdng,,0.0,TA,TA,PConc,TA,TA,No,Unf,0.0,Unf,0.0,697.0,697.0,GasA,Ex,Y,SBrkr,1104,697,0,1801,0.0,0.0,1,1,3,1,TA,8,Typ,1,Gd,Attchd,1930.0,Unf,2.0,365.0,Fa,TA,Y,0,90,0,0,0,0,,MnPrv,,0,11,2006,WD ,Normal,210000,116.60188784008884,mid,116.60188784008884,11,0,76,47,2498.0,1.5,42
2867,2868,909425120,20,RL,90.0,14115,Pave,,IR1,Lvl,AllPub,Inside,Gtl,Crawfor,Norm,Norm,1Fam,1Story,6,7,1956,2004,Gable,CompShg,Stone,Stone,,0.0,TA,TA,PConc,TA,TA,No,ALQ,296.0,GLQ,547.0,230.0,1073.0,GasA,Ex,Y,SBrkr,1811,0,0,1811,0.0,0.0,1,0,2,1,Ex,6,Typ,1,Gd,Attchd,1956.0,Fin,2.0,470.0,TA,TA,Y,0,0,280,0,0,0,,,,0,7,2006,WD ,Abnorml,230000,127.00165654334621,mid,116.60188784008884,11,0,50,2,2884.0,1.0,42
2868,2869,909425180,20,RL,80.0,12984,Pave,,Reg,Bnk,AllPub,Inside,Gtl,Crawfor,Norm,Norm,1Fam,1Story,5,6,1977,1977,Gable,CompShg,Plywood,Plywood,BrkFace,459.0,TA,TA,CBlock,Gd,TA,Mn,ALQ,1283.0,LwQ,147.0,0.0,1430.0,GasA,Ex,Y,SBrkr,1647,0,0,1647,1.0,0.0,2,0,3,1,Gd,7,Typ,1,TA,Attchd,1977.0,Fin,2.0,621.0,TA,TA,Y,0,0,0,0,0,0,,,,0,3,2006,WD ,Normal,217500,132.05828779599273,mid,116.60188784008884,11,0,29,29,3077.0,3.0,30
2869,2870,909426060,60,RL,78.0,15600,Pave,,Reg,Lvl,AllPub,Inside,Gtl,Crawfor,Norm,Norm,1Fam,2Story,5,7,1950,1963,Gable,CompShg,Wd Sdng,Wd Sdng,BrkFace,405.0,TA,Gd,CBlock,Gd,TA,No,GLQ,760.0,Unf,0.0,408.0,1168.0,GasA,Gd,Y,SBrkr,1278,1037,0,2315,1.0,0.0,2,0,4,1,TA,9,Typ,3,Gd,Attchd,1950.0,Fin,1.0,342.0,TA,TA,Y,0,0,0,0,192,0,,,,0,7,2006,WD ,Normal,257000,111.01511879049676,mid,116.60188784008884,11,0,56,43,3483.0,3.0,35
2870,2871,909428110,190,RL,90.0,15750,Pave,,Reg,Lvl,AllPub,Corner,Gtl,Crawfor,Norm,Norm,2fmCon,1Story,5,5,1953,1953,Hip,CompShg,MetalSd,MetalSd,BrkFace,56.0,TA,TA,CBlock,TA,TA,Mn,BLQ,841.0,Unf,0.0,324.0,1165.0,GasA,TA,Y,SBrkr,1336,0,0,1336,1.0,0.0,1,0,2,1,TA,5,Typ,2,Gd,Attchd,1953.0,Unf,1.0,375.0,TA,TA,Y,0,0,0,0,0,0,,,,0,6,2006,WD ,Normal,157000,117.51497005988024,mid,116.60188784008884,11,0,53,53,2501.0,2.0,25
2871,2872,909475020,20,RL,,16381,Pave,,IR1,Lvl,AllPub,Inside,Gtl,Crawfor,Norm,Norm,1Fam,1Story,6,5,1969,1969,Gable,CompShg,Plywood,Plywood,BrkFace,312.0,Gd,Gd,CBlock,TA,TA,Av,Rec,1110.0,Unf,0.0,734.0,1844.0,GasA,Gd,Y,SBrkr,1844,0,0,1844,1.0,0.0,2,0,3,1,Gd,7,Typ,1,TA,Attchd,1969.0,RFn,2.0,540.0,TA,TA,Y,0,73,216,0,0,0,,,,0,12,2006,WD ,Normal,223000,120.93275488069415,mid,116.60188784008884,11,0,37,37,3688.0,3.0,30
2872,2873,910200020,30,RM,50.0,7288,Pave,,Reg,Lvl,AllPub,Inside,Gtl,IDOTRR,Artery,Norm,1Fam,1Story,5,6,1942,1950,Gable,CompShg,MetalSd,MetalSd,,0.0,TA,TA,CBlock,TA,TA,Mn,Rec,305.0,Unf,0.0,671.0,976.0,GasA,TA,N,SBrkr,976,0,0,976,1.0,0.0,1,0,2,1,TA,5,Typ,0,,Detchd,1942.0,Unf,1.0,215.0,TA,TA,N,160,0,0,0,0,0,,,,0,8,2006,WD ,AdjLand,102000,104.50819672131148,mid,91.46341463414635,15,0,64,56,1952.0,2.0,30
2873,2874,910200060,50,RM,50.0,7000,Pave,,Reg,Lvl,AllPub,Inside,Gtl,IDOTRR,Norm,Norm,1Fam,1.5Fin,6,7,1926,1950,Hip,CompShg,MetalSd,MetalSd,,0.0,TA,TA,PConc,TA,TA,No,ALQ,374.0,Unf,0.0,487.0,861.0,GasA,Ex,Y,SBrkr,861,424,0,1285,0.0,1.0,1,0,3,1,TA,6,Typ,0,,Detchd,1950.0,Fin,2.0,506.0,TA,TA,Y,96,0,132,0,0,0,,MnPrv,,0,5,2006,WD ,Normal,145400,113.15175097276264,mid,91.46341463414635,15,0,80,56,2146.0,1.5,42
2874,2875,910203100,30,RM,61.0,8534,Pave,,Reg,Low,AllPub,Inside,Gtl,IDOTRR,Norm,Norm,1Fam,1Story,4,4,1925,1950,Gable,CompShg,Wd Sdng,Wd Sdng,,0.0,TA,TA,BrkTil,Fa,TA,No,Unf,0.0,Unf,0.0,432.0,432.0,GasA,TA,N,FuseA,672,0,0,672,0.0,0.0,1,0,2,1,TA,4,Min1,0,,,,,0.0,0.0,,,N,0,0,112,0,0,0,,GdWo,,0,6,2006,WD ,Normal,72000,107.14285714285714,mid,91.46341463414635,15,0,81,56,1104.0,1.0,16
2875,2876,910203230,30,RM,50.0,7030,Pave,,Reg,Lvl,AllPub,Inside,Gtl,IDOTRR,Norm,Norm,1Fam,1Story,4,6,1925,1950,Gable,CompShg,MetalSd,MetalSd,,0.0,TA,TA,BrkTil,TA,TA,No,Unf,0.0,Unf,0.0,641.0,641.0,GasA,Gd,Y,SBrkr,641,0,0,641,0.0,0.0,1,0,2,1,Fa,4,Typ,0,,Detchd,1925.0,Unf,1.0,272.0,TA,TA,N,184,0,70,0,0,0,,MnPrv,,0,3,2006,WD ,Normal,85000,132.60530421216848,mid,91.46341463414635,15,0,81,56,1282.0,1.0,24
2876,2877,910207110,30,RM,50.0,8765,Pave,Grvl,Reg,Lvl,AllPub,Inside,Gtl,IDOTRR,Norm,Norm,1Fam,1Story,4,6,1936,1950,Gable,CompShg,Wd Sdng,Wd Sdng,,0.0,TA,TA,BrkTil,TA,TA,No,ALQ,285.0,Unf,0.0,666.0,951.0,GasA,Ex,N,SBrkr,951,0,0,951,0.0,0.0,1,0,2,1,TA,6,Typ,0,,Detchd,1936.0,Unf,1.0,327.0,TA,TA,Y,0,28,0,0,0,0,,,,0,4,2006,WD ,Abnorml,106500,111.98738170347004,mid,91.46341463414635,15,0,70,56,1902.0,1.0,24
2877,2878,910226060,50,RM,75.0,9060,Pave,,Reg,Lvl,AllPub,Inside,Gtl,IDOTRR,Norm,Norm,1Fam,1.5Fin,6,5,1957,1957,Gable,CompShg,MetalSd,MetalSd,BrkFace,327.0,TA,TA,CBlock,TA,TA,No,Unf,0.0,Unf,0.0,967.0,967.0,GasA,Gd,Y,SBrkr,967,671,0,1638,0.0,0.0,2,0,4,1,Gd,6,Typ,0,,Detchd,1957.0,Unf,1.0,384.0,TA,TA,Y,0,21,0,0,0,0,,,,0,4,2006,WD ,Normal,139000,84.85958485958486,mid,91.46341463414635,15,0,49,49,2605.0,2.0,30
2878,2879,911175360,50,C (all),60.0,11040,Pave,,Reg,Low,AllPub,Inside,Mod,IDOTRR,Norm,Norm,1Fam,1.5Fin,4,6,1920,1950,Gable,CompShg,MetalSd,MetalSd,,0.0,TA,TA,CBlock,TA,TA,No,Rec,637.0,Unf,0.0,0.0,637.0,GasA,Gd,Y,SBrkr,897,439,0,1336,0.0,0.0,1,1,3,1,TA,7,Typ,0,,CarPort,1994.0,Unf,1.0,570.0,TA,TA,Y,0,47,120,0,0,0,,,,0,9,2006,COD,Normal,108000,80.83832335329342,mid,91.46341463414635,15,1,86,56,1973.0,1.5,24
2879,2880,911175410,30,C (all),69.0,12366,Pave,,Reg,Lvl,AllPub,Inside,Gtl,IDOTRR,Feedr,Norm,1Fam,1Story,3,5,1945,1950,Gable,CompShg,Wd Sdng,Wd Sdng,,0.0,TA,TA,Slab,,,,,0.0,,0.0,0.0,0.0,GasA,TA,N,SBrkr,729,0,0,729,0.0,0.0,1,0,2,1,TA,5,Mod,0,,,,,0.0,0.0,,,N,0,0,23,0,0,0,,,,0,10,2006,WD ,Abnorml,51689,70.9039780521262,low,73.56458333333333,5,0,61,56,729.0,1.0,15
2880,2881,911175430,20,C (all),50.0,9000,Pave,,Reg,Lvl,AllPub,Inside,Gtl,IDOTRR,Norm,Norm,1Fam,1Story,2,3,1949,1950,Gable,CompShg,AsbShng,AsbShng,,0.0,TA,TA,CBlock,TA,TA,Av,BLQ,50.0,Unf,0.0,430.0,480.0,GasA,TA,N,FuseA,480,0,0,480,1.0,0.0,0,0,1,1,TA,4,Typ,0,,Detchd,1958.0,Unf,1.0,308.0,TA,TA,Y,0,0,0,0,0,0,,,,0,10,2006,WD ,Abnorml,35311,73.56458333333333,low,73.56458333333333,5,0,57,56,960.0,1.0,6
2881,2882,911175440,190,C (all),50.0,9000,Pave,,Reg,Lvl,AllPub,Inside,Gtl,IDOTRR,Norm,Norm,2fmCon,1.5Fin,5,6,1951,1951,Gable,CompShg,WdShing,Wd Shng,,0.0,Fa,Fa,CBlock,TA,TA,Mn,Unf,0.0,Unf,0.0,660.0,660.0,GasA,TA,N,SBrkr,1060,336,0,1396,0.0,0.0,2,0,4,2,TA,8,Min2,0,,,,,0.0,0.0,,,Y,0,0,0,0,0,0,,,,0,10,2006,WD ,Abnorml,115000,82.378223495702,mid,91.46341463414635,15,0,55,55,2056.0,2.0,30
2882,2883,911225110,50,C (all),60.0,8520,Grvl,,Reg,Bnk,AllPub,Inside,Gtl,IDOTRR,Norm,Norm,1Fam,1.5Fin,3,5,1916,1950,Gable,CompShg,MetalSd,MetalSd,,0.0,TA,TA,PConc,Fa,Fa,No,Unf,0.0,Unf,0.0,216.0,216.0,GasA,Fa,N,SBrkr,576,360,0,936,0.0,0.0,1,0,2,1,TA,6,Typ,0,,,,,0.0,0.0,,,N,0,0,0,0,0,0,,,,0,4,2006,WD ,Normal,78000,83.33333333333333,low,73.56458333333333,5,0,90,56,1152.0,1.0,15
2883,2884,911370430,120,RM,41.0,5748,Pave,,IR1,HLS,AllPub,Inside,Mod,Crawfor,Norm,Norm,TwnhsE,1Story,8,5,2005,2006,Hip,CompShg,CemntBd,CmentBd,Stone,473.0,Gd,TA,PConc,Ex,TA,Gd,GLQ,1573.0,Unf,0.0,0.0,1573.0,GasA,Ex,Y,SBrkr,1778,0,0,1778,2.0,0.0,2,0,2,1,Ex,5,Typ,1,Gd,Attchd,2005.0,Fin,2.0,495.0,TA,TA,Y,123,53,0,0,153,0,,,,0,2,2006,New,Partial,375000,210.9111361079865,high,123.99005593536359,9,0,1,0,3351.0,4.0,40
2884,2885,911370530,120,RM,44.0,3842,Pave,,IR1,HLS,AllPub,Inside,Mod,Crawfor,Norm,Norm,TwnhsE,1Story,8,5,2004,2005,Hip,CompShg,CemntBd,CmentBd,Stone,186.0,Gd,TA,PConc,Ex,TA,Gd,GLQ,1564.0,Unf,0.0,30.0,1594.0,GasA,Ex,Y,SBrkr,1646,0,0,1646,1.0,1.0,2,0,2,1,Gd,5,Typ,1,Gd,Attchd,2004.0,Fin,2.0,525.0,TA,TA,Y,128,53,0,0,155,0,,,,0,12,2006,WD ,Normal,300000,182.26002430133659,high,123.99005593536359,9,0,2,1,3240.0,3.5,40
2885,2886,913350030,20,RL,69.0,23580,Pave,,IR1,Lvl,AllPub,Inside,Mod,Mitchel,Norm,Norm,1Fam,1Story,6,6,1979,1979,Gable,CompShg,Plywood,Plywood,,0.0,TA,TA,CBlock,Gd,TA,Gd,GLQ,776.0,Unf,0.0,849.0,1625.0,GasA,TA,Y,SBrkr,1625,0,0,1625,0.0,1.0,2,0,3,1,Fa,6,Typ,1,TA,Attchd,1979.0,Fin,2.0,576.0,TA,TA,Y,136,28,0,0,0,0,,,,0,9,2006,WD ,Normal,242500,149.23076923076923,mid,122.3521291850371,18,0,27,27,3250.0,2.5,36
2886,2887,914452060,90,RL,65.0,8385,Pave,,Reg,Lvl,AllPub,Inside,Gtl,Mitchel,Norm,Norm,Duplex,1Story,6,5,1978,1978,Gable,CompShg,Plywood,Plywood,,0.0,TA,TA,CBlock,TA,TA,Mn,Unf,0.0,Unf,0.0,1664.0,1664.0,GasA,TA,Y,SBrkr,1664,0,0,1664,0.0,0.0,2,0,4,2,TA,10,Typ,0,,2Types,1978.0,Unf,2.0,616.0,TA,TA,Y,0,0,0,0,0,0,,,,0,10,2006,WD ,Normal,145000,87.13942307692308,mid,122.3521291850371,18,1,28,28,3328.0,2.0,30
2887,2888,914474020,20,RL,70.0,9116,Pave,,Reg,Lvl,AllPub,Corner,Gtl,Mitchel,Norm,Norm,1Fam,1Story,8,5,2001,2001,Hip,CompShg,VinylSd,VinylSd,,0.0,Gd,TA,PConc,Ex,TA,No,Unf,0.0,Unf,0.0,1491.0,1491.0,GasA,Ex,Y,SBrkr,1491,0,0,1491,0.0,0.0,2,0,3,1,Gd,7,Typ,0,,Attchd,2001.0,RFn,2.0,490.0,TA,TA,Y,120,100,0,0,0,0,,,,0,5,2006,WD ,Normal,209000,140.17437961099932,high,117.08718980549966,4,0,5,5,2982.0,2.0,40
2888,2889,914476050,90,RL,78.0,10530,Pave,,Reg,Lvl,AllPub,Inside,Gtl,Mitchel,Norm,Norm,Duplex,SFoyer,6,5,1977,1977,Gable,CompShg,Plywood,ImStucc,BrkFace,90.0,TA,TA,CBlock,Gd,TA,Gd,GLQ,975.0,Unf,0.0,0.0,975.0,GasA,TA,Y,SBrkr,1004,0,0,1004,1.0,0.0,1,0,2,1,TA,4,Typ,0,,Attchd,1977.0,Unf,2.0,504.0,TA,TA,Y,0,0,0,0,0,0,,,,0,5,2006,WD ,Normal,135000,134.4621513944223,mid,122.3521291850371,18,0,29,29,1979.0,2.0,30
2889,2890,914476130,80,RL,140.0,11080,Pave,,Reg,Lvl,AllPub,Corner,Gtl,Mitchel,Norm,Norm,1Fam,SLvl,6,6,1975,1975,Gable,CompShg,Plywood,Plywood,BrkFace,257.0,TA,TA,CBlock,TA,TA,Av,GLQ,576.0,Unf,0.0,552.0,1128.0,GasA,TA,Y,SBrkr,1210,0,0,1210,1.0,0.0,2,0,3,1,TA,6,Typ,0,,Attchd,1975.0,Unf,2.0,528.0,TA,TA,Y,0,0,0,0,0,0,,,,0,5,2006,WD ,Normal,148000,122.31404958677686,mid,122.3521291850371,18,0,31,31,2338.0,3.0,36
2890,2891,914476500,90,RL,82.0,11070,Pave,,Reg,Lvl,AllPub,Inside,Gtl,Mitchel,Norm,Norm,Duplex,1Story,7,5,1988,1989,Gable,CompShg,VinylSd,VinylSd,BrkFace,70.0,TA,TA,CBlock,TA,TA,No,Unf,0.0,Unf,0.0,1907.0,1907.0,GasA,Gd,Y,SBrkr,1959,0,0,1959,0.0,0.0,3,0,5,2,TA,9,Typ,0,,2Types,1989.0,Unf,3.0,766.0,TA,TA,Y,0,0,0,0,0,0,,,,0,7,2006,WD ,Family,171000,87.28943338437979,high,117.08718980549966,4,1,18,17,3866.0,3.0,35
2891,2892,916225130,60,RL,42.0,26178,Pave,,IR1,Lvl,AllPub,Inside,Mod,Timber,Norm,Norm,1Fam,2Story,7,5,1989,1990,Hip,CompShg,MetalSd,MetalSd,BrkFace,293.0,Gd,TA,PConc,Gd,TA,Gd,GLQ,965.0,Unf,0.0,245.0,1210.0,GasA,Ex,Y,SBrkr,1238,1281,0,2519,1.0,0.0,2,1,4,1,Gd,9,Typ,2,Gd,Attchd,1989.0,RFn,2.0,628.0,TA,TA,Y,320,27,0,0,0,0,,,,0,4,2006,WD ,Normal,335000,132.9892814608972,high,148.84699212022375,8,1,17,16,3729.0,3.5,35
2892,2893,916252170,120,RM,,8239,Pave,,IR1,Lvl,AllPub,Inside,Gtl,GrnHill,Norm,Norm,TwnhsE,1Story,7,5,1986,1986,Gable,CompShg,BrkFace,Wd Sdng,,0.0,Gd,TA,CBlock,,,,,0.0,,0.0,0.0,0.0,GasA,Gd,Y,SBrkr,1295,0,0,1295,0.0,0.0,2,0,2,1,Gd,5,Typ,0,,Attchd,1986.0,RFn,1.0,312.0,TA,TA,Y,0,0,0,0,0,0,,,,0,11,2006,WD ,Normal,230000,177.6061776061776,high,177.6061776061776,1,0,20,20,1295.0,2.0,35
2893,2894,916325040,20,RL,,50102,Pave,,IR1,Low,AllPub,Inside,Mod,Timber,Norm,Norm,1Fam,1Story,6,5,1958,1958,Gable,Tar&Grv,Plywood,Plywood,,0.0,TA,TA,CBlock,Gd,TA,Gd,BLQ,909.0,Unf,0.0,723.0,1632.0,GasA,TA,Y,SBrkr,1650,0,0,1650,1.0,0.0,1,0,2,1,TA,6,Typ,2,Gd,Attchd,1958.0,Unf,2.0,518.0,TA,TA,Y,0,0,0,0,138,0,,,,0,3,2006,WD ,Alloca,250764,151.9781818181818,mid,151.9781818181818,3,0,48,48,3282.0,2.0,30
2894,2895,916326010,20,RL,,16669,Pave,,IR1,Lvl,AllPub,Corner,Gtl,Timber,Norm,Norm,1Fam,1Story,8,6,1981,1981,Hip,WdShake,Plywood,Plywood,BrkFace,653.0,Gd,TA,CBlock,Gd,TA,No,Unf,0.0,Unf,0.0,1686.0,1686.0,GasA,TA,Y,SBrkr,1707,0,0,1707,0.0,0.0,2,1,2,1,TA,6,Typ,1,TA,Attchd,1981.0,RFn,2.0,511.0,TA,TA,Y,574,64,0,0,0,0,,,,0,1,2006,WD ,Normal,228000,133.5676625659051,high,148.84699212022375,8,1,25,25,3393.0,2.5,48
2895,2896,916402125,20,RL,54.0,13811,Pave,,IR1,Lvl,AllPub,Inside,Gtl,Timber,Norm,Norm,1Fam,1Story,6,6,1987,1987,Gable,CompShg,HdBoard,HdBoard,BrkFace,72.0,TA,TA,CBlock,Gd,Gd,No,GLQ,980.0,LwQ,40.0,92.0,1112.0,GasA,Gd,Y,SBrkr,1137,0,0,1137,1.0,0.0,2,0,2,1,Gd,5,Typ,1,TA,Attchd,1987.0,Unf,2.0,551.0,TA,TA,Y,125,0,0,0,0,0,,,,0,7,2006,WD ,Normal,176000,154.79331574318383,mid,151.9781818181818,3,0,19,19,2249.0,3.0,36
2896,2897,916403020,20,RL,50.0,8049,Pave,,IR1,Lvl,AllPub,CulDSac,Gtl,Timber,Norm,Norm,1Fam,1Story,7,5,1990,1990,Hip,CompShg,HdBoard,HdBoard,BrkFace,54.0,TA,TA,CBlock,Gd,TA,No,ALQ,1053.0,Unf,0.0,256.0,1309.0,GasA,TA,Y,SBrkr,1339,0,0,1339,1.0,0.0,2,0,2,1,TA,6,Typ,1,TA,Attchd,1990.0,Fin,2.0,484.0,Gd,Gd,Y,0,58,0,0,90,0,,,,0,7,2006,WD ,Normal,180000,134.42867811799852,high,148.84699212022375,8,0,16,16,2648.0,3.0,35
2897,2898,916403130,60,RL,,11170,Pave,,IR2,Lvl,AllPub,Corner,Gtl,Timber,Norm,Norm,1Fam,2Story,7,5,1990,1991,Gable,CompShg,MetalSd,MetalSd,,0.0,TA,TA,Wood,Gd,TA,No,LwQ,1216.0,Unf,0.0,0.0,1216.0,GasA,Ex,Y,SBrkr,1298,1216,0,2514,0.0,0.0,2,1,4,1,TA,8,Typ,0,,Attchd,1990.0,Fin,2.0,693.0,TA,TA,Y,0,0,0,0,0,0,,GdPrv,,0,4,2006,WD ,Normal,250000,99.44311853619729,high,148.84699212022375,8,1,16,15,3730.0,2.5,35
2898,2899,916460070,20,RL,,8098,Pave,,IR1,Lvl,AllPub,Inside,Gtl,Timber,Norm,Norm,1Fam,1Story,6,5,2000,2000,Gable,CompShg,VinylSd,VinylSd,,0.0,Gd,TA,Wood,Gd,TA,Av,GLQ,1136.0,BLQ,116.0,129.0,1381.0,GasA,Ex,Y,SBrkr,1403,0,0,1403,1.0,0.0,2,0,2,1,Gd,5,Typ,0,,Attchd,2000.0,Unf,2.0,470.0,TA,TA,Y,0,173,0,0,0,0,,,,0,10,2006,WD ,Normal,202000,143.97719173200286,mid,151.9781818181818,3,0,6,6,2784.0,3.0,30
2899,2900,916475100,20,RL,85.0,14331,Pave,,Reg,Lvl,AllPub,Inside,Gtl,Timber,Norm,Norm,1Fam,1Story,8,5,2002,2002,Hip,CompShg,VinylSd,VinylSd,BrkFace,630.0,Gd,TA,PConc,Ex,TA,Gd,GLQ,1274.0,Unf,0.0,526.0,1800.0,GasA,Ex,Y,SBrkr,1800,0,0,1800,1.0,0.0,2,0,3,1,Gd,7,Typ,1,Gd,Attchd,2002.0,Fin,3.0,765.0,TA,TA,Y,270,78,0,0,0,0,,,,0,5,2006,WD ,Normal,312500,173.61111111111111,high,148.84699212022375,8,0,4,4,3600.0,3.0,40
2900,2901,916477010,20,RL,95.0,13618,Pave,,Reg,Lvl,AllPub,Corner,Gtl,Timber,Norm,Norm,1Fam,1Story,8,5,2005,2006,Gable,CompShg,VinylSd,VinylSd,Stone,198.0,Gd,TA,PConc,Ex,Gd,Av,GLQ,1350.0,Unf,0.0,378.0,1728.0,GasA,Ex,Y,SBrkr,1960,0,0,1960,1.0,0.0,2,0,3,1,Gd,8,Typ,2,Gd,Attchd,2005.0,Fin,3.0,714.0,TA,TA,Y,172,38,0,0,0,0,,,,0,11,2006,New,Partial,320000,163.26530612244898,high,148.84699212022375,8,0,1,0,3688.0,3.0,40
2901,2902,921205030,20,RL,88.0,11443,Pave,,Reg,Lvl,AllPub,Inside,Gtl,Timber,Norm,Norm,1Fam,1Story,8,5,2005,2006,Hip,CompShg,VinylSd,VinylSd,BrkFace,208.0,Gd,TA,PConc,Ex,TA,Gd,GLQ,1460.0,Unf,0.0,408.0,1868.0,GasA,Ex,Y,SBrkr,2028,0,0,2028,1.0,0.0,2,0,2,1,Gd,7,Typ,2,Gd,Attchd,2005.0,RFn,3.0,880.0,TA,TA,Y,326,66,0,0,0,0,,,,0,3,2006,New,Partial,369900,182.39644970414201,high,148.84699212022375,8,0,1,0,3896.0,3.0,40
2902,2903,921205050,20,RL,88.0,11577,Pave,,Reg,Lvl,AllPub,Inside,Gtl,Timber,Norm,Norm,1Fam,1Story,9,5,2005,2006,Hip,CompShg,VinylSd,VinylSd,BrkFace,382.0,Ex,TA,PConc,Gd,TA,Gd,GLQ,1455.0,Unf,0.0,383.0,1838.0,GasA,Ex,Y,SBrkr,1838,0,0,1838,1.0,0.0,2,0,3,1,Ex,9,Typ,1,Gd,Attchd,2005.0,Fin,3.0,682.0,TA,TA,Y,161,225,0,0,0,0,,,,0,9,2006,New,Partial,359900,195.8106637649619,high,148.84699212022375,8,0,1,0,3676.0,3.0,45
2903,2904,923125030,20,A (agr),125.0,31250,Pave,,Reg,Lvl,AllPub,Inside,Gtl,Mitchel,Artery,Norm,1Fam,1Story,1,3,1951,1951,Gable,CompShg,CBlock,VinylSd,,0.0,TA,Fa,CBlock,,,,,0.0,,0.0,0.0,0.0,GasA,TA,Y,FuseA,1600,0,0,1600,0.0,0.0,1,1,3,1,TA,6,Mod,0,,Attchd,1951.0,Unf,1.0,270.0,Fa,TA,N,0,0,135,0,0,0,,,,0,5,2006,WD ,Normal,81500,50.9375,low,50.9375,1,0,55,55,1600.0,1.5,3
2904,2905,923202025,90,RM,78.0,7020,Pave,,Reg,Lvl,AllPub,Inside,Gtl,Mitchel,Norm,Norm,Duplex,SFoyer,7,5,1997,1997,Gable,CompShg,MetalSd,MetalSd,BrkFace,200.0,TA,Gd,PConc,Gd,TA,Gd,GLQ,1243.0,Unf,0.0,45.0,1288.0,GasA,Gd,Y,SBrkr,1368,0,0,1368,2.0,0.0,2,0,2,2,TA,8,Typ,0,,Attchd,1997.0,Fin,4.0,784.0,TA,TA,Y,0,48,0,0,0,0,,,,0,11,2006,WD ,Normal,215000,157.16374269005848,high,117.08718980549966,4,0,9,9,2656.0,4.0,35
2905,2906,923203090,120,RM,32.0,4500,Pave,,Reg,Lvl,AllPub,FR2,Gtl,Mitchel,Norm,Norm,Twnhs,1Story,6,5,1998,1998,Hip,CompShg,VinylSd,VinylSd,BrkFace,116.0,TA,TA,PConc,Ex,TA,No,GLQ,897.0,Unf,0.0,319.0,1216.0,GasA,Ex,Y,SBrkr,1216,0,0,1216,1.0,0.0,2,0,2,1,TA,5,Typ,0,,Attchd,1998.0,Unf,2.0,402.0,TA,TA,Y,0,125,0,0,0,0,,,,0,5,2006,WD ,Normal,164000,134.8684210526316,mid,122.3521291850371,18,0,8,8,2432.0,3.0,30
2906,2907,923203100,120,RM,32.0,4500,Pave,,Reg,Lvl,AllPub,FR2,Gtl,Mitchel,Norm,Norm,TwnhsE,1Story,6,5,1998,1998,Hip,CompShg,VinylSd,VinylSd,BrkFace,443.0,TA,Gd,PConc,Ex,Gd,No,GLQ,1201.0,Unf,0.0,36.0,1237.0,GasA,Ex,Y,SBrkr,1337,0,0,1337,1.0,0.0,2,0,2,1,TA,5,Typ,0,,Attchd,1998.0,Fin,2.0,405.0,TA,TA,Y,0,199,0,0,0,0,,,,0,3,2006,WD ,Normal,153500,114.80927449513837,mid,122.3521291850371,18,0,8,8,2574.0,3.0,30
2907,2908,923205120,20,RL,90.0,17217,Pave,,Reg,Lvl,AllPub,Inside,Gtl,Mitchel,Norm,Norm,1Fam,1Story,5,5,2006,2006,Gable,CompShg,VinylSd,VinylSd,,0.0,TA,TA,PConc,Gd,TA,No,Unf,0.0,Unf,0.0,1140.0,1140.0,GasA,Ex,Y,SBrkr,1140,0,0,1140,0.0,0.0,1,0,3,1,TA,6,Typ,0,,,,,0.0,0.0,,,Y,36,56,0,0,0,0,,,,0,7,2006,WD ,Abnorml,84500,74.12280701754386,mid,122.3521291850371,18,1,0,0,2280.0,1.0,25
2908,2909,923225190,160,RM,41.0,2665,Pave,,Reg,Lvl,AllPub,Inside,Gtl,MeadowV,Norm,Norm,TwnhsE,2Story,5,6,1977,1977,Gable,CompShg,CemntBd,CmentBd,,0.0,TA,TA,PConc,Gd,TA,Mn,Unf,0.0,Unf,0.0,264.0,264.0,GasA,TA,Y,SBrkr,616,688,0,1304,0.0,0.0,1,1,3,1,TA,5,Typ,1,TA,BuiltIn,1977.0,RFn,1.0,336.0,TA,TA,Y,141,0,0,0,0,0,,,,0,5,2006,WD ,Normal,104500,80.13803680981596,mid,80.15601474190431,10,0,29,29,1568.0,1.5,30
2909,2910,923225240,160,RM,41.0,2665,Pave,,Reg,Lvl,AllPub,Inside,Gtl,MeadowV,Norm,Norm,TwnhsE,2Story,5,6,1977,1977,Gable,CompShg,CemntBd,CmentBd,,0.0,TA,TA,PConc,TA,TA,No,ALQ,548.0,Rec,173.0,36.0,757.0,GasA,Ex,Y,SBrkr,925,550,0,1475,0.0,0.0,2,0,4,1,TA,6,Typ,1,TA,Attchd,1977.0,RFn,1.0,336.0,TA,TA,Y,104,26,0,0,0,0,,,,0,7,2006,WD ,Normal,127000,86.10169491525424,mid,80.15601474190431,10,0,29,29,2232.0,2.0,30
2910,2911,923225260,160,RM,42.0,3964,Pave,,Reg,Lvl,AllPub,Inside,Gtl,MeadowV,Norm,Norm,TwnhsE,2Story,6,4,1973,1973,Gable,CompShg,CemntBd,CmentBd,,0.0,TA,TA,CBlock,Gd,TA,No,ALQ,837.0,Unf,0.0,105.0,942.0,GasA,Gd,Y,SBrkr,1291,1230,0,2521,1.0,0.0,2,1,5,1,TA,10,Maj1,1,Gd,Attchd,1973.0,Fin,2.0,576.0,TA,TA,Y,728,20,0,0,0,0,,GdPrv,,0,6,2006,WD ,Normal,151400,60.05553351844506,mid,80.15601474190431,10,1,33,33,3463.0,3.5,24
2911,2912,923225510,20,RL,58.0,10172,Pave,,IR1,Lvl,AllPub,Inside,Gtl,Mitchel,Norm,Norm,1Fam,1Story,5,7,1968,2003,Gable,CompShg,Plywood,Plywood,,0.0,TA,TA,CBlock,TA,TA,No,ALQ,441.0,Unf,0.0,423.0,864.0,GasA,Ex,Y,SBrkr,874,0,0,874,1.0,0.0,1,0,3,1,TA,5,Typ,0,,Attchd,1968.0,RFn,1.0,288.0,TA,TA,Y,0,120,0,0,0,0,,,,0,10,2006,WD ,Normal,126500,144.73684210526315,mid,122.3521291850371,18,0,38,3,1738.0,2.0,35
2912,2913,923226150,90,RL,,11836,Pave,,IR1,Lvl,AllPub,Corner,Gtl,Mitchel,Norm,Norm,Duplex,1Story,5,5,1970,1970,Gable,CompShg,Plywood,Plywood,,0.0,TA,TA,CBlock,TA,TA,No,BLQ,149.0,Unf,0.0,1503.0,1652.0,GasA,TA,Y,SBrkr,1652,0,0,1652,0.0,0.0,2,0,4,2,TA,8,Typ,0,,2Types,1970.0,Unf,3.0,928.0,TA,TA,Y,0,0,0,0,0,0,,,,0,3,2006,WD ,Normal,146500,88.68038740920097,mid,122.3521291850371,18,1,36,36,3304.0,2.0,25
2913,2914,923226180,180,RM,21.0,1470,Pave,,Reg,Lvl,AllPub,Inside,Gtl,MeadowV,Norm,Norm,Twnhs,SFoyer,4,6,1970,1970,Gable,CompShg,CemntBd,CmentBd,,0.0,TA,TA,CBlock,Gd,TA,Av,GLQ,522.0,Unf,0.0,108.0,630.0,GasA,TA,Y,SBrkr,630,0,0,630,1.0,0.0,1,0,1,1,TA,3,Typ,0,,,,,0.0,0.0,,,Y,0,0,0,0,0,0,,,,0,4,2006,WD ,Normal,73000,115.87301587301587,mid,80.15601474190431,10,0,36,36,1260.0,2.0,24
2914,2915,923226290,160,RM,21.0,1484,Pave,,Reg,Lvl,AllPub,Inside,Gtl,MeadowV,Norm,Norm,TwnhsE,2Story,4,4,1972,1972,Gable,CompShg,CemntBd,CmentBd,,0.0,TA,TA,CBlock,TA,TA,No,Rec,252.0,Unf,0.0,294.0,546.0,GasA,TA,Y,SBrkr,546,546,0,1092,0.0,0.0,1,1,3,1,TA,5,Typ,0,,Attchd,1972.0,Unf,1.0,253.0,TA,Fa,Y,0,0,0,0,0,0,,,,0,5,2006,WD ,Normal,79400,72.71062271062272,mid,80.15601474190431,10,0,34,34,1638.0,1.5,16
2915,2916,923227100,20,RL,80.0,13384,Pave,,Reg,Lvl,AllPub,Inside,Mod,Mitchel,Norm,Norm,1Fam,1Story,5,5,1969,1979,Gable,CompShg,Plywood,Plywood,BrkFace,194.0,TA,TA,PConc,TA,TA,Av,Rec,119.0,BLQ,344.0,641.0,1104.0,GasA,Fa,Y,SBrkr,1360,0,0,1360,1.0,0.0,1,0,3,1,TA,8,Typ,1,TA,Attchd,1969.0,RFn,1.0,336.0,TA,TA,Y,160,0,0,0,0,0,,,,0,5,2006,WD ,Normal,140000,102.94117647058823,mid,122.3521291850371,18,1,37,27,2464.0,2.0,25
2916,2917,923228130,180,RM,21.0,1533,Pave,,Reg,Lvl,AllPub,Inside,Gtl,MeadowV,Norm,Norm,Twnhs,SFoyer,5,7,1970,1970,Gable,CompShg,CemntBd,CmentBd,,0.0,TA,TA,CBlock,Gd,TA,Av,GLQ,553.0,Unf,0.0,77.0,630.0,GasA,Ex,Y,SBrkr,630,0,0,630,1.0,0.0,1,0,1,1,Ex,3,Typ,0,,,,,0.0,0.0,,,Y,0,0,0,0,0,0,,,,0,8,2006,WD ,Abnorml,92000,146.03174603174602,mid,80.15601474190431,10,0,36,36,1260.0,2.0,35
2917,2918,923228180,160,RM,21.0,1533,Pave,,Reg,Lvl,AllPub,Inside,Gtl,MeadowV,Norm,Norm,Twnhs,2Story,4,5,1970,1970,Gable,CompShg,CemntBd,CmentBd,,0.0,TA,TA,CBlock,TA,TA,No,Rec,408.0,Unf,0.0,138.0,546.0,GasA,TA,Y,SBrkr,546,546,0,1092,0.0,0.0,1,1,3,1,TA,5,Typ,0,,CarPort,1970.0,Unf,1.0,286.0,TA,TA,Y,0,0,0,0,0,0,,,,0,12,2006,WD ,Abnorml,87550,80.17399267399267,mid,80.15601474190431,10,0,36,36,1638.0,1.5,20
2918,2919,923228210,160,RM,21.0,1526,Pave,,Reg,Lvl,AllPub,Inside,Gtl,MeadowV,Norm,Norm,Twnhs,2Story,4,5,1970,1970,Gable,CompShg,CemntBd,CmentBd,,0.0,TA,TA,CBlock,TA,TA,No,Unf,0.0,Unf,0.0,546.0,546.0,GasA,TA,Y,SBrkr,546,546,0,1092,0.0,0.0,1,1,3,1,TA,5,Typ,0,,,,,0.0,0.0,,,Y,0,34,0,0,0,0,,GdPrv,,0,6,2006,WD ,Normal,79500,72.8021978021978,mid,80.15601474190431,10,0,36,36,1638.0,1.5,20
2919,2920,923228260,160,RM,21.0,1936,Pave,,Reg,Lvl,AllPub,Inside,Gtl,MeadowV,Norm,Norm,Twnhs,2Story,4,7,1970,1970,Gable,CompShg,CemntBd,CmentBd,,0.0,TA,TA,CBlock,TA,TA,No,Unf,0.0,Unf,0.0,546.0,546.0,GasA,Gd,Y,SBrkr,546,546,0,1092,0.0,0.0,1,1,3,1,TA,5,Typ,0,,,,,0.0,0.0,,,Y,0,0,0,0,0,0,,,,0,6,2006,WD ,Normal,90500,82.87545787545787,mid,80.15601474190431,10,0,36,36,1638.0,1.5,28
2920,2921,923228310,160,RM,21.0,1894,Pave,,Reg,Lvl,AllPub,Inside,Gtl,MeadowV,Norm,Norm,TwnhsE,2Story,4,5,1970,1970,Gable,CompShg,CemntBd,CmentBd,,0.0,TA,TA,CBlock,TA,TA,No,Rec,252.0,Unf,0.0,294.0,546.0,GasA,TA,Y,SBrkr,546,546,0,1092,0.0,0.0,1,1,3,1,TA,6,Typ,0,,CarPort,1970.0,Unf,1.0,286.0,TA,TA,Y,0,24,0,0,0,0,,,,0,4,2006,WD ,Abnorml,71000,65.01831501831502,mid,80.15601474190431,10,1,36,36,1638.0,1.5,20
2921,2922,923229110,90,RL,55.0,12640,Pave,,IR1,Lvl,AllPub,Inside,Gtl,Mitchel,Norm,Norm,Duplex,1Story,6,5,1976,1976,Gable,CompShg,Plywood,Plywood,,0.0,TA,TA,CBlock,TA,TA,Gd,Rec,936.0,LwQ,396.0,396.0,1728.0,GasA,TA,Y,SBrkr,1728,0,0,1728,0.0,0.0,2,0,4,2,TA,8,Typ,0,,Attchd,1976.0,Unf,2.0,574.0,TA,TA,Y,40,0,0,0,0,0,,,,0,7,2006,WD ,Normal,150900,87.32638888888889,mid,122.3521291850371,18,1,30,30,3456.0,2.0,30
2922,2923,923230040,90,RL,63.0,9297,Pave,,Reg,Lvl,AllPub,Inside,Gtl,Mitchel,Norm,Norm,Duplex,1Story,5,5,1976,1976,Gable,CompShg,Plywood,Plywood,,0.0,TA,TA,CBlock,TA,TA,No,ALQ,1606.0,Unf,0.0,122.0,1728.0,GasA,TA,Y,SBrkr,1728,0,0,1728,2.0,0.0,2,0,4,2,TA,8,Typ,0,,Detchd,1976.0,Unf,2.0,560.0,TA,TA,Y,0,0,0,0,0,0,,,,0,7,2006,WD ,Family,188000,108.79629629629629,mid,122.3521291850371,18,1,30,30,3456.0,4.0,25
2923,2924,923250060,20,RL,80.0,17400,Pave,,Reg,Low,AllPub,Inside,Mod,Mitchel,Norm,Norm,1Fam,1Story,5,5,1977,1977,Gable,CompShg,BrkFace,BrkFace,,0.0,TA,TA,CBlock,TA,TA,No,ALQ,936.0,Unf,0.0,190.0,1126.0,GasA,Fa,Y,SBrkr,1126,0,0,1126,1.0,0.0,2,0,3,1,TA,5,Typ,1,Gd,Attchd,1977.0,RFn,2.0,484.0,TA,TA,P,295,41,0,0,0,0,,,,0,5,2006,WD ,Normal,160000,142.09591474245116,mid,122.3521291850371,18,0,29,29,2252.0,3.0,25
2924,2925,923251180,20,RL,160.0,20000,Pave,,Reg,Lvl,AllPub,Inside,Gtl,Mitchel,Norm,Norm,1Fam,1Story,5,7,1960,1996,Gable,CompShg,VinylSd,VinylSd,,0.0,TA,TA,CBlock,TA,TA,No,ALQ,1224.0,Unf,0.0,0.0,1224.0,GasA,Ex,Y,SBrkr,1224,0,0,1224,1.0,0.0,1,0,4,1,TA,7,Typ,1,TA,Detchd,1960.0,Unf,2.0,576.0,TA,TA,Y,474,0,0,0,0,0,,,,0,9,2006,WD ,Abnorml,131000,107.02614379084967,mid,122.3521291850371,18,1,46,10,2448.0,2.0,35
2925,2926,923275080,80,RL,37.0,7937,Pave,,IR1,Lvl,AllPub,CulDSac,Gtl,Mitchel,Norm,Norm,1Fam,SLvl,6,6,1984,1984,Gable,CompShg,HdBoard,HdBoard,,0.0,TA,TA,CBlock,TA,TA,Av,GLQ,819.0,Unf,0.0,184.0,1003.0,GasA,TA,Y,SBrkr,1003,0,0,1003,1.0,0.0,1,0,3,1,TA,6,Typ,0,,Detchd,1984.0,Unf,2.0,588.0,TA,TA,Y,120,0,0,0,0,0,,GdPrv,,0,3,2006,WD ,Normal,142500,142.073778664008,mid,122.3521291850371,18,0,22,22,2006.0,2.0,36
2926,2927,923276100,20,RL,,8885,Pave,,IR1,Low,AllPub,Inside,Mod,Mitchel,Norm,Norm,1Fam,1Story,5,5,1983,1983,Gable,CompShg,HdBoard,HdBoard,,0.0,TA,TA,CBlock,Gd,TA,Av,BLQ,301.0,ALQ,324.0,239.0,864.0,GasA,TA,Y,SBrkr,902,0,0,902,1.0,0.0,1,0,2,1,TA,5,Typ,0,,Attchd,1983.0,Unf,2.0,484.0,TA,TA,Y,164,0,0,0,0,0,,MnPrv,,0,6,2006,WD ,Normal,131000,145.23281596452327,mid,122.3521291850371,18,0,23,23,1766.0,2.0,25
2927,2928,923400125,85,RL,62.0,10441,Pave,,Reg,Lvl,AllPub,Inside,Gtl,Mitchel,Norm,Norm,1Fam,SFoyer,5,5,1992,1992,Gable,CompShg,HdBoard,Wd Shng,,0.0,TA,TA,PConc,Gd,TA,Av,GLQ,337.0,Unf,0.0,575.0,912.0,GasA,TA,Y,SBrkr,970,0,0,970,0.0,1.0,1,0,3,1,TA,6,Typ,0,,,,,0.0,0.0,,,Y,80,32,0,0,0,0,,MnPrv,Shed,700,7,2006,WD ,Normal,132000,136.08247422680412,mid,122.3521291850371,18,0,14,14,1882.0,1.5,25
2928,2929,924100070,20,RL,77.0,10010,Pave,,Reg,Lvl,AllPub,Inside,Mod,Mitchel,Norm,Norm,1Fam,1Story,5,5,1974,1975,Gable,CompShg,HdBoard,HdBoard,,0.0,TA,TA,CBlock,Gd,TA,Av,ALQ,1071.0,LwQ,123.0,195.0,1389.0,GasA,Gd,Y,SBrkr,1389,0,0,1389,1.0,0.0,1,0,2,1,TA,6,Typ,1,TA,Attchd,1975.0,RFn,2.0,418.0,TA,TA,Y,240,38,0,0,0,0,,,,0,4,2006,WD ,Normal,170000,122.39020878329734,mid,122.3521291850371,18,0,32,31,2778.0,2.0,25
2929,2930,924151050,60,RL,74.0,9627,Pave,,Reg,Lvl,AllPub,Inside,Mod,Mitchel,Norm,Norm,1Fam,2Story,7,5,1993,1994,Gable,CompShg,HdBoard,HdBoard,BrkFace,94.0,TA,TA,PConc,Gd,TA,Av,LwQ,758.0,Unf,0.0,238.0,996.0,GasA,Ex,Y,SBrkr,996,1004,0,2000,0.0,0.0,2,1,3,1,TA,9,Typ,1,TA,Attchd,1993.0,Fin,3.0,650.0,TA,TA,Y,190,48,0,0,0,0,,,,0,11,2006,WD ,Normal,188000,94.0,high,117.08718980549966,4,1,13,12,2996.0,2.5,35
